title,views,likes,comment_count,duration,upload_time,is_vod
I might have a future in voice acting...,104984,5916,54,PT54S,2026-08-16T23:02:44Z,False
I don't think I'm good at this voice acting thing...,2926891,80767,300,PT12S,2026-08-16T02:25:13Z,False
🟠WORLDS GREATEST VOICE ACTOR🟠,140676,2298,87,PT3H10M19S,2026-08-16T00:35:45Z,True
do NOT put me in high stress situations...,368534,10364,121,PT28S,2026-08-15T06:12:10Z,False
They Remade My Favorite Childhood Game. It's impossible,573201,14761,607,PT58M11S,2026-08-15T03:45:17Z,False
THE END🤥BEATING LIES OF P🤥 !LoP #sponsored,91335,1065,43,PT3H7M29S,2026-08-14T23:06:14Z,True
🤥STREAM ENDS WHEN I BEAT LIES OF P🤥 !LoP #sponsored,106939,916,10,PT11H54M50S,2026-08-14T20:16:41Z,True
And don't EVER question my gaming skills.,147678,4214,58,PT37S,2026-08-14T16:48:47Z,False
🤥STREAM ENDS WHEN I BEAT LIES OF P🤥 !LoP #sponsored,194460,1670,15,PT11H20M17S,2026-08-14T08:26:08Z,True
How well can streamers tell time??,800428,17099,170,PT33S,2026-08-14T05:01:42Z,False
🤥STREAM ENDS WHEN I BEAT LIES OF P🤥 !LoP #sponsored,145567,1264,4,PT11H22M17S,2026-08-13T21:09:13Z,True
🤥STREAM ENDS WHEN I BEAT LIES OF P🤥 !LoP #sponsored,269317,2944,45,PT11H20S,2026-08-13T10:37:14Z,True
I dont know what I expected...,1656269,41632,235,PT18S,2026-08-13T04:37:53Z,False
Whatever it takes.,973908,34672,143,PT40S,2026-08-12T16:42:07Z,False
🚶BIG games WITH friends :) 🚶,171996,1820,20,PT5H51M18S,2026-08-12T01:05:42Z,True
The one and only...,2202536,51218,205,PT30S,2026-08-11T03:08:36Z,False
💃GAMES WITH SQUEEX💃LESLIE💃RAE💃,246638,3502,55,PT5H39M33S,2026-08-11T01:52:45Z,True
Do you think he'll notice...?,1768547,66801,408,PT15S,2026-08-10T17:42:00Z,False
PRO GAMER REACTS,130735,1277,24,PT4H45M48S,2026-08-09T23:25:42Z,True
🔴BIG REACTS🔴GETTING MY CS2 RANK🔴,151377,1610,31,PT4H57M55S,2026-08-09T04:07:25Z,True
I Ran a Contest to Find the Best Minecraft Player in the World,922236,33169,907,PT34M34S,2026-08-09T04:05:57Z,False
That's my fiancée bro...,927370,23775,130,PT22S,2026-08-08T10:49:13Z,False
💀BIG REACTS💀BIG GAMES💀DEADLOCK TODAY💀,193052,2050,51,PT6H27M22S,2026-08-08T03:21:12Z,True
I think he seriously misunderstands how this works…,2840051,72963,230,PT24S,2026-08-07T08:48:34Z,False
🕸️ DOMINATING IN MARVEL Tōkon: Fighting Souls #ad 🕸️ !marvel,231895,2259,42,PT9H10M48S,2026-08-07T04:26:57Z,True
He almost got away with it...,3479728,85859,229,PT44S,2026-08-06T08:11:17Z,False
🌍STREAMER GAMES RECAP🌍,179228,2903,126,PT3H4M39S,2026-08-06T04:12:43Z,True
How I Accidentally Became a Chinese Movie Star,932447,42647,1762,PT30M2S,2026-08-06T04:00:36Z,False
The Tungsten Cube Challenge is back at streamer games...,3894348,96689,1266,PT40S,2026-08-05T06:30:14Z,False
You've never been a Penalty kick like this before...,2764416,41164,569,PT23S,2026-08-04T03:35:15Z,False
🌍STREAMER GAMES 2026🌍RED BULL🏆!ATT🥇!Alienware🏟,950638,15925,591,PT7H25M23S,2026-08-03T04:47:19Z,True
Professional level Simon says is insane…,2659396,68479,468,PT31S,2026-08-03T02:29:50Z,False
There’s levels to the tungsten cube toss…,2175053,46799,304,PT28S,2026-08-03T00:10:06Z,False
The bigger they are…,4067774,65771,299,PT26S,2026-08-02T07:56:05Z,False
🌍STREAMER GAMES 2026🌍RED BULL🏆!ATT🥇!Alienware🏟️,1119689,20154,814,PT6H56M18S,2026-08-02T04:32:53Z,True
I Played Meccha Chameleon in Real Life,1599946,90400,2416,PT17M8S,2026-08-01T00:29:47Z,False
They're lucky i'm not competing this year...,1413963,50172,476,PT27S,2026-07-31T22:59:50Z,False
I just didn't know what to do with myself...,2199397,61209,134,PT19S,2026-07-31T20:38:00Z,False
I really didn't know what to expect...,2956024,106271,550,PT39S,2026-07-31T07:40:57Z,False
I found myself in Road to Empress 2...,2290076,67606,388,PT24S,2026-07-31T04:33:31Z,False
WATCHING MY CHINESE ACTING 🎭 STREAMER GAMES DRAMA 🎭 !streamergames,192939,2792,78,PT4H34M4S,2026-07-31T01:19:09Z,True
🐉BEATING ROAD TO EMPRESS 2 AND WATCHING MY SCENE 🐉 !streamergames,243732,2988,101,PT6H53M49S,2026-07-30T06:17:48Z,True
Someone's gotta show him how it's done,1342976,65279,511,PT41S,2026-07-30T06:16:49Z,False
🐉CONTINUING ROAD TO EMPRESS 2🐉 !streamergames,192461,2700,188,PT4H34M36S,2026-07-29T07:08:57Z,True
What are friends for....,1154430,33074,124,PT33S,2026-07-29T06:55:11Z,False
I threw the worlds heaviest tungsten cube…,1725222,60013,371,PT36S,2026-07-28T08:40:49Z,False
🐉ROAD TO EMPRESS 2🐉!Streamergames,227841,3560,124,PT3H21M41S,2026-07-28T02:48:22Z,True
okay maybe that's my bad,3954275,136688,551,PT41S,2026-07-27T06:44:10Z,False
🕹️BETTER THAN SQUEEX AT MARVEL Tōkon: Fighting Souls🕹️!marvel #ad,119652,1267,41,PT2H29M57S,2026-07-27T04:11:18Z,True
Why didn't you tell me...,1780162,46144,663,PT17S,2026-07-26T07:24:10Z,False
Forcing Pro Gamers to Compete on my Gameshow,1470862,53280,2439,PT53M34S,2026-07-26T04:45:45Z,False
Chat called me out. I proved them wrong,480490,13787,717,PT39M40S,2026-07-25T01:36:51Z,False
🖱️VALORANT VS THE WORLD🖱️ !streamergames,186280,1972,22,PT5H6M4S,2026-07-25T00:23:57Z,True
It's got something for everyone!,1588558,29650,641,PT1M37S,2026-07-24T22:34:03Z,False
I thought I was good at games...,425223,16640,379,PT40S,2026-07-24T02:54:20Z,False
Tyler1 Challenged Me. Big mistake.,912066,47761,1696,PT22M30S,2026-07-24T02:25:22Z,False
🏅STREAMER GAMES REVEAL🏅!Streamergames,180657,4178,386,PT55M20S,2026-07-24T02:07:58Z,True
🕹️ SPEEDRUNNING EVERY VIDEO GAME EVER 🕹️ !streamergames,191524,2333,38,PT3H50M22S,2026-07-24T00:09:33Z,True
How to deal with hate farming,624306,23936,195,PT31S,2026-07-23T07:15:09Z,False
REACTS 🔴 FIRING OSCS🔴 !streamergames,310861,4119,57,PT5H2M22S,2026-07-23T05:15:50Z,True
How to Get Ahead of 99% of Streamers,360251,17963,828,PT1H49M17S,2026-07-22T17:38:33Z,False
I guess that's my fault,1391029,46396,231,PT19S,2026-07-22T08:12:46Z,False
👨‍🏫PROFESSOR L RECAPS STREAMER U 👨‍🏫GAMES WITH FUSLIE SQUEEX RAE 👨‍🏫!streamergames,348377,5952,101,PT4H53M16S,2026-07-22T05:30:25Z,True
It was an honor being your Professor L,1655617,77361,352,PT39S,2026-07-21T03:05:36Z,False
NO ONE scams Professor L,4179795,140638,430,PT35S,2026-07-21T00:27:49Z,False
🍎PROFESSOR L's LAST DAY AT STREAMER U🍎!Streamergames,667632,9210,132,PT9H30M30S,2026-07-20T01:28:35Z,True
Learn from my mistakes,5251620,167129,702,PT33S,2026-07-20T01:09:27Z,False
I just didn’t expect to be so targeted…,1663452,36576,233,PT20S,2026-07-19T20:31:46Z,False
Michael reeves big secret…,4678940,105237,282,PT28S,2026-07-19T10:49:19Z,False
🧑‍🏫PROFESSOR L 'S STREAMER U SURVIVAL GUIDE🧑‍🏫,689496,9336,124,PT11H19M,2026-07-19T03:03:33Z,True
A good artist copies…,1994947,62570,295,PT27S,2026-07-19T00:17:17Z,False
I run a tight ship at streamer U…,2088595,51273,188,PT33S,2026-07-18T19:35:59Z,False
I almost quit.,2175591,77640,322,PT34S,2026-07-18T08:50:37Z,False
I Regraded All My Pokemon Cards,1429502,37406,1796,PT49M4S,2026-07-18T01:53:02Z,False
It’s harder than you’d think…,1702257,58799,332,PT38S,2026-07-17T23:00:01Z,False
I don’t want to be the one to say this but…,4118477,147754,982,PT31S,2026-07-17T20:12:27Z,False
🤓PROFESSOR L IS IN TROUBLE🤓,370994,8400,190,PT4H32M9S,2026-07-17T18:57:15Z,True
Every new streamer needs to know this.,2157417,85458,442,PT43S,2026-07-17T09:37:53Z,False
I’m already getting into fights at streamer U…,11099895,343524,1004,PT42S,2026-07-17T06:37:34Z,False
📝PROFESSOR L TAKES OVER STREAMER U📝 !secretsauce !gleep,560423,8970,149,PT7H57M49S,2026-07-16T22:27:52Z,True
I think he's not over the proposal...,738424,19557,84,PT15S,2026-07-16T08:31:00Z,False
They're a problem.,820512,24807,131,PT51S,2026-07-15T08:19:26Z,False
Forcing Artists to Play Meccha Chameleon is Awesome,1248850,31587,494,PT23M54S,2026-07-14T07:46:32Z,False
She can never know the truth…,3963703,103267,345,PT15S,2026-07-14T06:30:20Z,False
🏴‍☠️ DESTROYING MAN O' WAR SHIP🏴‍☠️,138572,1445,32,PT6H37M36S,2026-07-14T06:03:22Z,True
I think it was kinda nice....,595973,17396,96,PT29S,2026-07-13T20:14:59Z,False
🔱ENGAGED IN DRAMA🔱EXPOSING ALL🔱,236337,2268,60,PT8H12M,2026-07-13T08:04:56Z,True
Maybe that part of the proposal could’ve been workshopped a bit…,2303917,40346,165,PT23S,2026-07-12T07:44:26Z,False
I Tried Every YouTuber Product,1595965,37670,1170,PT31M57S,2026-07-12T04:13:07Z,False
ENGAGED 💍 GAMING WITH ❤️ @Squeex  ❤️ .... and @fuslie  and @Valkyrae  ig !streamergames !secretsauce,350766,6399,202,PT5H8M52S,2026-07-11T03:33:02Z,True
How I cheated my opening pitch...,4625000,121510,1028,PT40S,2026-07-10T04:35:18Z,False
Teamwork makes the dream work,713679,17082,31,PT30S,2026-07-09T07:38:58Z,False
LEGO DRAMA ➡️ I GOT MY POKEMON CARDS GRADED !streamergames,210386,2638,95,PT8H44M39S,2026-07-09T04:48:50Z,True
There's 2 types of hiders...,297741,6154,24,PT25S,2026-07-07T03:31:30Z,False
Maybe I deserved this…,451959,8474,55,PT22S,2026-07-05T03:34:09Z,False
🔫 VALORANT TRAINING ARC 🔫,195497,2000,40,PT4H58M11S,2026-07-04T00:12:22Z,True
How I got on the Jumbotron,816513,43048,520,PT1M26S,2026-07-03T09:03:22Z,False
New spots just dropped…,1504028,34342,61,PT35S,2026-07-03T06:36:01Z,False
Your stream ideas suck,591215,18259,473,PT16M35S,2026-07-02T23:40:09Z,False
🎨HYPER COMPETITIVE MECCHA CHAMELEON LOBBY🎨,260952,3311,81,PT2H50M33S,2026-07-02T22:49:21Z,True
I've learned my lesson,1314919,31600,85,PT28S,2026-07-02T07:26:12Z,False
You guys aren’t ready…,1519252,36122,160,PT24S,2026-07-01T06:44:09Z,False
❤️ TRYING YOUTUBER PRODUCTS WITH MY lover ❤️,198611,3196,134,PT2H49M56S,2026-07-01T00:25:32Z,True
HOW GOOD AM I AT STREET FIGHTER REALLY?,114365,1815,79,PT3H2M31S,2026-06-30T05:03:54Z,True
I don’t know where I went wrong…,1524006,42173,126,PT32S,2026-06-30T03:47:17Z,False
I Forced Artists to Play Meccha Chameleon,3776127,94299,1375,PT24M5S,2026-06-29T04:49:58Z,False
It’s on the tip of my tongue…,405799,9075,36,PT41S,2026-06-29T04:13:25Z,False
Additional is hard…,557195,11615,316,PT35S,2026-06-28T10:37:08Z,False
🕹️ LIVE WITH RIVALS OF AETHER 2 AT EVO 2026 🕹️,72219,886,16,PT4H2M29S,2026-06-28T05:19:28Z,True
🕹️ FRIDAY NIGHT SHOWDOWN VS TYLER1 🕹️,104106,1742,122,PT2H18M49S,2026-06-27T04:57:04Z,True
He talked trash and...,801680,30678,254,PT58S,2026-06-27T00:43:16Z,False
That's one way to learn who your friends are...,2133868,60093,227,PT52S,2026-06-25T23:05:16Z,False
🎨GIANT MECCHA CHAMELEON LOBBY WITH ARTISTS🎨5 PM PT,306594,3803,120,PT4H18M4S,2026-06-25T02:59:57Z,True
Playing Steam Games No One Plays,1104825,29937,988,PT28M23S,2026-06-24T15:00:25Z,False
It's at least a close second,2465647,60979,153,PT25S,2026-06-24T07:24:53Z,False
There's levels to this...,2597149,57349,209,PT24S,2026-06-23T07:01:29Z,False
SMOSH broke my gameshow,2655826,115517,5205,PT1H51S,2026-06-23T00:23:51Z,False
Maybe I'm a bad person...,718584,15801,61,PT34S,2026-06-22T18:27:02Z,False
I really thought it’d work…,1680266,37635,86,PT31S,2026-06-22T05:43:17Z,False
"SEMI FINALS🏅MINECRAFT WORLD CHAMPIONSHIP🏅 Powered by Red Bull, !AT&T,@AlienwareChannel !sweeps",177616,2601,44,PT5H44M55S,2026-06-21T22:08:45Z,True
The sweats are RUINING this game...,2470107,53840,207,PT35S,2026-06-21T08:49:00Z,False
"🏅MINECRAFT MCSR WORLD CHAMPIONSHIP🏅 Red Bull, !AT&T, @AlienwareChannel !sweeps !bracket",263619,2977,75,PT10H24M12S,2026-06-21T02:50:06Z,True
I don't know how he keeps getting away with it...,323147,5498,28,PT26S,2026-06-20T09:24:32Z,False
I'm a Hide and Seek Champion,2182130,60132,606,PT24M7S,2026-06-20T03:34:23Z,False
"✨GAMING WITH LESLIE, RAE, AND SQUEEX✨",227288,2786,66,PT4H57M2S,2026-06-20T01:14:22Z,True
What gave it away???,606593,8055,32,PT16S,2026-06-19T22:23:09Z,False
I might be blind…,398791,8434,55,PT30S,2026-06-19T08:51:34Z,False
Wikipedia Speedruns are insane,1468095,35605,677,PT27M55S,2026-06-19T01:56:25Z,False
🎨BIGGEST MECCHA CHAMELEON LOBBY 🎨,378878,4964,103,PT4H52M46S,2026-06-19T00:45:15Z,True
Possibly the best hiding spot i've ever made...,1434994,20904,43,PT20S,2026-06-18T23:34:01Z,False
He won’t let me have any fun…,4308707,87595,135,PT19S,2026-06-18T08:32:29Z,False
🎮 GOD GAMER GAUNTLET 🎮,142443,1343,46,PT5H23M17S,2026-06-18T04:24:35Z,True
The game will never be the same.,535565,11470,56,PT24S,2026-06-18T03:50:34Z,False
🎨 MECCHA CHAMELEON WITH FRIENDS :) 🎨,287240,3889,170,PT5H45M34S,2026-06-17T04:37:22Z,True
The most valuable thing I'll ever own...,3680187,70426,648,PT23S,2026-06-16T06:50:07Z,False
He might be the Lebron of this...,1099825,22881,95,PT25S,2026-06-15T06:31:03Z,False
⚠️ BRO V BRO AGAINST A VIEWER ⚠️,124025,1860,57,PT2H15M,2026-06-15T00:50:47Z,True
so we're just lying now...,4094016,117712,280,PT25S,2026-06-14T10:18:10Z,False
⚾UNBAN FORMS⚾REACT⚾GOD GAMER GAUNTLET⚾COOTER GOT HIS FASTBALL BACK⚾,94939,1100,18,PT4H21M36S,2026-06-14T03:37:14Z,True
And that's what we call impact,1830823,41005,169,PT28S,2026-06-12T22:54:02Z,False
We've all got that one friend...,2293687,57317,244,PT25S,2026-06-12T05:37:24Z,False
🤏GAMES WITH friends :)🤏COFFEEZILLA REACT🤏NEW GAME DROPPED🤏!ultrapool,173337,1987,74,PT6H5M43S,2026-06-12T01:08:17Z,True
"For some reason I just don't believe him...,",5267247,149715,320,PT33S,2026-06-11T05:23:51Z,False
🏳️‍🌈 GAMING WITH 🤢️ @fuslie  🤢️ ❤️ @Squeex  ❤️ AND 🤮 @Valkyrae  🤮 🏳️‍🌈  !ultrapool !roadtoempress,196261,2345,74,PT7H8M32S,2026-06-11T05:07:47Z,True
Bet you didn't think about that possibility huh.,1181792,30124,165,PT26S,2026-06-10T08:33:16Z,False
The Beat Off 2026,867562,33254,1484,PT55M32S,2026-06-10T06:49:17Z,False
🔑1V1 LEAGUE TOURNAMENT FT. tyler1🔑KINGDOM HEARTS 4🔑WOW🔑 !ultrapool !roadtoempress,138537,1220,39,PT6H17M52S,2026-06-10T01:16:41Z,True
🏃 WIKI RACE DAY 🏃 !ultrapool,131031,1446,28,PT6H7M35S,2026-06-09T04:08:43Z,True
okay hurtful...,3124347,59766,354,PT17S,2026-06-09T03:32:42Z,False
you'd think I'd learn my lesson by now,6271175,133414,314,PT26S,2026-06-08T06:49:38Z,False
💎NEW GAME ANNOUNCEMENT💎GOD GAMER GAUNTLET RUN💎 !ultrapool,106962,1140,19,PT5H28M11S,2026-06-08T00:39:40Z,True
Maybe not the best snack choice...,1528189,33898,252,PT22S,2026-06-07T07:00:16Z,False
What are friends for ...,771598,13402,82,PT23S,2026-06-06T08:58:53Z,False
🎱UNBAN FORMS🎱SUMMER GAME FEST BINGO !ultrapool,125440,1291,31,PT3H58M21S,2026-06-06T00:43:47Z,True
The greatest gift I’ve ever received…,1362352,51094,132,PT36S,2026-06-05T07:44:19Z,False
🎱FSLR GAMING NIGHT 🎱 WE RELEASED A NEW GAME🎱!ultrapool,197846,2348,45,PT7H6M58S,2026-06-05T05:04:00Z,True
You've either got it or you don't...,503538,10008,100,PT23S,2026-06-05T02:30:51Z,False
"The $200,000 Lego Situation is Insane",1041359,29488,1858,PT2H27M17S,2026-06-04T19:00:40Z,False
Maybe we're getting a bit ahead of ourselves here...,2502013,42639,89,PT20S,2026-06-04T03:14:33Z,False
We gotta do something about this…,768305,15811,203,PT23S,2026-06-03T08:25:43Z,False
GOD GAMER GAUNTLET THEN 1V1ING CHAT,112730,1158,29,PT5H20M,2026-06-03T06:16:53Z,True
Confronting My Biggest Hater,1033507,30082,794,PT30M7S,2026-06-03T06:11:08Z,False
I’m glad we finally got to talk about it…,3468982,66186,479,PT33S,2026-06-02T07:35:06Z,False
EXPLORING THE DRAMA OF LEGOS,231256,4027,342,PT5H59M31S,2026-06-02T05:33:21Z,True
REACT TIME,102000,930,20,PT3H55M21S,2026-06-01T00:17:12Z,True
It’s like he’s got a devil on his shoulder,1279906,33039,103,PT34S,2026-05-31T08:14:39Z,False
It gets to a point…,159111,4666,32,PT36S,2026-05-30T09:02:36Z,False
GameCube's Hardest Game Almost Broke Me,699281,19131,706,PT33M41S,2026-05-30T05:02:16Z,False
TODAY WE WIN CS2 💥ATT ANNHILATOR CUP FINALE💥  !Leaderboard !Giveaway,231017,2169,83,PT8H3M31S,2026-05-29T05:11:50Z,True
Finally speaking the truth,490721,7960,77,PT27S,2026-05-28T21:49:57Z,False
😈BRAND NEW GAME RELEASE😈CS2 PRACTICE WITH TEAM AFTER😈,101066,1155,27,PT4H2M37S,2026-05-28T05:09:26Z,True
I finally proved them wrong...,341910,5507,138,PT41S,2026-05-28T03:34:13Z,False
I discovered a secret,168859,3023,48,PT23S,2026-05-27T23:44:50Z,False
I guess that’s my fault…,2181293,56206,352,PT34S,2026-05-27T08:04:55Z,False
HUSTLING DUMB STREAMERS InvincibleVS Available Now! !invincibleVS #sponsored,90850,1235,38,PT2H41M1S,2026-05-27T04:17:14Z,True
My problem with tyler1,636003,15610,142,PT31S,2026-05-27T00:34:29Z,False
Did I just make the song of the summer…?,1730340,46196,416,PT43S,2026-05-26T07:23:33Z,False
🔮SLAY THE SPIRE 2 TOURNAMENT🔮I NEED YOUR HELP PLEASE IM SO ASS🔮,114902,1093,27,PT4H43M28S,2026-05-26T00:54:29Z,True
This was just a tough loss all around...,6739728,124948,413,PT16S,2026-05-25T06:52:43Z,False
"How I Masterfully Won a $50,000 Geoguessr Tournament",1758969,49728,834,PT15M9S,2026-05-25T02:53:31Z,False
👑MINECRAFT CHAMPIONSHIP LCQ👑ROCKET LEAGUE GRAND FINALS👑,77094,821,8,PT3H33M5S,2026-05-24T18:59:59Z,True
It’s like he doesn’t even care…,1382065,24199,255,PT38S,2026-05-24T07:45:02Z,False
🕹️GOD GAMER GAUNTLET 🕹️,133668,1434,28,PT5H26M20S,2026-05-23T22:49:15Z,True
🔊SECOND ANNUAL YARD BEAT OFF🔊TRYING FOR REAL🎶FIRST PLACE GUARENTEED🎶,284060,4687,234,PT6H27M21S,2026-05-23T02:56:44Z,True
She called her mom during my gameshow???,763712,18884,369,PT35S,2026-05-22T07:23:42Z,False
TODAY WE WIN 2XKO 💥ATT ANNHILATOR CUP💥  !Leaderboard !Giveaway,177424,1826,39,PT6H9M46S,2026-05-22T03:54:03Z,True
I thought it was pretty self explanatory…,1824998,48631,294,PT38S,2026-05-21T08:02:33Z,False
Forcing My Haters to Compete on my gameshow,1832374,63919,2862,PT49M46S,2026-05-20T22:17:33Z,False
UNBAN FORM BINGO💥REACTS💥GOD GAMER GAUNTLET RUNS💥,130511,1385,36,PT6H40M,2026-05-20T06:10:38Z,True
Maybe I shouldn't have lied to him...,17098784,312273,465,PT26S,2026-05-19T07:18:09Z,False
THE GREATEST FIGHTING GAME EVER MADE! InvincibleVS Available Now! !invincibleVS #sponsored,94795,1170,21,PT3H49M50S,2026-05-19T04:29:12Z,True
So maybe that was a bit rude.,2786996,76118,141,PT20S,2026-05-18T10:19:14Z,False
FINAL DAY💎MINECRAFT PLAYOFFS ⛏️!minecraft💎,134154,1636,34,PT5H58M10S,2026-05-17T21:22:58Z,True
No mercy.,606936,11369,77,PT18S,2026-05-17T07:53:57Z,False
Do Pro Gamers Have Good Aim IRL?,730743,24935,701,PT17M29S,2026-05-17T05:50:28Z,False
"TOP 8 | PIT STOP 2026 | RIVALS 2 $5,000 TOURNAMENT",27995,280,4,PT2H34M24S,2026-05-17T04:03:49Z,True
"PIT STOP 2026 | RIVALS 2 $5,000 TOURNAMENT",134939,1438,18,PT10H4M38S,2026-05-17T01:44:03Z,True
GAMES WITH friends :),201339,1703,43,PT11H37M,2026-05-16T07:18:41Z,True
She fooled me...,7881284,238388,613,PT23S,2026-05-16T07:12:42Z,False
GAMES WITH friends :) 2,36100,597,26,PT7M39S,2026-05-16T06:55:43Z,True
I messed up....,4828391,123033,800,PT31S,2026-05-15T08:39:28Z,False
💪GAME DAY💪AT&T ANNIHILATOR CUP 💪WINNING THE LEAGUE OF LEGENDS TOURNAMENT💪 !Leaderboard !Giveaway,225428,2243,89,PT6H26M22S,2026-05-15T04:00:57Z,True
Sometimes you need to take a leap of faith,640934,15357,61,PT45S,2026-05-14T08:13:50Z,False
"IM BACK! PLATINUM LEVEL REACTOR, GAMER, ENTREPRENEUR GETTING ACTIVE",112786,1272,28,PT5H21M37S,2026-05-14T07:18:54Z,True
I immediately blew it,668098,18173,61,PT21S,2026-05-12T07:11:54Z,False
"[DROPS ON]💰$1,000,000 JYNXZI LEAGUE OF LEGENDS TOURNAMENT 💰 PLATINUM LEGEND MAKES HIS RETURN 💰",250392,2050,52,PT6H46M13S,2026-05-12T03:57:59Z,True
I might need some help with this…,1001054,23168,198,PT23S,2026-05-11T07:32:36Z,False
💎MINECRAFT PLAYOFFS ⛏️HIGH LEVEL COMMENTARY💎,115139,1235,18,PT3H59M8S,2026-05-10T20:09:13Z,True
LilyPichu is ruining my life,553086,11382,180,PT18S,2026-05-09T20:50:52Z,False
MINECRAFT PLAYOFFS WATCHPARTY (HATING WHEN NECESSARY),113271,1443,36,PT3H37M31S,2026-05-09T20:36:31Z,True
Crossing Los Angeles With No Car (it's weirdly hard),1474082,55850,2909,PT27M2S,2026-05-09T07:07:06Z,False
"AT&T ANNIHILATOR CUP !Giveaway | COD BLACK OPS 7 !Leaderboard SQUAD: Squeex, Fuslie, Scump, Lily",148660,1819,155,PT4H4M49S,2026-05-08T02:50:53Z,True
They were too confident...,3470626,79366,577,PT59S,2026-05-06T07:56:12Z,False
We had motion in China...,1587547,39002,198,PT24S,2026-05-05T07:35:21Z,False
Streaming is different now...,1546444,31101,109,PT22S,2026-05-04T20:53:18Z,False
Almost failed the skill check...,9949189,220018,566,PT25S,2026-05-03T09:22:52Z,False
RIVALS 2 TOURNAMENT ! WINNER POV,164643,1507,17,PT8H5M56S,2026-05-02T03:29:55Z,True
This is what I get for being multilingual...,7707839,197446,510,PT29S,2026-05-01T07:46:29Z,False
BIG DAY IM BACK,142332,1596,61,PT5H13M24S,2026-05-01T02:37:53Z,True
I think I mispoke...,2158039,69594,321,PT55S,2026-04-30T08:02:12Z,False
and thats why I wont get one.,2111598,49450,721,PT25S,2026-04-29T08:28:02Z,False
what ACTUALLY happened during Tip2Tip,1052231,24054,813,PT1H59M18S,2026-04-29T04:27:37Z,False
Couldn’t be me tbh.,4072969,125058,846,PT47S,2026-04-28T07:51:53Z,False
not a podcast ft. fslr,351710,7706,283,PT1H34M35S,2026-04-28T01:42:56Z,True
She just doesn't get it,2237843,52926,432,PT31S,2026-04-27T09:43:19Z,False
"THE CS MINOR (18+) Powered by Red Bull, !AT&T, !Alienware",457677,6481,264,PT8H54M45S,2026-04-27T04:23:46Z,True
I think I know what I'm talking about...,8348306,228044,867,PT48S,2026-04-26T09:23:16Z,False
practicing with my cs squad :),134499,1422,49,PT5H49M3S,2026-04-26T04:03:38Z,True
big news,270611,5446,136,PT26S,2026-04-25T02:51:17Z,False
🗺️ GEOGUESSR TWITCH RIVALS TOURNAMENT WITH @Caedrel  🗺️,168739,2390,67,PT5H28M21S,2026-04-25T02:19:11Z,True
"No it’s fine, we just missed out on the memory of a lifetime or whatever",2865164,75574,249,PT28S,2026-04-23T07:52:33Z,False
You had to be there…,814034,19465,109,PT40S,2026-04-22T06:30:52Z,False
I didn’t think it was that tough…,800496,13643,202,PT38S,2026-04-21T08:34:36Z,False
We finally watched Tip2Tip,1548952,39415,883,PT1H29M38S,2026-04-21T06:38:31Z,False
FINAL TIP2TIP REACT STREAM FT. Niu Hanbau and P*$$y Burger,663522,8365,344,PT7H7M9S,2026-04-21T04:01:50Z,True
"He's ruining my gameshow.,..",336861,5968,121,PT42S,2026-04-20T07:21:17Z,False
10 MINUTES LEFT!!! 😱😱😱,155144,1877,50,PT5H19M5S,2026-04-20T06:22:20Z,True
WATCHING SHOPIFY REBELLION TEAR UP THE RIFT | EARLY STREAM LAST DAY OF THE CHARITY RAFFLE !auction,90627,1045,18,PT5H34S,2026-04-19T21:52:21Z,True
What are we even doing here man…,697487,14338,187,PT31S,2026-04-19T07:10:01Z,False
WINNERS POV | 800 PERSON RIVALS 2 TOURNAMENT !demonbluff !clippers !evo,104433,913,13,PT8H21M2S,2026-04-19T04:43:40Z,True
I think that still counts,413130,5244,70,PT19S,2026-04-18T07:14:07Z,False
I Forced Twitch's Dumbest Streamers to Compete in my Gameshow,2524901,75543,4384,PT58M33S,2026-04-18T01:32:29Z,False
slaying spires !demonbluff !clippers !redbullbossrush,121278,1239,24,PT5H27M19S,2026-04-18T00:23:33Z,True
It’s harder than it looks…,4388894,140458,611,PT37S,2026-04-17T08:01:15Z,False
REACTING TO WIFIES MINECRAFT VIDEO !clippers !demonbluff,168466,2351,143,PT2H58M44S,2026-04-17T05:44:47Z,True
I’m not even sure who they built this for…,116946,3496,27,PT27S,2026-04-16T10:03:54Z,False
we got kicked out of China,1428177,68723,2947,PT38M55S,2026-04-15T15:30:34Z,False
I told you i was fluent in Chinese.,1943797,53453,284,PT55S,2026-04-15T11:11:51Z,False
REACTING TO TIP2TIP WITH MICHAEL AGAIN,798069,11169,363,PT7H5M24S,2026-04-15T02:40:01Z,True
How Ludwig got his ult,1256431,26816,293,PT35S,2026-04-14T07:35:31Z,False
I really thought I was speaking fluent…,1270018,32839,229,PT24S,2026-04-14T01:25:19Z,False
FIGURING OUT WHERE WE SHOULD DO TIP3TIP,280246,4001,1181,PT1H59M55S,2026-04-13T03:13:19Z,True
How I Scammed MrBeast Again,871434,27136,882,PT39M49S,2026-04-13T02:29:47Z,False
it's not actually that bad is it,6052292,102477,497,PT16S,2026-04-12T07:34:42Z,False
I hope I don't regret this,1474722,43682,167,PT18S,2026-04-11T06:16:42Z,False
TIP2TIP REACT STREAM FT. Niu Hanbau and P*$$y Burger !auction !VS,1502426,25125,776,PT7H3M24S,2026-04-11T06:06:26Z,True
He's just too cool,958514,22927,303,PT23S,2026-04-10T07:00:39Z,False
I tried my best,1091065,25377,163,PT27S,2026-04-09T01:46:17Z,False
We met the best English speaker in China...,1689230,58803,613,PT33S,2026-04-08T06:18:58Z,False
We Crossed China With No Map,1433937,109898,7667,PT29M7S,2026-04-07T22:58:15Z,False
I just thought it'd be bigger...,2613609,65785,243,PT35S,2026-04-07T16:44:49Z,False
Michael discovers an infinite money glitch,4203504,119696,1467,PT28S,2026-04-07T04:43:44Z,False
we got lost in China,1625690,71431,3519,PT46M46S,2026-04-06T20:31:25Z,False
MrBeast has too much money...,5023374,143004,469,PT37S,2026-04-06T05:49:51Z,False
Michael wastes his ult,3182607,104358,375,PT19S,2026-04-06T00:27:41Z,False
REACTING TO MRBEAST LIVE !briefcase !china,498266,6753,211,PT4H54M52S,2026-04-05T20:00:45Z,True
we went on a date,1669230,75155,2905,PT49M40S,2026-04-05T19:42:11Z,False
REACTING TO MRBEAST LIVE !briefcase !china,51134,551,17,PT47M5S,2026-04-05T16:50:57Z,True
Ludwig befriends a child in China,5311350,190019,700,PT32S,2026-04-05T06:12:37Z,False
we joined a Chinese biker gang,1689397,69405,3077,PT45M17S,2026-04-04T22:20:44Z,False
I'm doing my part,1017748,29365,289,PT26S,2026-04-04T19:37:00Z,False
we were led astray...,451358,10572,44,PT31S,2026-04-04T07:27:37Z,False
Ludwig finds his big brother in China,516501,13981,121,PT19S,2026-04-04T01:35:56Z,False
best meal we’ve had in China,1757389,78080,3787,PT40M45S,2026-04-03T22:49:56Z,False
Ludwig is a professional negotiator,3177115,88792,940,PT23S,2026-04-03T01:00:27Z,False
driving on China’s worst road,1751874,73371,3256,PT43M25S,2026-04-02T23:23:08Z,False
Ludwig doesn't understand,995530,21571,91,PT14S,2026-04-02T18:16:40Z,False
Michael owes Ludwig his life...,2639419,69480,257,PT33S,2026-04-02T07:54:55Z,False
Ludwig haggles in perfect Chinese,1570105,47775,644,PT45S,2026-04-01T21:34:32Z,False
white guy haggles in perfect Chinese,1896671,84361,5301,PT42M57S,2026-04-01T17:22:16Z,False
Ludwig and Michael are hopeless...,3971852,113820,689,PT33S,2026-04-01T06:15:12Z,False
Ludwig gets michael a special treat…,1325130,31464,225,PT32S,2026-03-31T18:00:16Z,False
Ludwig and Michael learn some Mandarin,13229516,410011,1087,PT20S,2026-03-31T07:56:27Z,False
we tried every Chinese snack,2179007,84321,4773,PT38M31S,2026-03-30T18:05:38Z,False
Michael has a special surprise...,861088,23637,174,PT19S,2026-03-30T08:52:06Z,False
Ludwig ruins everything,1019094,27000,189,PT10S,2026-03-30T04:33:31Z,False
we might have to leave China,1861319,81965,3559,PT28M15S,2026-03-29T16:49:46Z,False
I needed this confidence boost…,1694945,37675,214,PT18S,2026-03-29T03:26:32Z,False
we found a shortcut through China,1746230,80019,4189,PT26M5S,2026-03-28T17:15:34Z,False
I thought it would be easy,4202266,94510,283,PT22S,2026-03-28T09:52:59Z,False
we adopted Chinese kids,1991984,98241,4533,PT36M37S,2026-03-27T17:40:45Z,False
Why does this keep happening...,7321744,153218,797,PT17S,2026-03-27T07:18:09Z,False
Chinese Mayor invites us to his home,2311983,121171,6263,PT36M58S,2026-03-26T17:51:33Z,False
Ludwig and Michael might be hopeless.,1409843,29700,203,PT27S,2026-03-26T06:24:59Z,False
we got separated,2061348,93633,4502,PT29M45S,2026-03-25T16:24:05Z,False
We don't even know how to read the MENU...,8557991,216271,637,PT25S,2026-03-25T08:11:09Z,False
Pulled over in China,2183197,99364,4020,PT29M28S,2026-03-24T15:51:00Z,False
Making friends in China is HARD,1352320,27209,160,PT16S,2026-03-24T07:42:57Z,False
We picked up a hitchhiker,2492785,121741,6003,PT33M28S,2026-03-23T16:17:54Z,False
Our China trip is going great...,480632,12773,129,PT32S,2026-03-23T08:37:03Z,False
Trying the biggest coffee chain in China,1098471,33859,211,PT47S,2026-03-22T08:39:30Z,False
Crossing China with no map,4619044,181914,8474,PT41M30S,2026-03-22T03:23:52Z,False
Name a woman…,900223,15540,123,PT44S,2026-03-21T06:20:47Z,False
They’re RUINING my gameshow…,577950,12334,106,PT40S,2026-03-20T09:20:42Z,False
These new streamers need to go,1211931,29246,905,PT31M12S,2026-03-20T06:37:02Z,False
Can you guess the word??,519044,10783,113,PT1M3S,2026-03-19T08:30:11Z,False
My best friends ruined my gameshow,1749761,58355,2613,PT1H8M55S,2026-03-19T06:19:15Z,False
He just doesn’t get it.,547555,8525,123,PT24S,2026-03-18T07:42:50Z,False
Can I win a high school basketball tournament?,457008,16006,537,PT29M45S,2026-03-18T03:30:29Z,False
I'm officially a voice actor...,498811,15050,229,PT34S,2026-03-16T21:11:55Z,False
Ludwig from Voice Acting,292834,9580,461,PT1H22M41S,2026-03-16T19:11:32Z,False
How many average gamers does it take to beat a Fortnite pro?,1020415,27672,2326,PT35M52S,2026-03-16T05:42:04Z,False
Schlatt makes a quick call,5165510,199476,702,PT29S,2026-03-16T05:41:07Z,False
That's one way to lose a sponsor...,1165966,26506,116,PT22S,2026-03-15T07:09:45Z,False
Squeex is a terrible parent...,443310,8844,65,PT29S,2026-03-14T08:15:30Z,False
LUDWIG MUSIC CONTEST FOR TIP2TIP!! FINAL STREAM,89729,1630,124,PT1H38M37S,2026-03-13T18:52:18Z,True
Surely it was someone else,1762877,28473,205,PT21S,2026-03-13T09:42:07Z,False
💎MINECRAFT BUT IT SWAPS PLAYERS EVERY 30 SECONDS👷‍♂️WORKING CLASS VS BOURGEOISIE🤑,156661,2055,47,PT4H54M55S,2026-03-13T04:54:54Z,True
Was it something I said ?,3006490,53167,330,PT17S,2026-03-12T09:58:26Z,False
Maybe a bit hurtful...,4619480,98959,192,PT19S,2026-03-11T11:19:22Z,False
👊 BRO V BRO 👊 VS. STABLERONALDO !tip2tip,203494,3112,83,PT5H48M23S,2026-03-11T05:27:04Z,True
"""Tell her I said hey""",1117844,17753,52,PT15S,2026-03-10T11:14:00Z,False
🐉BIG ANNOUNCEMENT🐉GETTING MY ROCKET LEAGUE RANKING🐉POOKIE IS HERE,135882,1934,67,PT3H7M44S,2026-03-10T00:03:02Z,True
Surely I can't be alone here,199103,3893,80,PT17S,2026-03-09T09:46:31Z,False
I Spent 100 Days Speedrunning Minecraft. Here's what happened,1164097,36991,849,PT30M47S,2026-03-09T06:29:37Z,False
Thats my bad actually..,10195579,239703,987,PT22S,2026-03-08T10:52:56Z,False
HAHAHA I CANNOT BELIEVE THIS HAPPENED,87092,1488,118,PT1H17M13S,2026-03-08T04:15:57Z,True
It’s out there somewhere…,1282039,25486,189,PT22S,2026-03-07T09:40:49Z,False
PLAYING FORTNITE WITH THE NETHERITE BOURGEOISIE,99815,1320,63,PT4H36M13S,2026-03-07T04:49:41Z,True
What happened to doing things for “the love of the game”,1218099,18300,115,PT21S,2026-03-06T07:14:43Z,False
I Crossed Japan Without a Map,2320971,67692,2857,PT4H56M56S,2026-03-06T04:21:16Z,False
"LETTING CHAT SPEND $10,000 ON POKEMON CARDS📉📉📉",137473,1562,46,PT5H6M46S,2026-03-05T07:14:32Z,True
I feel like there’s easier ways to do this…,2033642,39453,90,PT32S,2026-03-05T06:36:03Z,False
This is the LAST TIME I let chat use TTS…,4716850,136406,505,PT27S,2026-03-04T08:31:38Z,False
"💰 $50,000 FIRST TO 100 KILL FORTNITE BATTLE VS @Clix 💰",173861,2060,31,PT6H26M20S,2026-03-04T05:41:44Z,True
They've taken everything from me. . .,1991713,42542,201,PT19S,2026-03-03T07:51:52Z,False
🤯 FREE TEXT TO SPEECH🤯MUST BEAT MINECRAFT IN ONE HOUR OR SHAVE MY HEAD🤯,164511,2358,103,PT4H19M17S,2026-03-03T06:50:40Z,True
How I Accidentally Won a Rocket League Tournament,1258224,33262,870,PT25M54S,2026-03-03T06:41:31Z,False
I WON BIG!! WE NEED TO TALK!! !CONTEST,161761,2069,70,PT4H55M58S,2026-03-02T06:16:14Z,True
Everyone has a favorite,3394048,98573,476,PT1M,2026-03-02T06:10:45Z,False
Just a lil friendly banter between besties !!,4276349,99459,414,PT26S,2026-03-01T08:44:22Z,False
No leaks here...,1063972,25792,334,PT49S,2026-02-28T08:06:33Z,False
SURPRISE STREAM FROM THE BIGGEST STREAMER IN NORTH AMERICA,142359,2554,150,PT1H31M38S,2026-02-27T18:47:55Z,True
He's ruining my life...,342614,9261,92,PT34S,2026-02-27T08:52:33Z,False
Idiot Minecrafters Get What They Deserve,840612,22764,614,PT41M55S,2026-02-27T06:29:33Z,False
#PlayGalaxy Cup: PUBG MOBILE Global Open hosted by Samsung Galaxy,16786129,2483,134,PT2H30M18S,2026-02-27T00:10:38Z,True
This says a lot about my self esteem…,151874,4924,40,PT37S,2026-02-26T09:24:47Z,False
THE INAUGURAL MCSR JERK-OFFS  EVENT! WE GO FAST AND HARD!,297610,3108,80,PT8H48S,2026-02-25T07:44:55Z,True
Maybe we gotta change these expressions a bit...,1739693,32158,93,PT38S,2026-02-25T06:38:31Z,False
I let a wheel control my life for 24 hours,1270766,38608,818,PT40M25S,2026-02-24T06:54:42Z,False
"give your prime, not to infume, but to me",161925,2041,64,PT5H31M20S,2026-02-24T05:57:02Z,True
Maybe I'm the problem...,1346209,28293,162,PT18S,2026-02-23T07:29:18Z,False
we lost the battle but not the war... the netherite's chosen one will be taken down. ⌨️🚬🔫,329024,3497,66,PT8H42M55S,2026-02-23T02:19:57Z,True
I'm tired of these streamers...,1164968,23520,136,PT25S,2026-02-22T10:11:28Z,False
⌨️ LOSERS RUN! LOST BATTLE VS THE NETHERITE CHOSEN ONE! ⌨️ MIDOFFS! COACHES: @KyleEfff & @NerdiYT,285758,3643,68,PT6H18M4S,2026-02-21T23:45:18Z,True
Everyone is praying on my downfall.,695403,21541,166,PT38S,2026-02-21T10:50:59Z,False
TODAY'S THE DAY!!! MIDOFFS TOURNAMENT!! COACHES: @KyleEfff & @NerdiYT,377876,4371,56,PT10H3M15S,2026-02-21T04:15:07Z,True
MIDOFFS TOMORROW!! WORKING CLASS GAMERS WILL RISE UP!! COACHES: @KyleEfff & @NerdiYT,150587,1783,36,PT5H35M35S,2026-02-20T08:46:50Z,True
How many points you gunna score?,825527,15572,130,PT57S,2026-02-20T02:39:25Z,False
Did you know...,210025,4487,50,PT20S,2026-02-19T08:56:56Z,False
1V1 AGAINST @SimplyN64 LOSER QUITS STREAMING FOREVER COACH:  @KyleEfff   & @NerdiYT,121294,1459,38,PT3H15M54S,2026-02-19T05:27:13Z,True
Can’t a 30 year old get excited about Minecraft???,4629772,126667,445,PT19S,2026-02-18T10:39:15Z,False
1V1 AGAINST @supertf  LOSER QUITS STREAMING FOREVER COACH: @KyleEfff & @NerdiYT,187166,2132,38,PT5H16M16S,2026-02-18T07:51:52Z,True
Maybe I should stick to minecraft...,972464,17404,127,PT18S,2026-02-17T11:58:17Z,False
PRACTICE WITH @KyleEfff  | BROS VS BROS WITH STANZ :D and feinberg...,240453,2574,46,PT8H9M34S,2026-02-17T07:35:17Z,True
Ranking Every YouTuber Food Again,1355362,34214,1258,PT41M4S,2026-02-17T07:13:16Z,False
These minecrafters better count their days...,1912456,41417,168,PT42S,2026-02-16T08:22:43Z,False
MINECRAFT PRACTICE | ROCKET LEAGUE CHAMPION,190902,2216,52,PT5H46M51S,2026-02-16T06:28:15Z,True
I told you it was worth it…,978769,18549,140,PT21S,2026-02-15T08:57:21Z,False
Never stop shooting.,706489,15534,182,PT26S,2026-02-14T07:29:54Z,False
🏀 LUDWIG'S BASKETBALL JAM 🏀 Presented by @ATT  Powered by Red Bull !AT&T,271798,4031,182,PT6H59M51S,2026-02-14T01:33:11Z,True
"Be honest, where you sitting…",4758986,110856,550,PT34S,2026-02-13T08:17:38Z,False
IF IM NOT FIRST PICK I GIVE UP🏀 DRAFT NIGHT!!! 🏀,140837,1703,36,PT3H20M54S,2026-02-13T05:08:02Z,True
🔫AM I THE GOAT GAMER?🔫YES AND ILL PROVE IT🔫,155115,1990,44,PT5H29M14S,2026-02-12T07:37:21Z,True
I feel like this is kinda my fault...,904403,27467,337,PT44S,2026-02-12T05:52:50Z,False
"I spent $70,000 for this...",2754262,72979,792,PT34S,2026-02-11T06:07:16Z,False
⛏️back to minecraft⛏️HOT FRESH DRAMA,137998,1900,53,PT4H45M54S,2026-02-11T01:14:51Z,True
I Made a Secret Minecraft Account to Destroy My Chat,724196,38845,1304,PT22M3S,2026-02-11T01:09:56Z,False
🔥VIRAL SENSATION IS BACK🔥CHUD GAMER OF THE YEAR🔥LETS TALK🔥,183081,2200,26,PT5H27M57S,2026-02-10T06:21:36Z,True
that's actually my bad...,12159870,263812,803,PT21S,2026-02-09T21:47:10Z,False
Maybe I'm just built different...,844415,37603,484,PT56S,2026-02-09T06:43:46Z,False
How many average gamers does it take to beat a Rocket League pro?,1502648,46754,1263,PT25M1S,2026-02-08T18:07:56Z,False
🎡LETTING A WHEEL CONTROL MY LIFE FOR 24 HOURS🎡!SF #StateFarmPartner,128007,2059,79,PT3H43M32S,2026-02-08T09:05:55Z,True
🎡LETTING A WHEEL CONTROL MY LIFE FOR 24 HOURS🎡!SF #StateFarmPartner,803209,4064,67,PT11H38S,2026-02-08T05:42:29Z,True
Why leave tomorrow for who you should be today,958471,49134,794,PT44S,2026-02-07T02:52:08Z,False
🏆TODAY IS THE DAY🏆GOLD IN MCSR🏆FINALLY!!!!!!🏆,269840,4757,164,PT6H12M33S,2026-02-06T07:23:35Z,True
This Might be a Mistake,1303007,37630,2519,PT33S,2026-02-06T06:54:53Z,False
FEELING POWERFUL! TAKING DOWN EVERYONE IN MY WAY!,283378,3646,81,PT7H34M17S,2026-02-05T10:52:55Z,True
How hard are field goals?,558594,18222,177,PT50S,2026-02-04T18:22:42Z,False
"I finally met my biggest fan :,)",1258931,30584,106,PT26S,2026-02-04T10:43:39Z,False
BACK TO MCSR! BACK TO COAL! HAHAHA IM DOOMED TO FAIL!!!,246695,3481,149,PT4H54M46S,2026-02-04T08:03:55Z,True
RANKING YOUTUBER PRODUCTS,163179,2645,66,PT3H28M40S,2026-02-03T06:43:22Z,True
Oh so now I'M the problem??,3021937,79592,320,PT14S,2026-02-02T22:06:08Z,False
Can I Beat a Minecraft Speedrunner With 1 Inventory Slot,1025857,34291,1142,PT37M3S,2026-02-02T06:20:21Z,False
🌟GOLD DAY🌟ITS HAPPENING🌟4 WINS AWAY🌟!MCplaylist !submit,362227,4535,106,PT8H6M31S,2026-02-02T02:44:51Z,True
i'm not THAT bad at minecraft...,1322579,46120,401,PT1M15S,2026-02-02T00:09:26Z,False
I think she's getting tired of me...,5573920,126068,1252,PT22S,2026-01-31T22:41:00Z,False
Stop saying I sound like this...,3030480,92703,190,PT12S,2026-01-31T00:28:53Z,False
Jynxzi makes a big bet,2851313,68051,363,PT29S,2026-01-31T00:26:52Z,False
Can I beat Minecraft before she kills us?,1356372,41346,1248,PT45M35S,2026-01-30T00:37:21Z,False
The Viral Minecraft Fail,2164080,67323,412,PT42S,2026-01-30T00:30:28Z,False
CHUDWIG MAKES HIS BIG BREAK TO GOLD,486960,6036,312,PT11H55M1S,2026-01-28T11:43:28Z,True
IM IN DRAMA🔕DONT CARE TIME FOR GOLD🗝️,310984,4058,104,PT5H33M20S,2026-01-27T10:23:57Z,True
Hustling Dumb Streamers for $$$,5192509,128221,508,PT29S,2026-01-27T01:10:30Z,False
How did I end up here,368522,9165,128,PT59S,2026-01-26T07:33:45Z,False
PATS/SHOPIFY WATCH PARTY! PATRIOTS GO THE SUPER??  $10K BET WITH LACY!,169074,1893,21,PT5H26M45S,2026-01-25T23:34:44Z,True
Breaking News🚨,1641231,30453,448,PT8S,2026-01-25T08:51:38Z,False
iron lolcow of minecraft,158748,2042,51,PT5H36M1S,2026-01-25T01:57:18Z,True
The Greatest Game of RPS,3844537,115777,541,PT40S,2026-01-24T09:29:10Z,False
💎⛏️LUDWIG VS FEINBERG💎⛏️LOSER QUITS MINECRAFT,189032,2833,91,PT4H7M59S,2026-01-24T03:48:18Z,True
Speedrunning the World's Hardest Terms of Service,575723,19329,398,PT25M5S,2026-01-24T03:39:33Z,False
The Worst Gamer in the World,1378413,29128,176,PT22S,2026-01-22T08:35:52Z,False
BRO VS BRO VS MY ARCH RIVAL SMALLANT !! FINALLY BEATING HIM TODAY,141028,1688,71,PT4H49M28S,2026-01-22T03:13:25Z,True
PROVING IM GOOD AT MY OWN GAME,162157,1955,30,PT6H59M26S,2026-01-21T05:15:27Z,True
I tried speedrunning luck,704364,23449,473,PT16M10S,2026-01-21T04:55:49Z,False
I’m a gamer😈,342159,7659,65,PT27S,2026-01-20T18:06:53Z,False
The Disrespect is Crazy,1625883,42459,150,PT20S,2026-01-19T22:37:16Z,False
This Game is Harder Than You Think,905116,24834,339,PT26S,2026-01-19T05:19:04Z,False
They Thought I Couldn’t Speedrun Minecraft,1013810,39700,960,PT23M27S,2026-01-18T21:07:11Z,False
I tried speed running Minecraft…,349793,7307,59,PT28S,2026-01-18T20:57:01Z,False
FINAL DAY🏅MINECRAFT RANKED CHAMPIONSHIP🏅WHO WILL WIN🏅,166023,2668,57,PT4H14M45S,2026-01-18T20:47:33Z,True
There’s a 0.1% chance to beat this game,1802603,49281,252,PT16S,2026-01-17T22:46:13Z,False
MINECRAFT RANKed PLAYOFFS HATWATCH!🎥 REVIEWING MY FAVORITE CREATORS 🎥,169279,2389,32,PT5H36M3S,2026-01-17T22:00:13Z,True
PROVING I'M THE BEST RACER IN GRAN TURISMO 7 WITH THE NEW POWER PACK DLC !GT7 #ad,150530,1972,31,PT5H26M42S,2026-01-17T03:24:19Z,True
😤MINECRAFT SHARED HEALTHBAR😤DEFEATING IT TODAY😤FSLR ON TOP😤,348095,4706,108,PT9H48M49S,2026-01-16T07:41:46Z,True
My richest viewer,2792691,115744,502,PT1M21S,2026-01-15T05:10:02Z,False
💢LUDWIG VS FEINBERG💢LUDWIG VS RADU C💢 THEYRE OUT TO GET ME💢BIG MISTAKE💢,192959,2366,36,PT6H27M12S,2026-01-14T06:24:41Z,True
🦾IRON TODAY OR 500 GIFTED🦾,204027,2931,100,PT3H56M12S,2026-01-12T22:03:31Z,True
DAY 2🏆MINECRAFT WORLD CHAMPIONSHIP🏆HATEWATCHING🏆MAY THEY ALL LOSE🏆,211499,2833,41,PT6H11M16S,2026-01-11T22:29:39Z,True
Trash Talking YouTuber Gets Embarassed,1118206,31608,813,PT42M43S,2026-01-11T22:24:31Z,False
🏆MINECRAFT WORLD CHAMPIONSHIP🏆HATEWATCHING🏆MAY THEY ALL LOSE🏆,227113,3177,79,PT5H56M44S,2026-01-10T22:17:09Z,True
🍀DEBUNKING VIDEOS🍀BETTER TO BE THE LUCKY FOOL THAN THE SKILLED MAN🍀,114400,1382,32,PT4H39M33S,2026-01-10T03:21:18Z,True
This YouTuber Sucks,1347874,37710,232,PT35S,2026-01-09T02:45:59Z,False
I streamed until I beat EVERY Dark Souls. Big mistake.,1890376,32014,1349,PT2H57M28S,2026-01-09T01:33:39Z,False
🏃‍♂️‍➡️GETTING MY FIRST SUB 30🏃‍♂️‍➡️TURNING PRO IN CS2🏃‍♂️‍➡️YES WE DO THAT🏃‍♂️‍➡️,180298,2171,61,PT6H46M26S,2026-01-08T08:34:49Z,True
Teaching chat even more French,9373680,223009,553,PT14S,2026-01-07T09:19:34Z,False
📈GETTING MY NEW COUNTER-STRIKE RANK📈UNRANKED DAYS ARE OVER📈YEAR OF THE GAMER📈,213232,3015,49,PT6H39M1S,2026-01-07T07:59:32Z,True
"💔 SHARED HEALTH MINECRAFT  💔WITH LESLIE, SQUEEX, AND RAE💔",274900,3400,77,PT7H32M37S,2026-01-06T08:03:30Z,True
Teaching Chat Some French,7452086,174562,602,PT12S,2026-01-05T07:35:02Z,False
I Tried Playing Among Us in 2026,1124135,28156,230,PT23S,2026-01-04T07:42:49Z,False
COURT IS IN SESSION✨EDUCATING THE YOUTH✨,153740,2169,78,PT4H59M24S,2026-01-04T05:51:18Z,True
The Worst Minecraft Player Ever,1233098,31944,264,PT35S,2026-01-03T07:23:01Z,False
"HARDCORE MINECRAFT BUT I SHARE A HEALTHBAR FUSLIE, RAE, AND SQUEEX",263055,3548,137,PT6H20M59S,2026-01-03T06:21:29Z,True
MINECRAFT SPEEDRUNNING ENDS TODAY!! DESTROYING THE COMPETITION,162816,2336,83,PT4H13M53S,2026-01-02T01:19:48Z,True
DAILY GAME CHALLENGE VS @Smallant,106992,1338,38,PT4H44M37S,2026-01-01T03:03:48Z,True
You CANNOT Disagree,938126,16552,79,PT35S,2025-12-31T08:01:28Z,False
END OF YEAR PREDICTIONS🎇GAMING🎇2026 IS OUR YEAR,125004,1652,47,PT5H21M24S,2025-12-31T05:58:34Z,True
BEAT ME IN MINECRAFT WIN $500💥ASSOFFS💥 !rules,165585,2463,123,PT5H20M51S,2025-12-30T03:07:07Z,True
I think we need to address the real problem here,1080834,20965,375,PT19S,2025-12-29T10:03:52Z,False
ACTUALLY WINNING💥ACTUALLY REACTING💥ACTUALLY GAMING,113004,1418,49,PT3H54M39S,2025-12-29T03:28:29Z,True
He found the worst possible answer...,3397040,68554,537,PT25S,2025-12-28T09:23:44Z,False
BIG NEWS💥BIG REACTS💥BIG GAMES,136545,2025,62,PT4H24M55S,2025-12-28T05:20:40Z,True
Sometimes the worse player wins ...,554145,12858,73,PT30S,2025-12-27T09:44:54Z,False
Can't even count on my own friends anymore :/,649262,13013,91,PT19S,2025-12-25T06:52:51Z,False
i can explain,446413,18984,878,PT20M53S,2025-12-24T22:32:02Z,False
HOUSEKEEPING THEN FIGHTING OUT OF COAL 1,236074,3111,96,PT9H17M26S,2025-12-24T11:06:19Z,True
YOU FELL FOR IT! REVEALING THE !TRUTH,178579,3061,154,PT4H54M37S,2025-12-23T08:22:06Z,True
My friends finally learn the truth...,1227383,22277,131,PT28S,2025-12-21T22:14:19Z,False
stream ends when i lose in mcsr,106961,1695,65,PT2H30M50S,2025-12-20T06:50:12Z,True
MY RETURN TO MINECRAFT ampmSnackSquad #sponsored,134120,2378,97,PT5H16M36S,2025-12-18T08:26:46Z,True
This TikToker thought he was better than me so I proved him wrong,1954002,52013,1357,PT42M2S,2025-12-18T08:06:40Z,False
Squeex finally admits how he feels...,369582,9952,49,PT31S,2025-12-17T09:40:58Z,False
He just always wants to be involved,1791016,38631,121,PT17S,2025-12-14T11:45:16Z,False
Is there any hope for our relationship...?,428960,11655,48,PT47S,2025-12-13T02:59:18Z,False
There's 2 types of streamers....,1606176,42500,146,PT34S,2025-12-12T07:21:17Z,False
Bro really thought he had it this year 😭😭😭,1891657,38035,346,PT14S,2025-12-11T04:21:31Z,False
I Tried Speedrunning Minecraft. It broke me.,1085620,37771,1069,PT20M11S,2025-12-05T07:53:25Z,False
BRO VS BRO AGAINST @fuslie,206499,2796,102,PT5H33M45S,2025-12-05T06:19:21Z,True
GAMES WITH MY FAVORITE STREAMER POOKIE @Squeex & 2 ppl whos funerals i wont attend @Valkyrae @fuslie,210994,2512,53,PT5H52M44S,2025-12-04T05:39:39Z,True
the lolcow of minecraft plays mcsr,276057,3144,79,PT9H37M37S,2025-12-03T05:52:54Z,True
devastating news and now minecraft,155619,2419,185,PT1H45M36S,2025-12-02T06:14:58Z,True
we became professional racers ,812906,36239,1372,PT1H6M48S,2025-12-02T06:09:53Z,False
The only game too hard for me,533634,13627,311,PT44S,2025-12-01T06:41:07Z,False
BRO V BRO VS @AgentTheGamer | SO MANY PBS IN MINECRAFT,318463,3848,68,PT11H54M57S,2025-12-01T06:27:22Z,True
I had to sign a waiver for this,1179374,45617,2187,PT1M8S,2025-11-30T08:11:08Z,False
The Best Game of 2025,733600,16867,586,PT2H37M11S,2025-11-30T07:08:37Z,False
༄💨༄.°༄˖°.🍃.ೃ࿔*:･ EXPLORING AND EXPERIENCING WHERE WINDS MEET ༄💨༄.°༄˖°.🍃.ೃ࿔*:･ !WWM #sponsored,159420,2547,64,PT4H45M15S,2025-11-30T06:30:15Z,True
how many kills are you gonna get?,842146,20547,42,PT52S,2025-11-29T21:30:56Z,False
🇫🇷 TWO BALD FRENCH MEN CONTINUE RAGEBAITING YOU WITH THEIR GAMEPLAY (THEIR AVERAGE AGE IS 33) 🇫🇷,254911,3408,101,PT10H33M2S,2025-11-29T08:51:09Z,True
༄💨༄.°༄˖°.🍃.ೃ࿔*:･ EXPLORING AND EXPERIENCING WHERE WINDS MEET ༄💨༄.°༄˖°.🍃.ೃ࿔*:･ !WWM #sponsored,130866,1687,51,PT3H29M40S,2025-11-27T23:09:04Z,True
🇫🇷 TWO BALD FRENCH MEN CONTINUE THEIR  EXPEDITION (THEIR AVERAGE AGE IS 33) 🇫🇷,226069,2675,102,PT8H19M10S,2025-11-27T07:39:59Z,True
surprising my oldest viewer,315747,11589,161,PT55S,2025-11-26T18:06:46Z,False
🇫🇷 TWO BALD FRENCH MEN PLAY EXPEDITION 33 🇫🇷,300865,3890,163,PT7H52M1S,2025-11-26T07:34:52Z,True
S-RANKED STREAMER PLAYING SOLO LEVELING: ARISE OVERDRIVE !SLAO #ad,195617,2843,45,PT6H41M10S,2025-11-25T06:50:51Z,True
I Tried Minecraft's Harcore Challenge,317818,10797,203,PT44S,2025-11-23T22:15:01Z,False
This Streamer's a Bad Guy,590856,14243,67,PT38S,2025-11-23T09:01:35Z,False
"they wanted to sponsor me, i said no and reviewed their games anyway",1316224,35356,717,PT41M36S,2025-11-23T08:11:13Z,False
GAMES WITH @valkyrae @fuslie @squeex | BEAT MINECRAFT (DREAM CAME TRUE),287660,4932,78,PT8H9M53S,2025-11-23T03:54:04Z,True
The Best Basketball Player You've Never Heard Of,1163609,24154,86,PT35S,2025-11-22T18:00:32Z,False
The Problem with Dispatch,205971,5173,76,PT37S,2025-11-21T18:00:03Z,False
STREAM ENDS WHEN I BEAT MINECRAFT (NO CLICKBAIT),345243,5526,152,PT9H8M13S,2025-11-21T08:18:40Z,True
Red Bull Gamer btw,1039296,21966,129,PT17S,2025-11-21T04:00:30Z,False
this is still my worst idea ever,688933,22749,112,PT45S,2025-11-20T20:12:40Z,False
beating minecraft today.,234260,3636,87,PT8H46M20S,2025-11-20T07:22:06Z,True
If somebody says the word I end my stream,1716244,46816,702,PT22M9S,2025-11-20T06:55:22Z,False
stream ends when i beat hardcore minecraft or die,245128,3193,54,PT11H29M5S,2025-11-19T07:59:01Z,True
How hard is driving an F4 car?,218099,4861,59,PT27S,2025-11-18T22:16:12Z,False
I can’t believe she kissed me,168401,4489,55,PT31S,2025-11-18T07:59:59Z,False
streamer awards ➡️ arc raiders ➡️ game awards,139564,1930,58,PT5H30M55S,2025-11-18T05:55:07Z,True
I never said thank you,1428773,75333,1013,PT55S,2025-11-17T17:51:08Z,False
NRG VS G2 Red Bull Home Ground [DROPS ON] | Day 4,79847,1018,12,PT5H42M46S,2025-11-17T00:17:29Z,True
The Best Video of 2025,2018205,56125,701,PT36S,2025-11-16T18:54:22Z,False
Im on the list,537377,13191,51,PT27S,2025-11-16T02:13:05Z,False
I Tried Minecraft's HARDEST Challenge,1637065,46694,893,PT56M21S,2025-11-15T06:07:27Z,False
🏳️‍⚧️SPEEDRUNNING LUDWIG🏳️‍⚧️CHARITY STREAM🏳️‍⚧️ AT $100K I DYE MY HAIR BLONDE 🏳️‍⚧️ !charity,89165,2141,84,PT3H54M36S,2025-11-15T04:02:56Z,True
🏳️‍⚧️SPEEDRUNNING LUDWIG🏳️‍⚧️CHARITY STREAM🏳️‍⚧️ AT $100K I DYE MY HAIR BLONDE 🏳️‍⚧️ !charity,187347,3744,169,PT11H9M6S,2025-11-14T09:36:23Z,True
Streamers Make TOO Much Money,2189704,72403,350,PT39S,2025-11-13T06:47:25Z,False
I Hired a Pro Gamer to Destroy Faze Clan AGAIN,733279,28515,630,PT10M9S,2025-11-13T05:16:35Z,False
DISPATCH FINALE!!! THEN TRYING ROBLOX,184955,3032,165,PT6H57M46S,2025-11-13T03:48:01Z,True
💵THE STREAM ENDS WHEN SOMEONE SAYS THE WORD💵,162972,2523,63,PT3H46M13S,2025-11-12T06:19:22Z,True
The Infamous Trolley Problem,4244549,119462,527,PT26S,2025-11-12T00:46:18Z,False
😱TRYING 10 FODDIAN GAMES😡YOUVE NEVER HEARD OF,133855,1966,52,PT5H31M16S,2025-11-11T07:24:59Z,True
WATCHING THE GREATEST MINECRAFT VIDEO OF THE YEAR?,191439,2983,181,PT3H40M50S,2025-11-10T06:02:56Z,True
Why You Should Never Lie,7404624,211425,424,PT42S,2025-11-09T22:52:40Z,False
This Game Rewards Breaking the Law,676852,15581,103,PT34S,2025-11-09T06:58:20Z,False
⚔️STREAM ENDS WHEN I BEAT MINECRAFT OR DIE 🗡️ !charity,177537,2318,54,PT7H22M37S,2025-11-09T02:34:52Z,True
Speedrunning Every Video Game,2215579,57566,1062,PT29M58S,2025-11-09T02:26:32Z,False
I might not make it in Parkour Civilization...,3297498,71681,216,PT15S,2025-11-08T03:31:08Z,False
BEATING HARDEST MINECRAFT CHALLENGE,268963,6139,156,PT4H33M12S,2025-11-08T02:45:23Z,True
GETTING TO SECOND BASE WITH INVISIGAL,176096,2605,53,PT7H24M40S,2025-11-07T05:51:23Z,True
SPEEDRUNNING DISPATCH,257697,4466,189,PT7H19M58S,2025-11-06T07:33:16Z,True
Who is the dumbest streamer ever?,2460102,73816,638,PT54S,2025-11-05T22:55:23Z,False
I bought EVERY stupid TikTok ad. They’re actually good…,1744043,49151,857,PT35M5S,2025-11-05T08:18:13Z,False
WATCHING THE GREATEST MINECRAFT VIDEO EVER? STREAMING EVERYDAY THIS MONTH,108190,1802,122,PT2H57M49S,2025-11-05T08:14:03Z,True
🏆lots to talk about🏆,98682,1875,71,PT3H7M40S,2025-11-04T07:26:17Z,True
what's your kda gunna be?,3822157,114817,444,PT51S,2025-11-04T03:05:06Z,False
This is The Only Foddian Game I Almost Quit...,1480643,35584,702,PT1H2M14S,2025-10-31T06:28:09Z,False
do the circumstances surrounding your birth determine where you end up ?#BitLifePartner !BitLife,118357,1682,66,PT3H59M53S,2025-10-31T03:37:26Z,True
WATCHING THE LAST HALO WORLD CHAMPIONSHIP (rooting for shopify rebellion :3),132652,1348,73,PT4H38M13S,2025-10-27T01:04:34Z,True
"🤑 $100,000 🤑 MONEY 💲 MATCH 🎮 THE RUNBACK: PRESENTED BY !AT&T",133984,1915,47,PT5H37M34S,2025-10-26T03:54:46Z,True
I Played China's Most Popular game. It's actually amazing.,1437836,48627,1560,PT1H32M49S,2025-10-25T07:28:22Z,False
"LETS TALK🔫BRO VS BRO VS @SilkyLive  🔫PSL LIVE🔫$100,000 RUNBACK VS FAZE TOMORROW",128360,1601,101,PT8H31M41S,2025-10-25T06:09:54Z,True
DRAMA IS BACK ON THE MENU⭐RATING TIK TOK SHOP ITEMS⭐SPEEDRUNNING FRENCH⭐HORROR GAMES,178662,2450,425,PT6H30M1S,2025-10-22T05:44:21Z,True
WE NEED TO TALK,144782,2286,72,PT2H50M34S,2025-10-21T03:47:02Z,True
I Unbanned Every Twitch Viewer. Big mistake,918314,27864,646,PT18M6S,2025-10-20T04:05:45Z,False
He spoke it into reality,646856,9646,54,PT8S,2025-10-17T08:00:04Z,False
"This streamer called me out so we put $10,000 on the line",1783828,49385,1033,PT32M8S,2025-10-17T06:47:50Z,False
I WANNA SEE THE END OF THIS GAME,41709,771,21,PT35M52S,2025-10-17T06:45:46Z,True
🏃‍♂️ SPEEDRUNNING 🏃‍♂️ EVERY 🕹 GAME 🎮 WITH 👨‍🦲 @Squeex 👴 THEN FINALLY BEATING BABY STEPS,180405,2099,71,PT8H39M7S,2025-10-17T06:10:02Z,True
Fastest streamer on twitch,748860,13887,105,PT14S,2025-10-16T08:18:28Z,False
💎💎BEATING BABY STEPS (FOR REAL)💎💎,89862,1271,52,PT3H44M38S,2025-10-16T01:20:13Z,True
Baby Steps is an evil game,312830,5902,26,PT12S,2025-10-15T18:16:09Z,False
How many people does it take to beat the Geoguessr World Champion?,1558442,42534,800,PT27M26S,2025-10-15T02:23:32Z,False
👴BOOMER VS ZOOMER👶ft. @PremierTwo,110946,1741,61,PT3H27M46S,2025-10-15T01:25:48Z,True
⛩️TODAY I BECOME EMPRESS🏮,149558,2516,183,PT3H15M21S,2025-10-14T03:41:41Z,True
⛩️GREATEST CONCUBINE THE TANG DYNASTY HAS EVER SEEN🏮,152513,2584,123,PT3H27M44S,2025-10-13T06:06:23Z,True
"This cost $30,000",7789785,186015,748,PT1M,2025-10-12T08:23:18Z,False
⛩️BIG STREAM🏮UNBAN FORMS🐉JOINING A CONCUBINE⛩️NEW EVENT LEAK🐉,193084,2921,165,PT6H38M45S,2025-10-11T05:25:20Z,True
How much my Pokemon collection is ACTUALLY worth,1083660,22943,955,PT29M32S,2025-10-11T05:15:34Z,False
💎💎BEATING BABY STEPS💎💎,81858,1266,45,PT2H29M5S,2025-10-10T05:54:25Z,True
💎BACK AND CHANGING THE GAME💎REACTING💎TRYING GHOST OF YŌTEI #ad 💎GAMER ERA💎,73206,965,21,PT2H57M8S,2025-10-09T22:02:56Z,True
Trying a yoda impression,187722,4477,36,PT22S,2025-10-09T07:55:02Z,False
GREATEST RACER ON EARTH IS BACK | REACTING TO GP EXPLORER THEN LEGO PARTY,171108,2279,32,PT7H29M21S,2025-10-09T02:57:03Z,True
I finally got a world record,1238967,37990,187,PT42S,2025-10-04T06:23:20Z,False
World‘s most accurate driving Sim￼,153506,3127,43,PT13S,2025-10-02T06:31:42Z,False
Why im learning Chinese,477929,12254,437,PT25S,2025-10-01T11:26:57Z,False
"If I Say the Word, I Burn $100",688861,24476,464,PT17M21S,2025-10-01T06:12:15Z,False
The hardest challenge I’ve ever attempted,2844880,80149,268,PT33S,2025-09-29T08:46:53Z,False
🟩 FAST 52 🟦 !DONATE 🟩 !SCHEDULE 🟦 !AUCTION 🟩 SPONSORS:@redbull @AlienwareChannel !RedBull !Alienware,138682,1796,30,PT6H24M52S,2025-09-28T21:48:39Z,True
🟩 FAST 52 🟦 !DONATE 🟩 !SCHEDULE 🟦 !AUCTION 🟩 SPONSORS:@redbull @AlienwareChannel !RedBull !Alienware,159222,1678,20,PT11H33M25S,2025-09-28T16:08:22Z,True
🟩 FAST 52 🟦 !DONATE 🟩 !SCHEDULE 🟦 !AUCTION 🟩 SPONSORS:@redbull @AlienwareChannel !RedBull !Alienware,238363,2308,25,PT11H54M23S,2025-09-28T04:04:13Z,True
🟩 FAST 52 🟦 !DONATE 🟩 !SCHEDULE 🟦 !AUCTION 🟩 SPONSORS:@redbull @AlienwareChannel !RedBull !Alienware,171667,1978,12,PT11H18M56S,2025-09-27T16:07:59Z,True
🟩 FAST 52 🟦 !DONATE 🟩 !SCHEDULE 🟦 !AUCTION 🟩 SPONSORS:@redbull @AlienwareChannel !RedBull !Alienware,245886,3195,44,PT11H24M26S,2025-09-27T04:47:12Z,True
We Raced Cars (and crashed),1606065,64587,1628,PT35M8S,2025-09-26T06:20:27Z,False
🥇STREAM ENDS WHEN I BREAK THE TRACK RECORD🥇1:43:00,159949,2092,96,PT3H38M31S,2025-09-26T05:36:43Z,True
"I Won $100,000… again",967795,31994,578,PT20M19S,2025-09-25T06:21:31Z,False
🥇B̶E̶A̶T̶I̶N̶G̶ ̶B̶A̶B̶Y̶ ̶S̶T̶E̶P̶S̶🥇WORLD CHAMP CLIMBER🥇!AETHERMANCER OUT NOW GO GET IT,134554,1687,36,PT4H42M46S,2025-09-25T04:54:51Z,True
📢STREAM ENDS WHEN I SAY THE WORD📢,146370,2208,34,PT4H35M47S,2025-09-24T06:56:11Z,True
The Problem with Pokémon Cards,407609,14471,166,PT51S,2025-09-23T06:43:33Z,False
RAGE GAME GUY‼️THEY FINALLY MADE 3D GETTING OVER IT‼️FAST 52 THIS WEEKEND‼️AETHERMANCER DROPS TOMO,147023,1952,39,PT4H30M24S,2025-09-23T05:32:48Z,True
FaZe Riddler,1071243,24763,180,PT11S,2025-09-22T19:17:40Z,False
Speedrunning the World's Hardest Captcha,2308149,63093,1350,PT30M40S,2025-09-21T01:35:43Z,False
Math is hard,1066084,25132,554,PT22S,2025-09-20T09:23:27Z,False
How to pick up a controller,140555,2423,34,PT19S,2025-09-19T08:23:41Z,False
📉HOW MUCH MONEY DID I LOSE BUY EVERY POKEMON PACK EVER?,150284,2067,108,PT3H2M31S,2025-09-19T05:23:43Z,True
whos faster than me?,1379623,52178,529,PT1M,2025-09-18T21:04:26Z,False
everyone ragequit this game. so i decided to beat it,3169368,78911,1615,PT59M24S,2025-09-18T05:27:51Z,False
INNOVATING LIVESTREAMING,153882,2044,62,PT6H3M41S,2025-09-17T03:54:19Z,True
I used to be somebody,273141,5586,66,PT22S,2025-09-16T06:46:20Z,False
LACY SUCKS🤣SPILLING THE TEA🤣REACTING IMPRESSIVELY🤣,73774,1397,56,PT2H12M58S,2025-09-16T05:56:25Z,True
IF MY TEAM LOSES THIS GAME I QUIT STREAMING,64392,891,57,PT35M27S,2025-09-15T00:14:34Z,True
⚽ROCKET LEAGUE WORLD CHAMPIONSHIP⚽WATCHING WITH @CDawgVA ⚽#epicpartner,81441,1141,35,PT3H29M21S,2025-09-14T18:43:40Z,True
I am so sorry,2710224,53210,297,PT8S,2025-09-13T08:13:51Z,False
"🏆$10,000 DUEL AGAINST JASON🏆PROVING IM THE BEST GAMER ON TWITCH🏆",185893,2630,63,PT5H39M58S,2025-09-12T02:01:22Z,True
Twitch Chat Made Me Crash Out,6359396,375788,3367,PT46S,2025-09-11T07:53:16Z,False
🔥TIKTOK BINGO🔥TIP2TIP NEWS🔥BREAKING LEAGUE SOBRIETY???,100776,1616,117,PT3H57M8S,2025-09-11T04:47:44Z,True
Smartest One Piece Fan Alive,812922,15405,74,PT16S,2025-09-10T08:38:36Z,False
🚨🐮CANCELLING MR BEAST AND EXPOSING THE TRUTH,139752,2458,85,PT4H36M15S,2025-09-10T05:30:54Z,True
My Wisest Chatter,300808,9844,86,PT13S,2025-09-08T08:08:35Z,False
BEATING THIS GAME TODAY!,242362,2930,78,PT11H36M4S,2025-09-07T08:43:17Z,True
Germany’s Hardest Game Broke Me,956610,35316,794,PT30M30S,2025-09-06T05:46:56Z,False
🏆TODAY I BEAT THE GAME🏆,65300,1073,14,PT2H32M37S,2025-09-06T03:18:24Z,True
I HAVE 4 HOURS TO BEAT THIS GAME OR ELSE,123465,1886,44,PT4H27M32S,2025-09-05T05:39:29Z,True
jason ruined my game show,613201,13210,96,PT29S,2025-09-04T08:39:49Z,False
ANOTHER FOOTBALL FANTASY DRAFT? YES!,78554,1100,29,PT2H39M48S,2025-09-04T04:51:47Z,True
🌭DRAMA🌭HE CALLED ME OUT🌭DEFENDING MYSELF🌭SORRY NOT SORRY🌭,71276,1470,74,PT47M53S,2025-09-03T03:25:06Z,True
how far can a streamer kick a field goal?,3700670,142254,480,PT55S,2025-09-03T02:31:02Z,False
Testing Streamers Reaction Time,1614409,29377,251,PT44S,2025-09-02T06:47:47Z,False
💰SCAMMING STREAMERS💰HELP ME💰FANTASY FOOTBALL DRAFT💰,92456,1198,63,PT3H34M48S,2025-09-02T04:17:23Z,True
THE FACE OF NORTH AMERICAN LEAGUE WATCHES HIS TEAM DESTROY THE COMPETITION,81538,1103,22,PT3H33M25S,2025-09-01T00:01:36Z,True
how fast can you eat a hotdog?,339472,8364,116,PT34S,2025-08-31T08:40:36Z,False
GAMES WITH POOKIE :3 @Squeex,172283,2414,38,PT8H35M41S,2025-08-31T03:42:18Z,True
🤧JORDAN FLU GAME🤧FINALE OF THE STATE FARM GAMERHOOD🤧#statefarmpartner 🤧 !StateFarm,55468,1298,62,PT1H17M19S,2025-08-29T23:18:49Z,True
I Made a Secret Channel to Answer This Question,2065316,87882,3123,PT22M3S,2025-08-29T07:38:35Z,False
The Luckiest Pokémon Battle,245473,7273,69,PT1M3S,2025-08-28T05:50:54Z,False
This Video Cost $1000,561587,26120,6981,PT39S,2025-08-27T16:37:14Z,False
She embarrassed me on stream so I got revenge,1678383,42082,692,PT44M35S,2025-08-26T05:14:18Z,False
I spoke too soon 😬,245733,4423,37,PT23S,2025-08-25T11:46:15Z,False
This is the Greatest YouTube Video Ever,1047896,41253,1000,PT30S,2025-08-24T08:18:34Z,False
Quackity scares me,578095,19582,85,PT38S,2025-08-23T07:21:49Z,False
🤌CHEF LUDWIG🤌 !SOUP🤌 STATE FARM GAMERHOOD TODAY🤌 #statefarmpartner !StateFarm,142211,2322,71,PT5H2M9S,2025-08-23T02:49:47Z,True
This is unironically the best YouTube video of 2025,5212410,166747,4626,PT1H37M31S,2025-08-22T06:39:02Z,False
Why YouTube shorts make you smarter,484821,12114,94,PT33S,2025-08-22T05:47:34Z,False
"The $10,000 Kick",341734,12092,75,PT40S,2025-08-21T22:21:33Z,False
⛰️STREAM ENDS WHEN I BEAT PEAK⛰️FAILURE=200 GIFTED SUBS⛰️,223074,3040,71,PT6H36M11S,2025-08-21T03:39:22Z,True
rating how fast streamers are,1286441,24669,271,PT27S,2025-08-20T07:40:12Z,False
"This YouTuber thought I couldn't beat his ""impossible"" Nuzlocke",1466678,44770,872,PT26M31S,2025-08-19T07:59:48Z,False
The Tungsten Cube Challenge,15755134,365123,4397,PT40S,2025-08-19T07:16:50Z,False
🏁STREAMER GAMES RECAP🏁HOW MUCH DID IT COST🏁WHO GOT BANNED🏁,209968,3479,125,PT5H4M25S,2025-08-19T06:20:40Z,True
STREAMER GAMES 2025 DAY 2 !AT&T,776646,14583,657,PT6H7M2S,2025-08-18T02:30:03Z,True
STREAMER GAMES 2025 !ATT,595752,13433,963,PT5H24M25S,2025-08-17T01:43:04Z,True
GAMERHOOD WEEK 3!! STREAMER GAMES TOMORROW,176367,2027,70,PT1H50M14S,2025-08-16T00:12:06Z,True
LEAKING EVERYTHING ABOUT STREAMER GAMES THEN BRO VS BRO AGAINST @williesuede,123864,1529,50,PT4H24M12S,2025-08-14T03:39:39Z,True
Can 3 Guys Beat 1 Olympic Athlete?,1715412,77378,3032,PT50M12S,2025-08-14T03:20:38Z,False
this is a bad way to start a phone call,1585495,50899,127,PT18S,2025-08-13T21:22:56Z,False
This game rules,477322,14281,128,PT19S,2025-08-13T06:01:06Z,False
WATCHING 1000 PLAYERS SIMULATE CIVILIZATION IN MINECRAFT,704298,19871,975,PT6H5M6S,2025-08-13T04:44:32Z,True
My favorite viewer,1172079,35060,178,PT37S,2025-08-12T07:48:55Z,False
STREAM ENDS WHEN WE BEAT PEAK :) @Squeex @stanz @atrioc,212499,2802,85,PT5H47M56S,2025-08-12T05:01:38Z,True
I hosted a creator basketball event to prove I’m an athlete,423769,16222,380,PT8M17S,2025-08-11T01:41:35Z,False
SUPERNOVA RIVALS OF AETHER 2 & MELEE TOP 8,125300,1329,17,PT8H12M54S,2025-08-10T23:21:50Z,True
BRO VS BRO AGAINST RAE,539168,8610,118,PT7H23M48S,2025-08-09T05:46:17Z,True
My parents made 1 mistake.,3847373,164410,1274,PT49S,2025-08-08T05:39:13Z,False
"STREAMER GAMES DRAFT ft. Jack, Vanilla, Toast, Fuslie, Jason, Cinna, Agent, Emily",237232,4171,165,PT2H42M35S,2025-08-07T22:36:04Z,True
RELEASING THE LIST,133520,1791,57,PT3H18M9S,2025-08-07T04:09:31Z,True
"Is this worth $5,000?",1628593,36039,280,PT31S,2025-08-05T22:16:03Z,False
We Tried Speedrunning Drive-Thrus. We got the world record,1691440,57181,1035,PT33M56S,2025-08-05T18:03:10Z,False
$1000 POKEMON MATCH AGAINST FUSLIE,148756,2030,57,PT3H16M43S,2025-08-05T05:29:07Z,True
BIG STREAM LOTS TO DISCUSS!!!! VALKYRAE THE GREATEST GAMER TO EVER DO IT,102204,1364,29,PT2H57M37S,2025-08-03T23:42:17Z,True
WELCOME BACK TO THE STATE FARM GAMERHOOD !StateFarm #statefarmpartner,179835,3457,69,PT2H1M25S,2025-08-02T00:12:55Z,True
The Three Burger Problem,3893521,134513,925,PT58S,2025-07-31T03:24:03Z,False
Im not a musician can I make a song?,1158974,46281,2097,PT39M7S,2025-07-30T06:34:31Z,False
The only thing I can say in French,6436281,190552,544,PT30S,2025-07-29T06:39:51Z,False
My secret talent,784024,16850,64,PT23S,2025-07-27T05:01:19Z,False
100 YouTubers Surprised Me With Mystery Gifts,2304677,56708,1241,PT1H43M13S,2025-07-26T20:59:32Z,False
🙏ELITE 4🙏FIRE RED NUZLOCKE🙏GIANT ANNOUNCEMENT LATER🙏,160402,2864,132,PT2H33M35S,2025-07-26T20:56:57Z,True
Scary situation,480027,21939,138,PT29S,2025-07-26T06:16:13Z,False
🍔SPEEDRUNNING DRIVE-THRUS🌭DOUGDOUG CHALLENGE🍟HARDCORE EDITION🍕!rules !DND,751543,12517,578,PT4H49M46S,2025-07-26T05:17:54Z,True
ELITE 4 PREP!!! DOUGDOUG CHALLENGE LATER,125643,1435,16,PT3H12M47S,2025-07-25T23:17:14Z,True
The weirdest gift I’ve ever received,2539769,83800,304,PT53S,2025-07-25T08:00:13Z,False
🌟RESTARTING MY NUZLOCKE🌟 NUMBER 1 VALKYRAE HATER🌟COACH: @Drxxyt,221608,2529,83,PT6H3M51S,2025-07-25T04:35:45Z,True
This is the biggest game on twitch. It rules,621824,21169,610,PT21M32S,2025-07-24T07:20:24Z,False
He is too nice for streaming,1254114,30267,111,PT22S,2025-07-24T07:09:47Z,False
LUDLOCKE IS IN TROUBLE.... !nuzlocke COACH @drxx,193017,2090,70,PT6H24M42S,2025-07-24T06:38:49Z,True
discussing the drama.,6930528,113635,476,PT27S,2025-07-23T06:42:43Z,False
THE RETURN OF THE LUDLOCKE !nuzlocke,251074,3030,116,PT6H1M11S,2025-07-23T06:36:22Z,True
She stole my girlfriend,2575473,79716,214,PT26S,2025-07-22T06:37:25Z,False
i am putting my foot down😡,206950,2448,59,PT5H14M10S,2025-07-22T02:22:48Z,True
WE MADE OUR OWN E3 🎮 @offbrand-games  SECRET SAUCE SHOWCASE,83575,1540,88,PT1H20M18S,2025-07-19T19:12:55Z,True
Who has the best golf swing?,1678172,26407,366,PT55S,2025-07-19T17:52:29Z,False
THE ANNUAL YARD BEAT OFF!! TAKING GOLD THIS YEAR,261672,4835,276,PT5H11M6S,2025-07-19T11:31:40Z,True
I forced my British friend to try every ice cream,639854,23101,725,PT21M45S,2025-07-18T07:42:43Z,False
he has studied the blade,2972837,75643,212,PT14S,2025-07-18T06:28:53Z,False
how many points are you scoring today?,2908203,74423,441,PT43S,2025-07-17T03:12:16Z,False
😱OPENING 100 GIFTS FROM 100 YOUTUBERS😱,377879,5769,189,PT7H18M30S,2025-07-16T07:38:43Z,True
"I Let Chat Spend $10,000. I regret it.",1036116,34037,717,PT18M46S,2025-07-15T03:32:09Z,False
This is why I can’t play video games with my girlfriend,1517472,35261,176,PT32S,2025-07-14T20:13:05Z,False
i am too old for this,902704,35182,1317,PT24M41S,2025-07-14T08:05:20Z,False
BASKETBALL DEBRIEF + NEW VIDEO WE REACT TO,99441,1465,24,PT2H34M20S,2025-07-13T23:56:05Z,True
🏀 LUDWIG'S BASKETBALL JAM PRESENTED BY AT&T !AT&T !RB,333493,5075,182,PT5H39M55S,2025-07-13T01:17:13Z,True
lukas friend going live (he thinks im from make-a-wish) | MSI WATCH PARTY #MSI2025,76180,957,10,PT3H1M37S,2025-07-12T05:48:54Z,True
Luka Doncic actually sent me this,291303,9227,132,PT28S,2025-07-12T00:42:09Z,False
Im seriously friends with Luka Doncic,630714,16331,150,PT29S,2025-07-11T07:13:43Z,False
1v1 ME FOR 1 FREE MERCH ITEM !merch !discord,122505,1829,28,PT4H14M25S,2025-07-11T04:54:36Z,True
I Tried the Hardest Motorycle Test in the World,311556,7633,70,PT28S,2025-07-10T20:45:03Z,False
What Happened to McDonalds,1770986,40895,296,PT21S,2025-07-10T19:36:28Z,False
MARIO KART 8V8 CREW BATTLE VS FRANCE !RB,141333,2175,98,PT2H33M27S,2025-07-09T23:48:05Z,True
this is the game of the year,1009238,30409,216,PT35S,2025-07-09T19:12:26Z,False
🐎ULTIMATE HORSE GIRL TOURNAMENT👧UMA MUSUME: PRETTY DERBY🐎FT. friends👧,200651,2971,131,PT5H1M13S,2025-07-08T22:07:07Z,True
30,153384,2989,143,PT2H58M34S,2025-07-08T02:37:55Z,True
PLAYING PEAK WITH @YourRAGEGaming @DannyBansUp AND @snowcone0,149038,2411,105,PT5H8M,2025-07-06T06:37:42Z,True
i forgot i was live..,277754,6134,60,PT23S,2025-07-05T01:38:31Z,False
It just kept getting worse,396007,7920,143,PT13S,2025-07-03T23:04:29Z,False
PLAYING MECHA BREAK 🤖TWITCH DROPS ON #sponsored,111964,1485,89,PT3H44M57S,2025-07-03T03:26:56Z,True
I am not a bad b**ch,400364,12051,99,PT24S,2025-07-02T21:13:43Z,False
I got hustled by adapt 😭,8746312,245255,599,PT1M11S,2025-07-02T05:24:58Z,False
I Ran a Contest to Find the Best Streamer in the World,734009,27972,1014,PT51M5S,2025-07-02T05:22:48Z,False
🏎️💨TRACKMANIA TOURNAMNET🏎️💨ROOMIE RUMBLE🏎️💨,93495,1411,205,PT2H21M18S,2025-07-01T23:56:13Z,True
🧱2 HOURS TO BEAT MINECRAFT CHASE THE SKIES WITH @qtcinderella🧱 !Minecraft #MinecraftPartner,186062,2547,88,PT2H53M6S,2025-06-25T21:42:19Z,True
I Tried Scamming my friends in a Geoguessr tournament. Bad idea,930430,39287,747,PT10M53S,2025-06-25T07:09:22Z,False
🎯ROOMIE RUMBLE 🎯 THE WHITE SHROUD OF COUNTER-STRIKE CARRIES HIS TEAM TO VICTORY 🎯,222147,2239,75,PT8H13M22S,2025-06-25T05:34:43Z,True
🌈WE GOTTA TALK🌈CONNOR COMES TODAY🌈LEAGUE WEEK THIS WEEK🌈,170562,2478,47,PT4H4M45S,2025-06-24T05:19:36Z,True
ill never steal a car again,521959,16131,130,PT38S,2025-06-24T00:18:32Z,False
I tried speedrunning the new Mario Kart. It broke me,1099457,35731,825,PT19M15S,2025-06-21T02:34:17Z,False
Unfiltered Gamer Rage,5915857,128487,762,PT19S,2025-06-20T05:42:47Z,False
mario kart is an evil game,457363,13841,130,PT18S,2025-06-19T07:13:28Z,False
DEFEAT ME IN JITTER #sponsored ► COMPETITIVE SUIKA ► CEMENTING MYSELF IN PLAT,180214,2131,39,PT5H35M6S,2025-06-19T04:34:41Z,True
LEAGUE UNTIL WE LOSE!!!,37284,712,116,PT1H20M52S,2025-06-18T22:48:32Z,True
This is worse than losing $3 million,12043459,331359,940,PT20S,2025-06-18T05:47:00Z,False
I Hired a Pro Gamer to Destroy Faze Clan,2031497,76673,1621,PT14M13S,2025-06-18T05:10:36Z,False
🏀THE WHITE LEBRON OF STREAMING IS HERE🏀WINNING ROOMIE RUMBLE🏀IRISH SPRING GREEN!!🏀,164344,1756,27,PT6H3M33S,2025-06-18T03:49:48Z,True
🏆MARIO KART CHAMPION🏆DESTROYING COMPETITION🏆SETTING WORLD RECORDS🏆,135377,1744,49,PT3H3M58S,2025-06-17T02:03:14Z,True
🎮GAMING LEGEND 🎮 LUDWIG CURSE IS REAL 🎮 SHOPIFY REBELLION WATCH PARTY🎮,78838,758,18,PT2H3M23S,2025-06-14T22:30:43Z,True
how many subscribers have I lost?,1062214,27672,358,PT27S,2025-06-13T13:24:56Z,False
The Nightreign Trials Powered by @Alienware | !AW #AlienwarePartner @Intel #IntelCoreUltraProcessor,111016,1357,50,PT3H3M22S,2025-06-13T01:19:40Z,True
🏁MARIO KART CHAMPION💨DUSTING MY OPPONENTS🏁CHANGING  THE GAME💨POSITIVITY!!!🏁,211980,2544,27,PT5H41M27S,2025-06-12T06:45:13Z,True
The Video Ends When Twitch Chat Calls Me Gay,911969,34311,721,PT15M52S,2025-06-11T06:49:22Z,False
"$10000 GEOGUESSR TOURNEY FT Schlatt, Cdawg, Etoiles, Joe, Lirik, Sykkuno, Papaplatte ► ROOMIE RUMBLE",252875,3239,52,PT6H19M51S,2025-06-11T03:38:30Z,True
There are two wolves inside every bowler,2885582,87693,354,PT22S,2025-06-10T07:56:26Z,False
BEATING VALKYRAE OR GIFTING HER 100 SUBS,159855,2514,38,PT2H12M49S,2025-06-10T02:56:59Z,True
I lost $3 million for this,18117993,652420,3327,PT29S,2025-06-09T08:55:27Z,False
⚔️DO OR DIE⚔️ THE LUDWIG CURSE IS REAL⚔️ LEAGUE PLAYOFFS⚔️HITTING PLAT AFTER⚔️GO SR!!!,149632,1426,35,PT5H42M56S,2025-06-09T02:09:25Z,True
I Tried Speedrunning Every Mario Kart. It destroyed me.,2451655,61236,2052,PT54M50S,2025-06-09T01:53:50Z,False
FaZe Adapt gets kicked out of the clan,5781836,144135,1063,PT21S,2025-06-08T06:14:09Z,False
"🤑$20,000* SHOW MATCH 🎮 WITH FAZE 🤪🤙 COD GAUNTLET TOURNAMENT 🎮",296282,3791,189,PT8H45M21S,2025-06-08T04:19:29Z,True
This bald streamer called me out. So I embarrassed him on stream.,1122206,28475,448,PT40M31S,2025-06-07T00:36:21Z,False
🏎 BEST LINES ON YOUTUBE 🏎 CONQUERING MARIO KART WORLD 🏎,152942,2058,29,PT3H22M27S,2025-06-07T00:27:09Z,True
🦅TRUMP VS ELON🦅MAGA MAIL EXPLAINS THE DRAMA🦅MARIO KART AFTER🦅,264560,3681,69,PT7H58M31S,2025-06-06T07:10:41Z,True
😔LETS TALK ABOUT YESTERDAY😔,144893,2105,107,PT4H11M11S,2025-06-05T05:43:58Z,True
💨 SPEEDRUNNING EVERY MARIO KART EVER💨,291205,3898,142,PT10H1M50S,2025-06-04T11:09:34Z,True
They said I couldn’t win... I proved them wrong,1129201,37395,823,PT18M21S,2025-06-03T02:55:40Z,False
🧊TOO MUCH AURA IN ONE MAN(me)🧊STREAMING ALL NIGHT (2 hours)🧊INNOVATING CONSTANTLY(multi streaming)🧊,92310,1451,24,PT2H37M50S,2025-06-03T02:54:13Z,True
BEST LEAGUE PLAYER OF ALL TIME WATCHES HIS TEAM WIN THE CHAMPIONSHIP!!,130471,1387,29,PT6H14M7S,2025-06-02T02:40:00Z,True
🗡️IM CAUSING A RECESSION🗡️HARDCORE GAMING FT squeex n slime :3🗡️,173350,1969,55,PT6H34M29S,2025-06-01T04:57:33Z,True
🥵NEW YOUTUBE CHANNEL🥵DOING IT DIFFERENT THAN EVERYONE ELSE (reacting and gaming)🥵,171809,2389,95,PT5H31M15S,2025-05-30T02:52:49Z,True
💨LEGEND OF GAMING RETURNS💨BY GAMING I MEAN REACTING💨THEN WE BACK TO LEAGUE💨,128011,1526,27,PT5H31M49S,2025-05-29T07:07:20Z,True
I found a 2 year old mystery box. It was cursed.,954955,34352,679,PT31M14S,2025-05-28T02:29:39Z,False
☠️ONE HOUR STREAM☠️BIG DRAMA☠️HOSTING QT AFTER☠️,94761,1395,52,PT1H43M35S,2025-05-26T21:38:24Z,True
🚩TALKING ABOUT THE DRAMA🚩CREATING NEW IDEAS🚩DOING WHAT THE POPE WOULD WANT🚩,114385,1727,80,PT2H39M36S,2025-05-26T03:31:08Z,True
LUDWIGS 100K CHALLENGE DRIVEN BY GM ft @DisguisedToast @fuslie @MichaelReeves& MORE #sponsored,375246,8806,570,PT4H1M54S,2025-05-24T23:41:00Z,True
GAMES WITH NORTHERNLION THEN ROOMIE CUP DRAFT,193513,2743,71,PT2H57M1S,2025-05-23T20:08:16Z,True
AT&T ANNIHILATOR CUP THEN GAME OF THRONES: KINGSROAD #sponsored,241149,2466,121,PT8H24M36S,2025-05-23T06:34:15Z,True
💣BACK IN MY OLD ROOM💣 LOTS TO GAME💣LOTS TO DO💣,125459,1680,65,PT4H11M32S,2025-05-22T03:53:41Z,True
LIVE FROM SCOTLAND,111884,1410,62,PT2H27M6S,2025-05-18T22:57:38Z,True
WHAT HAPPENED???,158208,2262,67,PT2H57M1S,2025-05-18T00:13:35Z,True
How I Accidentally Won a League Tournament,1990573,59891,1042,PT17M29S,2025-05-17T03:41:25Z,False
regarding the allegations,2639227,78042,688,PT38S,2025-05-17T00:05:36Z,False
CHALLENGING NORTHERNLION TO EVERY VIDEO GAME EVER MADE,231760,3319,105,PT4H11M52S,2025-05-16T21:38:28Z,True
AT&T ANNIHILATOR CUP🥊GAME DAY🥊TEAM LUDWIG SHOCKS THE WORLD🥊SF6 WINNER POV🥊 !Leaderboard !Giveaway,270007,2732,54,PT7H32M17S,2025-05-16T04:50:57Z,True
i messed up,1092420,35136,829,PT22M55S,2025-05-16T04:17:05Z,False
🥊TEAM LUDWIG STREET FIGHTER IN HOUSE TOURNAMENT🥊,151524,1664,46,PT4H2M18S,2025-05-15T00:13:21Z,True
🏴‍☠️OPENING $1000 MYSTERY BOX🏴‍☠️ FIXING EUROPEAN RELATIONS🏴‍☠️,159614,3243,108,PT2H39M41S,2025-05-13T20:10:49Z,True
This is why you don’t celebrate early,701831,21719,240,PT37S,2025-05-13T00:53:28Z,False
🥇GOLD OR GIVE UP! 🌞NEW DAY NEW ME🌞POSITIVITY SATURDAYS🌞LETS GET IT,166741,1781,35,PT5H38M27S,2025-05-11T05:59:06Z,True
🏆CHAMPION🏆TYLER'S BEST FRIEND🏆SHORT STREAM BEFORE PSL🏆,147885,1726,74,PT3H28M50S,2025-05-10T04:18:44Z,True
🏆AT&T Annihilator Cup GAME DAY🏆LEAGUE OF LEGENDS DREAM TEAM🏆TYLER1 BFF🏆 !ATTLeaderboard !ATTGiveaway,360068,4931,177,PT6H7M21S,2025-05-09T03:34:11Z,True
I MET FAMOUS HOLLYWOOD CELEBRITY!,175397,2117,55,PT5H56M10S,2025-05-08T07:47:50Z,True
mastering my craft.,170629,2096,49,PT4H24M8S,2025-05-07T06:58:21Z,True
PLAYING GAMES  :),268023,3466,62,PT6H20M28S,2025-05-06T05:18:06Z,True
ULTIMATE GAMING tournament WITH ELITE GAMERS and valkyrae,226096,2883,53,PT6H9M27S,2025-05-05T04:35:46Z,True
LONG STREAM,145883,1955,49,PT4H51M33S,2025-05-04T02:48:08Z,True
I Studied the Biggest YouTubers to answer this question,1569227,46076,1582,PT31M6S,2025-05-04T02:38:31Z,False
AT&T ANNIHILATOR CUP COUNTER-STRIKE 2 THEN LEAGUE DERUST PRACTICE,231778,2942,81,PT6H58M28S,2025-05-02T05:19:57Z,True
The video ends when I find myself,1952988,61044,1260,PT33M58S,2025-04-29T06:26:54Z,False
I Opened a French Bakery For 24 Hours!,2061973,100664,2350,PT22M13S,2025-04-27T06:49:14Z,False
Streamer Family Feud !! ► COUNTER-STRIKE WITH THE SQUAD @Squeex​ @Emiru,161157,2214,71,PT4H55M16S,2025-04-26T02:56:25Z,True
my only real job,428887,12505,199,PT45S,2025-04-25T23:09:02Z,False
surprising my girlfriend :),4207896,103756,595,PT44S,2025-04-25T01:29:00Z,False
GAMBLING✅FRAGGING OUT✅CS2 MARATHON STREAM✅ (multi streaming on twitch),171575,2303,93,PT4H55M47S,2025-04-24T03:40:23Z,True
I Let My Chat Spend $5000. Big mistake.,2091683,58428,1149,PT34M44S,2025-04-23T00:21:02Z,False
watching the biggest youtube channels in the world,149938,2298,54,PT3H29M21S,2025-04-23T00:08:17Z,True
the stream ends when i find myself,235922,4274,86,PT4H44M24S,2025-04-22T06:02:25Z,True
"OPENING $1000 OF STUFF FROM AMAZON, ETSY, EBAY AND TEMU",228031,3488,122,PT3H45M59S,2025-04-19T02:19:19Z,True
NEIGHBORS: SUBURBAN WARFARE #sponsored ► SHOPIFY REBELLION WATCHPARTY,114993,1502,37,PT3H5M36S,2025-04-17T23:53:20Z,True
HUGE LIVESTREAM UPDATE,190100,3142,178,PT3H56M31S,2025-04-16T05:15:26Z,True
HUGE TOURNAMENT (WINNERS POV),151140,2234,42,PT3H38M10S,2025-04-12T00:30:32Z,True
We finally watched Tip to Tip,2135961,72171,1125,PT34M58S,2025-04-09T03:40:38Z,False
BACK FROM JAPAN 🗾 TIP TO TIP REACT WITH @MichaelReeves,1491278,36175,749,PT5H52M33S,2025-04-05T23:38:55Z,True
We Crossed Japan With No Map :),1565464,137741,6592,PT26M55S,2025-04-05T02:53:42Z,False
almost crashed so we hitchhiked,1529988,83643,2803,PT27M53S,2025-04-04T03:19:30Z,False
michael made me camp,1804530,82922,2004,PT20M47S,2025-04-03T01:55:49Z,False
we made it!,1773583,85550,2140,PT30M13S,2025-04-02T06:40:23Z,False
I think we went the wrong way,1958142,88564,2705,PT33M8S,2025-04-01T06:18:18Z,False
Training like my favorite baseball player #MLBTheShow #ForgeYourJourney #baseball @mlbtheshow #ad,255585,9256,156,PT1M8S,2025-03-31T22:25:40Z,False
clueless white guy orders in horrible Japanese,1877853,85800,2666,PT22M27S,2025-03-30T02:40:42Z,False
very good day :),1880308,87891,2358,PT18M54S,2025-03-29T04:55:36Z,False
very bad day :(,2055260,95409,2941,PT24M36S,2025-03-28T07:19:10Z,False
Best meal we’ve ever had,2290526,100062,2887,PT23M5S,2025-03-27T02:53:22Z,False
We lost our bikes,2319912,98798,2593,PT23M28S,2025-03-26T07:19:02Z,False
Big storm :(,2473746,118854,4087,PT24M35S,2025-03-25T04:25:41Z,False
we found a shortcut,2443692,113726,3384,PT21M44S,2025-03-23T23:37:14Z,False
already lost.,2690217,130555,3344,PT23M23S,2025-03-23T00:07:51Z,False
Crossing Japan With No Map,3942478,184863,4871,PT16M47S,2025-03-21T23:27:04Z,False
Going Tip to Tip with ​Michael Reeves,1136943,54365,956,PT1M11S,2025-03-21T01:55:16Z,False
Bald.,500950,16183,785,PT17M5S,2025-03-19T06:16:29Z,False
I let a wheel control my life for 100 hours,1836091,64694,2109,PT31M42S,2025-03-18T02:15:31Z,False
Pretty people get more views,573606,28641,577,PT33S,2025-03-17T02:14:23Z,False
I bought EVERY dumb TikTok ad. They’re actually good…,1916085,49955,1383,PT36M55S,2025-03-16T13:14:34Z,False
learning how to dunk,1295427,79499,328,PT35S,2025-03-14T21:46:41Z,False
RAINBOW 6 SIEGE X SHOWCASE GOING TO JAPAN FOR 2 WEEKS! #AD,83599,1412,38,PT2H7M46S,2025-03-13T19:15:33Z,True
"Sorry, Women",978489,64230,407,PT33S,2025-03-12T05:01:10Z,False
I Tried Twitch's Hardest Game. I accidentally broke the record.,1127116,30403,517,PT42M5S,2025-03-12T04:55:17Z,False
last stream for 2 weeks!,76378,1543,52,PT1H33M58S,2025-03-12T00:43:38Z,True
How I Met Luka Dončić (and became his best friend),639563,20127,692,PT39M32S,2025-03-08T22:58:31Z,False
ludwig from video games destroys @disguisedtoast in show of skill #FragPunkPartner,93576,1237,45,PT2H13M28S,2025-03-08T22:09:27Z,True
playing games with my girlfriend :),134803,2482,94,PT2H50M21S,2025-03-08T06:54:00Z,True
i bought this scam so you dont have to,633880,36782,189,PT31S,2025-03-06T07:48:44Z,False
I tried beating Pokémon’s ‘hardest’ challenge in one sitting. Big mistake…,2905029,73996,1464,PT26M59S,2025-03-05T06:27:06Z,False
going bald was a mistake.,742199,54579,696,PT37S,2025-03-04T04:40:32Z,False
I MET LUKA DONCIC STORY TIME,160313,3022,87,PT2H36M42S,2025-03-03T02:44:35Z,True
🍄MARIO PARTY DECATHLON🍄PLAYING EVERY MARIO PARTY GAME🍄 pt 2,140711,2174,45,PT2H53M30S,2025-03-02T10:45:13Z,True
🍄MARIO PARTY DECATHLON🍄PLAYING EVERY MARIO PARTY GAME🍄,476800,6079,162,PT11H12M31S,2025-03-02T08:23:26Z,True
I Forced my Dumbest Friends to Play Jeopardy. It went as expected.,1631327,48128,1981,PT39M49S,2025-02-28T01:22:37Z,False
lil pup is putting the ball in the cup !Wilds #sponsored,109196,1681,25,PT3H9M39S,2025-02-28T01:10:47Z,True
this game is crazy,297626,18108,116,PT43S,2025-02-27T06:54:16Z,False
"just put the ball in the cup, bro",185953,3712,122,PT3H39M52S,2025-02-27T03:47:41Z,True
Bald.,2500257,210304,5514,PT46S,2025-02-26T05:23:52Z,False
I AM BALD👨‍🦲this is the only stream you can make fun of me.,272920,7123,575,PT3H23M52S,2025-02-26T03:00:29Z,True
I made a Pokémon unalive itself,1763756,124962,330,PT55S,2025-02-25T07:47:41Z,False
I Ranked the Hardest Games of All Time,1589599,39808,1247,PT35M27S,2025-02-25T04:05:17Z,False
The most popular game you’ve never heard of,1409259,72361,311,PT33S,2025-02-24T15:23:15Z,False
normal valorant stream.,148477,3217,246,PT1H3M56S,2025-02-24T02:14:35Z,True
i am losing to these people,1171861,95842,511,PT32S,2025-02-23T10:26:41Z,False
this video took 3 years to make,600459,32484,1779,PT23M56S,2025-02-23T09:57:11Z,False
✂️LETTING FUSLIE CUT MY HAIR BUT IM BLINDFOLDED🫣,218449,5175,199,PT2H41M41S,2025-02-23T06:43:58Z,True
🌸VTUBER DEBUT🐈BE NICE PLEASE IM NEW✨,153716,6313,439,PT34M32S,2025-02-23T02:51:58Z,True
"TWITCH JEOPARDY ft. Valkyrae, Fuslie, Miyoung, and Slime",257476,4086,60,PT10H44M23S,2025-02-22T09:25:40Z,True
🔴BUILDING KNEX FERRIS WHEEL | BEAT HOLLOW KNIGHT | PROMISE WEEK!,229928,3828,156,PT11H55M,2025-02-21T09:03:49Z,True
🔴 PROMISE WEEK,38137,713,17,PT22M28S,2025-02-21T08:52:27Z,True
I opened every Pokémon pack ever made,2867130,62244,2086,PT1H41M20S,2025-02-20T09:57:08Z,False
the most expensive pokemon pack in the world,5642047,266067,945,PT1M,2025-02-19T20:30:02Z,False
My Biggest Regret,667530,48965,173,PT38S,2025-02-18T23:52:15Z,False
I Stole From Charity,377268,27161,176,PT37S,2025-02-18T08:43:52Z,False
🔴BEATING THIS GAME OR NEVER GOING LIVE AGAIN,224101,3601,51,PT3H40M38S,2025-02-18T03:26:12Z,True
this took 15 years to do,1305872,73500,728,PT50S,2025-02-15T02:40:24Z,False
This streamer scammed me,1001230,39345,1061,PT20M19S,2025-02-14T02:15:27Z,False
STOP DOING THIS,472643,37475,656,PT23S,2025-02-13T05:52:41Z,False
🔴NEW SETUP (AGAIN) NEW FODDIAN GAME WITH @Squeex,217586,3443,62,PT4H35M33S,2025-02-13T05:50:52Z,True
I let my chat go online shopping. They got carried away...,2166168,66489,1402,PT35M40S,2025-02-12T08:27:36Z,False
I Got Set on Fire,661159,55573,404,PT22S,2025-02-12T04:59:26Z,False
🔴i got scammed... letse talk about it,167728,3627,162,PT1H46M19S,2025-02-11T04:00:19Z,True
TEAM TAKIS LIVESTREAM !takisgiveaway,142909,2407,68,PT2H15M47S,2025-02-09T23:08:43Z,True
🔴i bought everything i saw on tik tok lets open it,205954,3984,74,PT5H11M29S,2025-02-09T07:09:57Z,True
I Ranked the Most Popular Mobile Games,2032267,49555,2386,PT45M58S,2025-02-08T18:49:16Z,False
🔴 STREAM ROOM FLOODED | NEW SETUP | IRONMON RACE,125091,2169,63,PT1H40M45S,2025-02-07T23:09:27Z,True
"🔴$30,000 POKEMON OPENING (EVERY PACK EVER MADE)",374484,7796,228,PT5H20M23S,2025-02-07T07:01:12Z,True
a lesson ill never forget,547183,49866,312,PT1M8S,2025-02-06T07:21:19Z,False
🔴IM LATE! NEW JUMP KING,179587,2712,172,PT3H59M23S,2025-02-02T08:39:53Z,True
Ranking Every YouTuber Game,1825343,46605,1344,PT45M9S,2025-02-02T03:25:40Z,False
🔴WATCHING MY LEAGUE TEAM,54279,966,62,PT26M37S,2025-02-01T23:34:55Z,True
🔴EPIC MARIO CHALLENGE,164254,2501,59,PT5H43M44S,2025-02-01T06:22:04Z,True
I Tried Ranking Every Country (bad idea),982324,34048,2995,PT38M39S,2025-01-30T04:37:08Z,False
🔴RANKING EVERY FODDIAN GAME,155911,2735,124,PT3H15M20S,2025-01-30T00:59:02Z,True
the meanest youtube comment ive ever seen,790197,61835,400,PT34S,2025-01-29T07:20:19Z,False
ARE MOBILE GAMES ACTUALLY GOOD?,173917,3416,119,PT4H30M6S,2025-01-29T03:58:35Z,True
LETTING CHAT BUY STUFF,171290,2595,58,PT4H24M33S,2025-01-28T14:46:23Z,True
I predicted the future,441742,35982,585,PT34S,2025-01-28T06:24:48Z,False
i hate connor,307373,25632,113,PT48S,2025-01-26T20:13:37Z,False
Lying is bad (and I lost my friends learning this lesson),1190058,74385,261,PT34S,2025-01-25T02:10:40Z,False
WATCHING THE FINALE OF JET LAG,106203,2424,64,PT1H24M20S,2025-01-24T01:56:03Z,True
I Tried Learning Chinese. It didn't go well,642082,46762,279,PT30S,2025-01-23T22:02:24Z,False
RANKING VIDEO GAMES YOUTUBERS CREATED,250440,5309,84,PT5H53M18S,2025-01-23T07:35:40Z,True
I DID IT !!!,451894,31304,241,PT28S,2025-01-23T01:06:18Z,False
Quitting YouTube Streaming,943190,47668,2715,PT14M53S,2025-01-23T01:06:01Z,False
Thanos Ruined my YouTube Channel,4075203,310975,2258,PT42S,2025-01-21T19:26:06Z,False
WHAT HAPPENED TO MY HEAD!!!,186362,3989,185,PT2H10M49S,2025-01-21T07:50:45Z,True
Watching 100 Chinese Tik Toks to see if it’s better than the American one,1915329,67671,2895,PT23M58S,2025-01-19T03:48:00Z,False
Tyler1 asked me to compete in his tournament... here we go again,283013,4590,178,PT6H18M41S,2025-01-18T02:47:26Z,True
The saddest story ever told,5331719,397643,748,PT36S,2025-01-17T07:11:57Z,False
ELON DRAMA ✅ BIG ANNOUNCEMENT ✅ PLAYING NEW GAME ✅ NEW EPISODE OF JET LAG ✅,142037,2831,48,PT3H16M5S,2025-01-17T06:40:40Z,True
I Got Scammed by Honey,1205233,95045,705,PT35S,2025-01-16T06:02:42Z,False
I AM A TETRIS 99 GOD,212330,3795,41,PT6H6M5S,2025-01-16T05:52:33Z,True
🔴BIG DRAMA!,172994,3834,138,PT2H50M52S,2025-01-14T05:12:03Z,True
I Failed,586523,57679,445,PT44S,2025-01-14T01:53:11Z,False
How I Accidentally Beat League of Legends,1668673,61902,1753,PT44M53S,2025-01-13T07:24:33Z,False
I Got Scammed by my first viewer,4350517,374235,737,PT46S,2025-01-13T05:42:47Z,False
🔴GETTING MY NEW LEAGUE RANK THEN JETLAG,175735,3243,90,PT4H53M46S,2025-01-12T07:48:16Z,True
Taylor Swift Saved My Relationship,679849,50216,344,PT30S,2025-01-11T21:29:47Z,False
🔴PLAYING GAMES with friends :),228317,4595,110,PT5H43M6S,2025-01-11T05:10:29Z,True
🔴HOW I HIT PLATINUM IN LEAGUE OF LEGENDS,133729,3720,179,PT2H18M29S,2025-01-10T07:01:20Z,True
I streamed until I beat League. It was a mistake.,2355237,60304,1193,PT58M36S,2025-01-10T01:00:59Z,False
America's hardest game almost broke me,2946547,78844,1940,PT32M19S,2025-01-02T23:25:05Z,False
ill never speak japanese again,559889,35604,168,PT13S,2024-12-30T04:43:11Z,False
The Unluckiest Coin Flip of All Time,5467029,463892,2052,PT36S,2024-12-28T21:53:59Z,False
this flat tire saved my life,2150374,150238,464,PT34S,2024-12-23T02:57:07Z,False
im sorry.,993128,84499,327,PT27S,2024-12-22T07:30:51Z,False
i tried streaming on twitch again... the viewers are crazy,1010523,37838,655,PT18M30S,2024-12-22T00:56:56Z,False
"🔴$25,001 FORTNITE OG TOURNAMENT #EpicPartner #FortniteOG",116863,2133,41,PT2H53M58S,2024-12-21T01:29:22Z,True
the biggest mistake ive ever made,1085861,66353,437,PT28S,2024-12-21T01:24:05Z,False
i found the greatest gamer in the world,1088340,75322,729,PT28S,2024-12-18T02:43:18Z,False
"Find Me, Win $100,000",1127744,59214,1423,PT11M9S,2024-12-17T07:10:43Z,False
this costs $1000,9448523,669931,815,PT19S,2024-12-16T05:10:39Z,False
"my $20,000 mistake",1366948,91860,302,PT40S,2024-12-15T05:38:11Z,False
🔴lets talk,249556,5027,405,PT2H59M59S,2024-12-15T05:21:39Z,True
I Tested Steam Games with No Reviews,2163424,57460,944,PT36M33S,2024-12-15T05:10:26Z,False
I Ran a Contest to Find the Greatest Gamer in the World,1364788,24475,858,PT2H14M44S,2024-12-11T08:00:07Z,False
The video ends when my heart rate reaches 175,1166759,76741,304,PT51S,2024-12-11T03:37:53Z,False
im not gay.,2200628,213461,1308,PT33S,2024-12-09T00:09:49Z,False
my chat thought they were better than me. I bet $1000 they were wrong,1149938,44482,904,PT40M55S,2024-12-07T09:12:01Z,False
My friends made fun of me so i...,1280176,77669,321,PT27S,2024-12-07T00:22:35Z,False
🔴GAYMER OF THE YEAR,207773,3199,91,PT4H40M56S,2024-12-06T02:34:53Z,True
Breaking the Half Court Shot World Record*,358064,20323,101,PT48S,2024-12-04T23:51:40Z,False
🔴STREAM ENDS WHEN WE L̶O̶S̶E̶ w̶i̶n̶ LOSE A GAME with the yard,249734,4034,89,PT4H11M29S,2024-12-03T08:43:33Z,True
the worst thing ive ever created,677984,40216,254,PT33S,2024-12-02T22:04:05Z,False
LEAGUE STREAM!!!! STILL ON YOUTUBE???,231080,3833,69,PT4H26S,2024-12-02T06:57:41Z,True
This YouTuber Scares Me,12729922,945027,3447,PT36S,2024-11-28T00:16:52Z,False
"these games wanted to sponsor me, i said no and reviewed them anyway",3333502,100199,2643,PT35M3S,2024-11-26T23:01:41Z,False
LAST LEAGUE STREAM FOR A WHILE...,170405,2465,109,PT2H46M36S,2024-11-26T07:39:40Z,True
LAST STREAM ON YOUTUBE? LETS TALK,205073,4802,471,PT40M55S,2024-11-26T02:24:43Z,True
"🔴 Find Me, Win $100,000 with @KaiCenatLive",431532,8156,218,PT2H4M7S,2024-11-26T00:25:21Z,True
"LACS RIVALS DAY 2 FT. MANG0, HUNGRYBOX, TWEEK, VOID, CAKEASSAULT & MORE !rivals2 !schedule !bracket",294536,3739,29,PT11H39M2S,2024-11-25T07:31:09Z,True
"LACS RIVALS DAY 1 PART 1 FEAT. MANG0, HUNGRYBOX, TWEEK, VOID, CAKEASSAULT & MORE",280727,3158,36,PT11H54M59S,2024-11-24T06:44:33Z,True
"LACS RIVALS DAY 1 PART 2 FEAT. MANG0, HUNGRYBOX, TWEEK, VOID, CAKEASSAULT & MORE",48529,658,17,PT39M42S,2024-11-24T06:35:31Z,True
🔴IF I LOSE TO A VIEWER I END THE STREAM,237691,3958,58,PT5H18M51S,2024-11-23T06:07:58Z,True
fool me once...,723680,47443,160,PT29S,2024-11-22T22:07:18Z,False
what place you going to get?,3458282,196128,729,PT29S,2024-11-22T02:02:54Z,False
I Watched EVERY League of Legends cinematic. Now I’m an expert.,1042411,29898,1008,PT53M18S,2024-11-21T07:09:30Z,False
The hardest gaming challenge I’ve ever attempted,369409,24453,156,PT34S,2024-11-21T07:07:42Z,False
🔴BIG ANNOUNCEMENT! THEN PLAYING STEAM GAMES WITH 0 REVIEWS,323155,3392,45,PT3H55M28S,2024-11-21T03:11:04Z,True
🔴LEAGUE TUESDAYS!!!!,237248,3347,100,PT4H59M40S,2024-11-20T07:50:58Z,True
🔴 BIG DRAMA VOTING IN THE GAME AWARDS,221630,3848,139,PT2H49M57S,2024-11-19T02:20:00Z,True
These Games Wanted to sponsor me... I said no and reviewed them anyway,358290,5382,103,PT4H51M25S,2024-11-17T06:39:26Z,True
🔴I MESSED UP,316688,4039,79,PT3H33M28S,2024-11-16T02:47:14Z,True
Ranking Every YouTuber Food,4781226,137402,4182,PT47M31S,2024-11-15T08:48:39Z,False
im afraid ive been mogged,1634504,123486,397,PT56S,2024-11-15T03:33:04Z,False
TIME TO GET MY FIDDLESTICKS IN SHAPE,158141,2407,116,PT1H33M44S,2024-11-14T09:36:35Z,True
🔴 WATCHING EVERY LEAGUE CINEMATIC,392277,6525,311,PT5H36M38S,2024-11-14T07:51:43Z,True
🔴 BIG STREAMER AWARDS DRAMA LETS VOTE,257250,4081,159,PT2H46M8S,2024-11-12T06:02:02Z,True
STILL SICK BUT WE GRINDING TO SILVER,369504,3420,90,PT3H54M49S,2024-11-11T06:47:42Z,True
🔴 LEAGUE UNTIL I HIT SILVER (OR QUIT) I AM SICK BE NICE,234417,3269,102,PT4H15M43S,2024-11-10T05:30:46Z,True
I tried speedrunning the new Mario Party. I broke the record,2992822,62330,761,PT55M36S,2024-11-09T04:12:24Z,False
🔴 RANKING EVERY YOUTUBER FOOD FINALE,173212,2901,58,PT3H2M6S,2024-11-09T03:16:13Z,True
be careful what you ask for,1833932,81485,404,PT52S,2024-11-07T22:21:23Z,False
🔴 BEATING THIS NEW GETTING OVER IT GAME,247572,4108,76,PT3H29S,2024-11-07T02:59:25Z,True
i was wrong.,766412,22874,770,PT12M35S,2024-11-07T02:42:33Z,False
PRO JOURNALIST COVERS THE ELECTION || MAGA MAIL,1487643,21704,1714,PT5H48M59S,2024-11-06T08:20:49Z,True
WORLDS GREATEST GAMER DAY 2 !RedBull !MetaQuest !YouTube !merch !rivals2,651753,8086,159,PT11H55M,2024-11-04T07:30:24Z,True
WORLDS GREATEST GAMER DAY 1 !RedBull !MetaQuest !YouTube !merch !rivals2,668538,8112,155,PT10H37M18S,2024-11-03T06:11:50Z,True
🔴HAPPY HALLOWEEN !!!,199912,3555,85,PT4H19M49S,2024-11-01T02:34:46Z,True
They Made a Sequel to Parkour Civilization. It’s amazing.,2756740,82546,2683,PT1H3M53S,2024-10-31T05:00:20Z,False
🔴LYING TO MY friends :),188156,3263,39,PT1H58M10S,2024-10-31T00:20:21Z,True
im still the best masher in the world*,435386,30233,169,PT28S,2024-10-30T06:17:00Z,False
i got mogged by a 10 year old in japan,521153,25440,184,PT14S,2024-10-29T07:16:56Z,False
🔴 MARIO PARTY THEN - UNBOXING AND PLAYING THE NEW FORTNITE X CROCS #CrocsPartner !crocs,261255,4196,53,PT4H22M14S,2024-10-29T05:41:26Z,True
🔴WATCHING PARKOUR CIVILIZATION PART 2,578104,11555,416,PT2H55M48S,2024-10-28T00:12:13Z,True
🔴  lilypichu said i cant beat her game.... lets prove her wrong.,210039,3116,53,PT2H21M48S,2024-10-26T23:49:01Z,True
🔴  RANKING EVERY YOUTUBER PRODUCT,319710,5844,226,PT2H35M45S,2024-10-25T23:26:14Z,True
The History of Button Mashing,5370727,387422,844,PT59S,2024-10-25T07:11:02Z,False
🔴  BIG ANNOUNCEMENT!!! Mario party speedrun after,316508,4653,74,PT7H2M49S,2024-10-25T06:08:22Z,True
i am not a furry.,380951,22813,631,PT23S,2024-10-24T04:39:40Z,False
🔴 OUR GAME IS OUT!!! RIVALS OF AETHER 2 CREATOR TOURNAMENT !rivals2 !bracket,267032,4028,87,PT6H7M9S,2024-10-24T02:43:41Z,True
🔴 IM BACK!! SHORT STREAM | RIVALS OF AETHER 2 OUT TOMORROW!!,214061,2327,60,PT3H38M36S,2024-10-23T06:15:36Z,True
How good are pro gamers actually?,303735,17864,102,PT32S,2024-10-22T05:39:01Z,False
Can 5 Gamers Beat 2 Valorant Pros?,1277686,40040,935,PT25M35S,2024-10-22T05:38:27Z,False
I ranked every YouTuber song,1812938,63449,3432,PT30M53S,2024-10-18T00:22:56Z,False
stop beating me,1423988,110034,807,PT36S,2024-10-17T04:14:36Z,False
never meet your heroes,5761860,439842,762,PT30S,2024-10-16T03:45:32Z,False
I Watched ALL of Parkour Civilization. Now I'm an expert.,5075775,128634,4701,PT1H5M6S,2024-10-15T22:45:01Z,False
🔴 PLAYING RIVALS OF AETHER II RIGHT NOW!!!! YOU CAN PLAY IT NOW AS WELL FOR FREE,196600,3887,69,PT2H32M48S,2024-10-15T03:18:08Z,True
this was one of my worst ideas ever,30263500,1682210,3684,PT41S,2024-10-14T07:41:57Z,False
Ludwig x Tarik 3 Day 2 - !CashApp !RedBull !Troublemaker,404972,6362,40,PT8H19M27S,2024-10-14T01:43:46Z,True
how i pissed off some netflix executives,2042262,145214,667,PT36S,2024-10-13T04:43:53Z,False
Ludwig x Tarik 3 - !CashApp !RedBull !Troublemaker,422638,6373,51,PT8H27M49S,2024-10-13T02:01:37Z,True
I BEAT the Hardest Gaming Challenge in the World,2392251,81579,1715,PT21M14S,2024-10-12T02:34:04Z,False
🔴 PLAYING NEW ATLUS GAME METAPHOR: REFANTAZIO !metaphor #sponsored,215136,4040,128,PT4H1M33S,2024-10-12T01:50:09Z,True
ironmouse broke my record,2143691,157792,712,PT25S,2024-10-11T05:16:12Z,False
"🔴IF YOU GUESS THE WORD I GIVE YOU $1,000",109081,4971,439,PT5M27S,2024-10-10T23:39:12Z,True
i think this youtuber actually hates me,3382674,303619,1808,PT40S,2024-10-10T07:37:01Z,False
LOSING MY LIMBS IN OFF THE GRID WITH @stanz  AND @Squeex !OTG #OTGPartner !Trailer !Giveaway,185856,2185,49,PT5H12M3S,2024-10-10T02:56:24Z,True
i was wrong,254744,4321,167,PT2H6M45S,2024-10-08T20:52:18Z,True
🔴KSI TRIED TO STOP ME BUT I WILL GET PLATINUM IN LEAGUE NO MATTER WHAT,246566,3927,109,PT4H42M56S,2024-10-08T06:15:34Z,True
🔴 I AM GETTING PLATINUM IN LEAGUE OF LEGENDS OR  I WILL DIE TRYING,319574,4654,169,PT4H45M27S,2024-10-06T02:22:07Z,True
why i dont like tenz,2468169,170490,409,PT32S,2024-10-06T02:07:26Z,False
GETTING BRONZE TONIGHT,159528,1384,74,PT3H20M31S,2024-10-05T17:26:53Z,True
🔴WATCHING PARKOUR CIVILISATION,770554,12984,630,PT3H29M47S,2024-10-05T04:14:26Z,True
im never going back to twitch (con),1390499,46248,1069,PT32M57S,2024-10-05T03:59:36Z,False
🔴 I lost my record… again,184333,3345,52,PT2H49M12S,2024-10-04T03:41:06Z,True
how i got in a fight with marvel,1608213,120910,876,PT42S,2024-10-02T20:24:50Z,False
i bet youve never heard of this game before,1036220,61526,336,PT41S,2024-10-01T19:00:00Z,False
Streaming is suffering,737632,30916,1189,PT19M15S,2024-10-01T06:59:09Z,False
I will never lose to this YouTuber again,277297,17838,223,PT38S,2024-09-30T20:12:03Z,False
"🔴RED BULL HOME GROUND WITH @tarik, @TenZ, @seangares :)",270687,3656,29,PT9H3M30S,2024-09-30T04:15:11Z,True
i bought every weird ad on tik tok to see if it's a scam,3216408,94788,11860,PT33M24S,2024-09-29T00:11:17Z,False
STOP BEING MEAN TO ME,114067,6499,152,PT40S,2024-09-29T00:07:57Z,False
🔴 BEAT ME AND WIN $100,168530,2688,44,PT3H12M,2024-09-28T04:02:21Z,True
why tyler1 hates me,2174387,143247,552,PT47S,2024-09-27T01:38:18Z,False
i thought i was a god gamer until i did this,1177823,79847,178,PT34S,2024-09-26T09:29:21Z,False
🔴 LOVERS VS THE WORLD 10 FINALE!,552159,10439,246,PT10H3M52S,2024-09-26T08:47:17Z,True
🔴 WE ARE BEATING THIS CHALLENGE TODAY | LOVERS VS THE WORLD FT. @CDawgVA,410471,5474,69,PT8H22M7S,2024-09-24T10:46:10Z,True
The most popular speedrun game you've never heard of,1495310,55074,903,PT22M57S,2024-09-24T07:10:59Z,False
How I Accidentally Won the YouTube Olympics,1229838,44945,872,PT28M44S,2024-09-23T06:48:22Z,False
🔴 WINNING THE SAMSUNG #PLAYGALAXY CUP #ad,132030,2061,61,PT3H10M21S,2024-09-22T00:41:48Z,True
i bought every ad i saw on tik tok,4136377,313854,974,PT37S,2024-09-20T07:08:23Z,False
🔴 READING MY MEANEST YOUTUBE COMMENTS,210256,4610,133,PT1H55M19S,2024-09-20T04:10:46Z,True
🔴 HUGE DAY | LOVERS VS THE WORLD 8 WITH @CDawgVA !games,411835,5213,70,PT8H38M44S,2024-09-19T07:16:44Z,True
what happens when you are too fat to ride,268343,18536,223,PT47S,2024-09-18T21:28:48Z,False
"how i got scammed out of $100,000... again",1124019,45938,1557,PT14M31S,2024-09-18T06:18:10Z,False
text to speech donations were a mistake...,1234549,98488,195,PT26S,2024-09-17T08:57:17Z,False
🔴 LOVERS VS THE WORLD 7 WITH @CDawgVA !games,407574,5625,113,PT7H36M20S,2024-09-17T06:42:51Z,True
how i beat a child for a world record,546230,40398,129,PT32S,2024-09-16T07:49:33Z,False
I attempted the hardest gaming challenge in the world,2519957,85991,1421,PT27M34S,2024-09-15T23:04:29Z,False
🔴 LOVERS VS THE WORLD 6 PART 2 WITH @CDawgVA !games,124200,2192,44,PT1H24M14S,2024-09-15T11:07:41Z,True
🔴 LOVERS VS THE WORLD 6 WITH @CDawgVA !games,404942,4852,35,PT11H40M44S,2024-09-15T10:10:36Z,True
🔴 LOVERS VS THE WORLD 5 WITH @CDawgVA !games,285923,3930,41,PT6H55M55S,2024-09-14T09:12:46Z,True
Tyler1 was right,1288269,94166,208,PT31S,2024-09-14T01:38:00Z,False
🔴WATCHING THE OTV MOTORCYCLE VIDEO | SHORT STREAM,96771,2464,48,PT1H4M3S,2024-09-13T01:29:51Z,True
🔴TRYING TIK TOK SHOP PRODUCTS,221081,4286,275,PT3H6M6S,2024-09-12T03:04:28Z,True
🔴IM BEATING THE RUSSIAN SPEEDRUNNING GAMER RIGHT NOW,112930,2521,62,PT1H29M18S,2024-09-11T07:53:17Z,True
🔴 TRYING RUSSIAS MOST POPULAR GAME,257005,4089,150,PT5H22M5S,2024-09-11T04:15:39Z,True
i tried cheating... it failed.,2530908,204396,481,PT40S,2024-09-11T04:00:02Z,False
having money doesnt make you good with money,875167,82636,222,PT34S,2024-09-10T20:56:44Z,False
🔴GOING FOR A WORLD RECORD (5  wins in a row),469750,4235,71,PT3H59M26S,2024-09-10T06:03:57Z,True
Netflix released video games but for some reason they're good,2483492,73159,1533,PT23M58S,2024-09-09T05:44:44Z,False
My Most Famous Subscriber,13803902,658179,1131,PT41S,2024-09-09T03:56:59Z,False
🔴 LOVERS VS THE WORLD 4 PART 2 !games,129376,2062,39,PT1H29M20S,2024-09-08T11:26:26Z,True
🔴 LOVERS VS THE WORLD 4 !games,413834,5059,68,PT11H41M54S,2024-09-08T10:35:15Z,True
🔴 REAL BALLER PLAYS NBA 2K25 WHILE ON THE MEND !NBA2K #NBA2KPartner,102558,1842,17,PT3H4M13S,2024-09-07T02:59:21Z,True
🔴 GOD GAMING CHALLENGE WITH @CDawgVA THIS TIME WE WIN FOR REAL !games,451601,5900,99,PT10H39M40S,2024-09-06T09:55:15Z,True
🔴 among us with friends 🙂,397691,6861,128,PT5H53M15S,2024-09-05T03:12:05Z,True
The Yard Attempts to win bar trivia,265581,4996,89,PT1H45M33S,2024-09-04T03:55:57Z,True
The time i got hacked,818569,62262,112,PT29S,2024-09-03T23:15:01Z,False
🔴PLAYING LEAGUE SO MY BF AND GF DONT LEAVE ME,180626,2629,197,PT5H54M42S,2024-09-03T08:45:11Z,True
🟣SWITCHING PLATFORMS?? 🟣 VTUBER STREAM DELAYED? 🟣 WATCHING ZAIN WIN THE @GalintGaming INVITATIONAL 🔴,166993,2376,74,PT3H24M58S,2024-09-02T04:23:00Z,True
the worst day of my life,1796783,81884,2352,PT16M43S,2024-09-02T04:07:25Z,False
🔴 GOD GAMING CHALLENGE WITH @CDawgVA  TODAY WE WIN !games,521820,6558,82,PT11H55M,2024-09-01T10:43:03Z,True
which streamer is the strongest,6387436,308806,2412,PT52S,2024-08-31T02:18:24Z,False
🔴 (DRAMA) THE STATEFARM GAMERHOOD FINALE !StateFarm,714843,15251,157,PT2H22M23S,2024-08-31T00:31:22Z,True
i have a problem.,736756,31394,858,PT9M49S,2024-08-30T21:45:41Z,False
🔴i got into an accident but i am okay!!,503783,17104,827,PT20M33S,2024-08-30T05:53:35Z,True
most embarrassing date of my life,267427,18433,172,PT43S,2024-08-29T22:49:03Z,False
I Forced My British Friend to Rank Every Chicken Sandwich,1741393,52079,1308,PT19M15S,2024-08-29T06:26:52Z,False
🔴you gotta see this...,212390,3772,82,PT3H19M,2024-08-29T04:16:48Z,True
how i discovered im good at trivia,689951,58809,208,PT47S,2024-08-28T05:41:12Z,False
donating to random streamers if im bad at video games,519193,24937,1097,PT19M7S,2024-08-28T05:32:24Z,False
"🔴 IN A STREAM RIGHT NOW, VERY VERY CLOSE TO YOU.... PLAYING STAR WARS OUTLAWS !StarWarsOutlaws #ad",234184,4083,62,PT3H23M40S,2024-08-28T05:16:09Z,True
can 3 men beat 1 pro gamer?,1077927,90967,397,PT55S,2024-08-27T07:34:20Z,False
"send me a song, if it sucks you get banned",846457,40182,970,PT17M8S,2024-08-27T05:49:47Z,False
🔴we got a problem..,207087,4458,90,PT1H42M32S,2024-08-27T02:58:15Z,True
🔴TRYING TO WIN AN AUCTION | MUST DEFEAT JOEY,115915,3302,92,PT38M39S,2024-08-26T06:14:08Z,True
End Racism or End Cancer,620363,47331,721,PT36S,2024-08-25T23:32:56Z,False
🔴 GOD GAMING CHALLENGE WITH @CDawgVA,529416,7090,110,PT11H26M56S,2024-08-25T10:56:43Z,True
🔴 MOST DRAMA-FILLED EPISODE OF THE GAMERHOOD YET !StateFarm #ad,498913,11729,128,PT3H17M52S,2024-08-24T01:00:46Z,True
ask me anything but if i dont answer i spin the wheel,2370866,78101,1338,PT27M50S,2024-08-23T05:42:48Z,False
🔴  Into the Infinite: A Level Infinite Showcase #ad | about the streak...,190080,3427,55,PT2H47M39S,2024-08-23T01:21:22Z,True
the only correct answer to this question,9099460,766082,10822,PT39S,2024-08-21T05:30:57Z,False
Bar trivia to prove I am a genius ft. Cdawgva,370706,6738,123,PT2H10M26S,2024-08-21T04:29:16Z,True
tryin out this streamin thing :D,182268,3979,285,PT30M39S,2024-08-20T07:17:59Z,True
legally required stream to continue the streak,91301,4776,929,PT8S,2024-08-20T06:33:34Z,True
STREAMER GAMES DAY 2 FINALE !RedBull !Streamlabs !Rivals2,954710,18963,802,PT6H13M47S,2024-08-19T02:47:15Z,True
STREAMER GAMES DAY 1 !RedBull !Streamlabs !Rivals2,1327311,28603,923,PT6H26M48S,2024-08-18T03:14:59Z,True
🔴 MORE DRAMA IN THE GAMERHOOD !StateFarm #ad | DAY 16,265924,5917,52,PT2H19M3S,2024-08-17T00:29:33Z,True
I Tried Every Olympic Sport to see which is easiest,2252647,90784,3830,PT15M59S,2024-08-16T06:21:09Z,False
🔴 @porterrobinson MUSIC PLAYLIST STREAM | DAY 15,233247,5726,173,PT3H4M20S,2024-08-15T23:15:48Z,True
i said no to this sponsor and reviewed them anyway,3859974,109261,493,PT24S,2024-08-15T05:50:24Z,False
🔴 ASK ME ANYTHING BUT I MUST ANSWER HONESTLY (TTS OFF) | DAY 14,394699,8871,105,PT4H38M,2024-08-15T03:28:41Z,True
the perfect donation timing,1207164,84217,359,PT10S,2024-08-14T22:16:06Z,False
addressing the scam allegations,482441,12908,479,PT25M58S,2024-08-14T03:59:59Z,True
Best advice ive ever given,237748,17062,120,PT9S,2024-08-13T06:07:11Z,False
🔴 Donald Trump x ELON musk bingo | DAY 12,302894,5678,247,PT3H36M2S,2024-08-13T03:41:05Z,True
🔴 watch party with GOAT @ZainSSBM  | DAY 11,173508,2520,51,PT4H51M41S,2024-08-11T22:56:06Z,True
🔴 10 MARIO 64 RUNS.. THATS IT. THATS THE STREAM | DAY 10,269805,4466,73,PT5H15M14S,2024-08-11T04:02:12Z,True
"I Scammed Myself out of $21,000",481573,42060,212,PT50S,2024-08-10T20:16:56Z,False
this country has the worst gambling problem,970684,62503,616,PT41S,2024-08-10T05:42:23Z,False
🔴 BIG DRAMA IN THE GAMERHOOD !StateFarm #ad | DAY 9,472279,17052,120,PT2H49M19S,2024-08-10T00:44:30Z,True
"they wanted to sponsor me, i said no and reviewed them anyway",4852328,142893,3656,PT29M33S,2024-08-10T00:30:28Z,False
🔴hmmm... this was.... unexpected.... | Day 8,183638,3936,162,PT1H25M42S,2024-08-09T01:24:16Z,True
it was free but i still lost money,947843,87975,226,PT38S,2024-08-08T08:02:52Z,False
🔴 they said I wouldn’t do it… | Day 7,264812,5178,1012,PT2H4M57S,2024-08-08T02:48:03Z,True
The Only Person I Hate...,4943989,377998,1020,PT33S,2024-08-07T05:36:16Z,False
🔴DRAMA❌GAMER✅ | DAY 6,253201,4375,69,PT5H47S,2024-08-07T03:57:50Z,True
ludwig gets got,1012876,78378,323,PT12S,2024-08-06T06:39:18Z,False
Is Logan Paul a Scammer? | DAY 5,311227,5921,216,PT2H47M36S,2024-08-06T04:10:11Z,True
🔴GOING LIVE EVERYDAY IN AUGUST | DAY 4,241616,4492,114,PT2H24M47S,2024-08-05T00:57:09Z,True
doing WHATEVER my chat tells me to do. this stream was a mistake.,1190661,55705,1623,PT16M5S,2024-08-04T04:12:09Z,False
🔴 makin burgers for chat with QT | OVERCOOKED IRL,317967,6227,166,PT4H4M21S,2024-08-04T03:25:14Z,True
🔴 WELCOME BACK TO THE GAMERHOOD !StateFarm #ad,434167,7196,101,PT2H2M30S,2024-08-02T23:45:20Z,True
I forced streamers to run from me,269895,12986,84,PT26S,2024-08-02T04:21:26Z,False
🔴 i bought every sponsored product in my email and now im reviewing them,330639,6718,164,PT3H17M44S,2024-08-02T02:08:56Z,True
🔴 Does Mr. Beast Fake His Videos? (LOTS OF PAUSES),717308,15282,1762,PT4H23M57S,2024-08-01T06:50:45Z,True
how many points are you scoring today?,7121457,361833,936,PT29S,2024-07-31T05:33:00Z,False
🔴 HUGE ANNOUNCEMENT | BIGGEST MATCH IN 💦MXS💦 HISTORY | MXS VS TSM,248258,4282,83,PT3H3M52S,2024-07-30T23:28:49Z,True
🔴BIGGEST MATCH IN💦MXS💦 HISTORY | MXS VS M80 watchin with @tarik,198650,3257,29,PT2H29M13S,2024-07-29T22:57:11Z,True
🔴 RIVALS 2 IN HOUSE TOURNAMENT !rivals2 !bracket,356901,2796,59,PT3H33M47S,2024-07-28T23:20:50Z,True
🔴 MARVEL RIVALS WITH @tarik  !MarvelRivals #ad,150354,3048,42,PT1H55M3S,2024-07-28T18:55:14Z,True
I Tried Speedrunning Bars. It was cursed.,2862570,111191,2913,PT21M6S,2024-07-28T05:02:19Z,False
🔴 CREATOR LEAGUE BASKETBALL @ DREAMCON - 2ND TO LAST DRAFT PICK POV | TEAM MARK 🔛 🔝,362619,5931,219,PT1H49M28S,2024-07-28T01:54:41Z,True
The Best Advice Ive Ever Received,3055009,257075,332,PT41S,2024-07-27T05:06:56Z,False
Jerma Makes a Costly Mistake,2604862,127724,451,PT36S,2024-07-24T09:28:00Z,False
I Forced My British Friend to Rank Every Pizza Place,2756519,81566,3151,PT19M44S,2024-07-23T00:07:25Z,False
Never call Schlatt for advice,11884800,859463,2466,PT16S,2024-07-23T00:06:02Z,False
The worst advice I've ever received,1787410,146471,685,PT32S,2024-07-22T04:08:45Z,False
They Updated Elden Ring… it’s impossible,3539059,72652,3717,PT1H25M33S,2024-07-21T07:00:40Z,False
🔴 I STOLE FROM MRBEAST AND GOT IN TROUBLE (FAST STREAM),356245,10336,257,PT31M9S,2024-07-19T21:59:19Z,True
Ludwig Makes a Realization,3751352,280999,517,PT24S,2024-07-19T19:00:22Z,False
I let my chat rank youtubers. Big mistake…,1752897,66817,1923,PT29M54S,2024-07-19T05:58:26Z,False
Ludwig Makes a Mistake,1170849,89512,383,PT14S,2024-07-18T21:11:24Z,False
I Got Caught Stealing...,6225871,430149,615,PT37S,2024-07-17T23:54:53Z,False
I Scammed a Streamer,1575756,72046,1708,PT16M2S,2024-07-17T02:01:22Z,False
I scammed my “subscriber”,4945094,338416,441,PT45S,2024-07-17T00:48:47Z,False
I will never laugh the same again after this,30456742,1648877,5143,PT59S,2024-07-16T07:37:25Z,False
How I Scammed MrBeast,4550220,145809,5084,PT1H18M29S,2024-07-16T02:18:31Z,False
🔴 WATCHING THE MRBEAST VIDEO AND OPENING THE BRIEF CASE,651017,22737,645,PT2H34M56S,2024-07-15T03:05:44Z,True
streamers make too much money...,6336813,247196,562,PT33S,2024-07-14T19:35:13Z,False
I Ran a Speedrunning Event With The Best Gamers in the World,690699,18875,940,PT11H15M39S,2024-07-11T22:57:56Z,False
Why I Capped my Donations,10149614,731703,3047,PT21S,2024-07-11T01:01:39Z,False
VEGAS LIVE STREAM / BETTING $10K ON ONE BLACKJACK HAND,258824,5910,176,PT47M37S,2024-07-10T01:47:28Z,True
I Forced YouTubers to Play Competitive Hide and Seek | Unpaid Intern,2865356,91116,2574,PT1H16M22S,2024-07-10T01:45:06Z,True
🔴DOING WHATEVER YOU TELL ME TO DO ON STREAM | MARBLES MONDAY,332645,7294,198,PT6H16M29S,2024-07-09T09:11:05Z,True
I found the exact street,764177,65276,246,PT26S,2024-07-09T08:51:02Z,False
"I Made $2,000 on This Phone call",31222652,1705503,4033,PT41S,2024-07-08T06:39:44Z,False
mrbeast scares me,2908424,178513,1185,PT22S,2024-07-07T03:56:35Z,False
🔴YOUTUBER TIER LIST | ITS MY DAMN BIRTHDAY,252750,6671,274,PT2H49M39S,2024-07-07T02:21:45Z,True
🔴CAN I PASS AN AMERICAN CITIZENSHIP TEST? (idea from @DougDoug ),203868,3545,96,PT2H5M22S,2024-07-04T23:59:52Z,True
🔴 TALKIN SERIOUS BUSINESS,195346,3877,64,PT2H36M34S,2024-07-04T04:48:25Z,True
These Shoes Make You Jump Higher,2176868,126715,512,PT39S,2024-07-03T17:59:56Z,False
MOGUL MONEY LIVE!,1536798,63817,1058,PT3H36M40S,2024-07-02T22:58:37Z,True
🔴 DAY 1 OF BEING ON TIME EVERYDAY IN JULY | VALO IN-HOUSE with friends :),181590,3252,53,PT4H16M19S,2024-07-02T04:23:36Z,True
I'm NOT the World's Fastest Masher,6159468,395760,2039,PT29S,2024-07-01T00:03:54Z,False
🔴 NEW MR BEAST VIDEO | PROVING I AM BETTER AT VIDEO GAMES THAN CHAT,214546,4295,72,PT2H39M6S,2024-06-29T21:55:40Z,True
Can I Beat a Child Prodigy at Ping Pong? | Unpaid Intern,1283575,47714,1493,PT53M18S,2024-06-29T21:45:07Z,True
I Tried Beating the Hardest Pokemon Game. It took a while...,2398617,54251,828,PT41M57S,2024-06-28T02:59:17Z,False
Can I Score Against a D1 Basketball Player?,550524,35696,168,PT30S,2024-06-27T16:05:39Z,False
"I Let My Chat Decorate My Room. $15,000 Mistake.",1693809,60486,936,PT19M39S,2024-06-27T03:50:38Z,False
I got roasted so hard I changed my name,2062935,162674,432,PT36S,2024-06-25T07:47:32Z,False
Can I Beat a Child Prodigy at Basketball?,1827507,64885,2060,PT10M49S,2024-06-21T01:26:14Z,False
🔴EMERGENCY STREAM GET IN HERE NOW | ELDEN RING TOMO 12 PM PT,144264,2638,31,PT1H8M46S,2024-06-20T22:42:24Z,True
I Got a World Record in game ive never played before,1785093,126690,260,PT34S,2024-06-19T06:17:06Z,False
🔴WATCHING MRBEAST VIDEO THEN IM WALKING (and gaming),227280,4226,91,PT5H19M38S,2024-06-19T04:50:32Z,True
is it green or blue?,805297,74376,1405,PT57S,2024-06-18T18:03:59Z,False
Don't believe what they say about me.,8499763,563486,1611,PT30S,2024-06-18T06:26:00Z,False
🔴 AMAZON UNBOXING | DECORATING MY STREAM ROOM | NEW MERCH DROP,297559,5751,98,PT4H11M3S,2024-06-18T02:28:04Z,True
Never Let Michael Reeves Shoot You,9444937,475423,1941,PT30S,2024-06-17T08:07:05Z,False
"I streamed until I made 1,000 3 point shots. It was a mistake.",1496253,65149,1659,PT14M31S,2024-06-15T22:49:42Z,False
🔴 MXS WATCH PARTY | I'VE GOT A NEW CROCS COLLECTION !Crocs !Map #sponsored,210683,2971,43,PT3H44M18S,2024-06-14T03:37:01Z,True
🔴ELDEN RING BEATING THE HARDEST BOSS (mohg) RIGHT NOW,299171,5000,151,PT5H14M42S,2024-06-13T07:21:31Z,True
I sold my company for $2,2192178,208735,2267,PT57S,2024-06-12T05:37:21Z,False
I hate this guy and i dont even know his name,1222938,90333,250,PT34S,2024-06-11T02:01:14Z,False
How to tell is someone is lying (99% ACCURATE),6237400,437175,1127,PT40S,2024-06-10T06:32:05Z,False
I Forced My Friends to 𝓚𝓲𝓵𝓵 Each Other,695684,33008,706,PT10M45S,2024-06-09T01:37:19Z,False
🔴HUGE GAMING NEWS | SUMMER GAMES FEST | 100 GIFTED FOR BINGO,161087,3105,82,PT1H58M30S,2024-06-07T23:08:39Z,True
I lied to you...,1020202,83307,159,PT46S,2024-06-07T19:01:25Z,False
🔴GREATEST MRBEAST VIDEO ALL TIME | WATCHING NEW MRBEAST/MICHAEL REEVES VIDEO,256761,6569,162,PT2H6M25S,2024-06-07T03:31:51Z,True
I Broke My Promise,948758,61674,209,PT25S,2024-06-06T21:49:18Z,False
I Hired a Pro Gamer to Destroy My Roommate (AGAIN),1179294,41456,634,PT17M51S,2024-06-04T16:00:11Z,False
Heaviest Metal vs Tesla,8409349,492336,4206,PT25S,2024-06-02T07:15:39Z,False
🔴MXS IS BACK | STATE OF PLAY | THE CUBE IS HERE,234465,4083,54,PT3H34M53S,2024-05-31T01:28:18Z,True
"I bought a $4,000 paper weight",22079307,1183259,13434,PT44S,2024-05-30T20:50:30Z,False
I used to be a professional gamer,4270050,290750,520,PT31S,2024-05-30T06:59:47Z,False
"I let my chat spend $15,000. It was a mistake.",3164876,108977,1527,PT24M6S,2024-05-29T18:00:18Z,False
The Time I Became a Michelin Star Chef,254944,14706,55,PT25S,2024-05-29T06:20:21Z,False
This Pokemon game might disappear...,1986683,118492,840,PT34S,2024-05-28T07:20:48Z,False
🔴RED BULL ATHLETE TELLS ALL | JET LAG LATER,134258,2519,53,PT2H15M17S,2024-05-28T04:04:09Z,True
I streamed until I beat Elden Ring (AGAIN) it was a mistake.,2338053,53962,1074,PT1H6M44S,2024-05-27T03:51:17Z,False
🔴 STREAM ENDS WHEN I MAKE 🏀 1000 3 POINT SHOTS 🏀,746307,12922,613,PT6H53M7S,2024-05-24T03:22:44Z,True
🔴 AMAZON STREAM | LINK SOMETHING TO DECORATE MY NEW ROOM,284282,8919,107,PT4H32M57S,2024-05-23T03:54:03Z,True
🔴 Can I play in Immortal lobbies? ft. @tarik,514575,4484,90,PT3H52M27S,2024-05-21T23:00:16Z,True
NEW ROOM | MOIST MOGULS TOP 8,182565,3107,43,PT4H21M13S,2024-05-19T23:04:16Z,True
🔴 GAME 3 !! MXS VS OXYGEN LOSER IS OUT | WITH TARIK :3,151568,2511,24,PT3H5M38S,2024-05-18T23:31:44Z,True
🔴 I AM TRAPPED HERE SO MIGHT AS WELL STREAM,201024,2224,63,PT1H45M4S,2024-05-17T00:03:16Z,True
Carry as much water as possible.,198431,9507,58,PT56S,2024-05-12T06:55:56Z,False
This Streamer ruined my gameshow | Unpaid Intern,649288,20541,655,PT1H1M28S,2024-05-12T06:27:10Z,False
🔴 POKEROGUE TOURNAMENT | LAST STREAM IN THIS ROOM | PAYING A RANDOM VIEWERS TUITION END OF STREAM,310897,4706,56,PT5H41M58S,2024-05-12T05:27:24Z,True
"🔴 AFK JOURNEY VIDEO WITH LILY, ROSS, AND VOLKIN !AFK #sponsored",245277,2996,151,PT2H1M1S,2024-05-11T03:11:16Z,True
🔴 THE STREAM ENDS WHEN I BEAT POKEROGUE,498827,6511,138,PT7H9M14S,2024-05-09T08:18:55Z,True
I am a Red Bull Athlete*,1678212,165250,519,PT59S,2024-05-09T08:01:20Z,False
🔴 MY RETURN TO POKEMON | POKEROGUE RACE AGAINST WILL NEFF,461294,5958,145,PT8H4M46S,2024-05-08T07:43:17Z,True
I Snuck into a Movie Premiere. Big mistake.,1213638,53177,1157,PT27M7S,2024-05-07T06:56:10Z,False
"🔴 WORLD'S TALLEST 5'10"" STREAMER PLAYS HADES 2",215529,3543,78,PT4H26M44S,2024-05-07T06:52:14Z,True
🔴KENDRICK DROPPED ANOTHER | POKEMON ROGUE ON MONDAY,662932,15266,445,PT1H39M34S,2024-05-05T01:50:12Z,True
Pretending to be a Michelin Star Chef,1192137,53765,953,PT12M36S,2024-05-05T01:41:15Z,False
I lied to the government.,8330722,520259,1522,PT34S,2024-05-04T23:32:30Z,False
I used to think VR was dumb until....,795390,65527,303,PT32S,2024-05-04T05:22:45Z,False
🔴WE NEED TO TALK - I GOT BAD NEWS (AND GOOD NEWS),198711,3837,84,PT2H14M19S,2024-05-04T04:59:06Z,True
are you a grower or a shower?,4674664,302492,1086,PT53S,2024-05-02T21:58:47Z,False
🔴 STORY TIME MY FIRST MOVIE PRMIERE,136822,4267,140,PT59M6S,2024-05-02T00:57:51Z,True
"UNPAID INTERN EPISODE 3 ft. Wubby, Squeex, ExtraEmily, AustinShow  !RedBull !OMEN !HyperX",1002898,32002,1083,PT1H29M40S,2024-04-28T20:37:22Z,True
🔴 BRO VS BRO WITH @LinusTechTips,423157,10033,325,PT2H48M56S,2024-04-27T23:28:48Z,True
this streamer made a huge mistake challenging me,1103241,39030,659,PT23M3S,2024-04-27T07:24:33Z,False
🔴 NEW TMNT STUMBLE GUYS WITH @QTCinderella #stumblepartner,133470,2634,39,PT2H31M14S,2024-04-26T23:41:34Z,True
"🔴PROFESSIONAL REACTOR WATCHES MRBEASTS ""BEST VIDEO YET""",223666,4802,134,PT2H59M22S,2024-04-24T06:25:11Z,True
they put me in minecraft,5378784,324391,619,PT23S,2024-04-24T03:17:49Z,False
ill never forgive the dev of this game,151155,10260,48,PT1M,2024-04-23T05:33:18Z,False
one must imagine ludwig happy,3145790,85114,1444,PT22M53S,2024-04-23T05:33:02Z,False
They Updated Jump King. It's insane.,1496843,48745,688,PT31M27S,2024-04-20T04:52:51Z,False
hardest thing ive ever attempted,539114,33308,131,PT27S,2024-04-19T17:37:00Z,False
🔴 DAILY GAME THEN ELDEN RING WHEEL PUNISHMENTS,186584,3204,38,PT2H56M11S,2024-04-18T23:26:37Z,True
yet another youtuber i have beef with,4049615,262280,392,PT29S,2024-04-18T07:02:13Z,False
I Ranked EVERY Google Game,1692884,49792,1240,PT20M52S,2024-04-18T04:07:51Z,False
🔴 ludwig tries to get a perfect score on timeguessr,172698,3264,58,PT2H1S,2024-04-17T05:58:05Z,True
🔴LOSE A GAME GIFT 100 SUBS,69263,1940,329,PT7M12S,2024-04-17T03:46:37Z,True
🔴 one must imagine ludwig happy,362919,7056,124,PT4H16M47S,2024-04-16T02:37:45Z,True
I asked my girlfriend to stream for me...,3529920,153048,329,PT21S,2024-04-15T20:46:54Z,False
🔴 🪂NEW JUMP KING 🪂 THIS IS NOT A DRILL 🪂 BEATING IT TODAY🪂,355722,6296,85,PT7H20M19S,2024-04-14T08:10:03Z,True
I SAID DO NOT TRY THIS AT HOME,841989,60133,172,PT31S,2024-04-14T07:55:03Z,False
I Tried Beating Japan's Hardest Game. I got the world record,782560,34459,537,PT9M10S,2024-04-13T04:41:28Z,False
The Most Impressive Trick Shot,180271,7710,54,PT38S,2024-04-13T03:59:27Z,False
🔴 MXS WATCH PARTY??,157515,2694,34,PT2H31M36S,2024-04-11T23:02:23Z,True
"I gave my chat $10,000",554769,45337,134,PT24S,2024-04-11T19:00:02Z,False
I challenged smallant to a speedrun tournament,2444599,65333,719,PT23M51S,2024-04-11T03:36:03Z,False
NAME A WOMAN,3157566,258788,2202,PT20S,2024-04-10T19:30:00Z,False
YouTube's Secret Video Game,1490141,144238,449,PT18S,2024-04-09T19:30:01Z,False
🔴 WATCHING LINUS TECH TIPS TORTURE ME,156659,3278,60,PT2H10M10S,2024-04-09T05:59:27Z,True
subscribe 4 sex,126649,11732,193,PT28S,2024-04-08T07:48:45Z,False
Never Hire a Woman... | Unpaid Intern,1276933,42577,1193,PT55M38S,2024-04-08T07:46:21Z,False
🔴 BRO V BRO AGAINST @FoolishGamers,220008,4243,100,PT4H13M54S,2024-04-08T04:01:59Z,True
STOP DOING THIS! EMERGENCY STREAM,195310,4055,171,PT2H15M12S,2024-04-06T02:23:44Z,True
2 Lesbians Sell Lemonade (gone wrong),309089,15591,86,PT55S,2024-04-04T19:00:04Z,False
"I Let My Chat Invest $10,000 to prove it's all luck",3661135,110203,2093,PT22M53S,2024-04-04T06:29:32Z,False
Don't Trust Linus Tech Tips,1647480,76361,330,PT24S,2024-04-04T05:14:32Z,False
🔴 HUGE DAY ! MXS VALO | RANKING EVERY GOOGLE GAME | JET LAG FINALE,276826,4623,66,PT6H33M49S,2024-04-04T03:29:52Z,True
🔴NEW MRBEAST VIDEO,167911,3957,78,PT2H8M40S,2024-04-03T06:33:13Z,True
"This Japanese ""Kids"" Game is Impossible",4868075,212540,375,PT29S,2024-04-02T19:00:03Z,False
im a bad streamer,1618412,166810,494,PT34S,2024-04-01T18:59:43Z,False
YouTube Started Making Video Games. I Ranked Them All.,1688464,70584,1507,PT17M29S,2024-04-01T06:20:13Z,False
🔴BIG DAY FOR OUR MOIST MOGULS | TOP 8 BATTLE OF BC,205497,3025,35,PT5H57M,2024-04-01T00:36:20Z,True
UNPAID INTERN FT. @QTCinderella @issfanfan @SamwitchOfficial @nutstar !RedBull !OMEN !HyperX,648923,28838,933,PT1H8M39S,2024-03-30T22:29:37Z,True
🔴 LATE NIGHT STREAM | UNPAID INTERN TOMORROW,113722,2338,47,PT2H29M32S,2024-03-30T08:06:22Z,True
Dogma _____,4546172,361318,1250,PT14S,2024-03-29T06:19:51Z,False
🔴 MXS MATCH ➡️ SUIKA GAME ➡️NEW AMOGUS GAME (OH DEER),303513,5351,87,PT5H35M25S,2024-03-29T04:48:13Z,True
🔴 THE RETURN,285333,5747,92,PT3H7M29S,2024-03-28T04:51:17Z,True
My Biggest Video Almost Never Happened,8649081,652122,606,PT47S,2024-03-27T06:47:54Z,False
🔴 NAMING 100 WOMEN (SPEEDRUN),253295,5252,202,PT1H52M21S,2024-03-27T06:46:00Z,True
🔴 TRY NOT TO CRINGE CHALLENGE WITH SUBSTITUTE TEACHER | MARCH MADNESS IS WILD ✌️🤪,202863,7664,255,PT41M55S,2024-03-26T05:51:17Z,True
🔴 LET'S TALK ABOUT THE SUBREDDIT POST...,172750,3472,73,PT1H46M2S,2024-03-25T03:22:17Z,True
"🔴1 YEAR AGO CHAT SPENT $10,000 ON STOCKS... TODAY IT'S WORTH...",301688,6101,115,PT1H51M38S,2024-03-24T03:16:26Z,True
Watching 100 TikToks to Answer This Question,2159225,75369,1360,PT29M14S,2024-03-24T03:07:53Z,False
🔴 SPEEDRUNNING YOUTUBE GAMES,282808,4931,109,PT4H52M1S,2024-03-23T20:19:48Z,True
I Hate Smallant,1345648,125504,418,PT30S,2024-03-22T07:02:13Z,False
🔴 WATCHING 100 TIK TOKS 100 SHORTS 100 REELS,372697,7630,162,PT3H52M37S,2024-03-22T01:39:14Z,True
🔴 REDDIT RECAP + JETLAG EPISODE 3 ! MARCH MADNESS CONTINUES ON,130141,2978,45,PT2H37M,2024-03-21T05:05:20Z,True
Do You See it?,271050,19734,172,PT31S,2024-03-21T02:31:31Z,False
💦EMERGENCY GET IN HERE 💦  FIRST GAME OF THE SEASON 💦 LETS GO MXS 💦@tarik @GOFNS 💦,349362,5544,86,PT3H37M55S,2024-03-19T23:40:07Z,True
In a hotel ask me anything,236501,4846,128,PT57M11S,2024-03-19T06:33:04Z,True
This YouTuber Bet I Couldn't Beat His Game,1616354,62394,1075,PT23M22S,2024-03-18T23:55:19Z,False
🔴 THE STREAM ENDS IF I CRY | ELDEN RING LORE,271463,5603,152,PT2H12M18S,2024-03-18T03:55:49Z,True
LISTEN TO ME,731710,68902,1613,PT16S,2024-03-17T03:00:02Z,False
🔴NEW MR BEAST VIDEO AND THEN ELDEN RING LORE?,244817,5300,97,PT2H14M44S,2024-03-17T02:59:07Z,True
🔴 EXPLORING A NEW WORLD Sponsored by Outcast - A New Beginning !Outcast,167965,2832,38,PT3H24M30S,2024-03-16T03:22:09Z,True
I Watched 500 YouTube Shorts to Answer This Question,3054520,116570,2795,PT33M4S,2024-03-16T03:14:23Z,False
he ruins everything,204714,15738,179,PT36S,2024-03-15T23:37:23Z,False
worlds shortest stream,90905,7675,1147,PT20S,2024-03-15T06:55:41Z,True
A MESSAGE TO THE CEO OF YOUTUBE,1006651,94342,472,PT28S,2024-03-14T04:39:07Z,False
🔴 JET LAG EPISODE 2 (SHORT STREAM TRAVELLING TOMORROW),109720,2574,47,PT1H16M34S,2024-03-14T04:22:06Z,True
🔴 REACTING TO VIDEOS (NEW JET LAG WOOOO!!!!!),217525,4248,72,PT2H53M16S,2024-03-13T05:47:13Z,True
Never Hire Schlatt | Unpaid Intern,3544671,132597,3081,PT1H2M23S,2024-03-13T05:38:00Z,False
Speaking Backwards is Harder than it seems,1463837,123334,288,PT57S,2024-03-13T02:00:53Z,False
Worst Handshake in the World,2997297,251528,822,PT1M,2024-03-12T07:12:15Z,False
🔴 INFINITE CRAFT DUEL AGAINST @Smallant,583608,10106,138,PT5H16M9S,2024-03-12T03:37:00Z,True
How I Accidentally Won a Speedrun Tournament,2959648,102117,1107,PT40M50S,2024-03-09T02:43:00Z,False
🔴 I HAVE ONE HOUR TO BEAT THIS GAME OR I GIFT 100 SUBS,390301,8204,120,PT4H44M23S,2024-03-09T02:32:02Z,True
🔴 FINAL FANTASY VII (7) REBIRTH WITH SLIME !FF7R #sponsored,142416,3254,47,PT1H58M58S,2024-03-08T03:46:42Z,True
Malicious Compliance.,606884,44019,221,PT31S,2024-03-07T20:27:50Z,False
🔴 THIS YOUTUBER MADE A NEW GETTING OVER IT GAME... WE BEAT IT TODAY!!!,592214,10915,224,PT5H26M10S,2024-03-07T07:56:51Z,True
I Let YouTube Autoplay 1000 Videos,3450053,117176,2609,PT22M46S,2024-03-06T08:34:30Z,False
🔴 It's Time. Watching 500 YouTube Shorts,404338,10313,286,PT5H32M7S,2024-03-05T08:35:59Z,True
🔴 ONE HOUR TO GET A WATERMELON OR I GIFT 222 SUBS UPDATES/DRAMA/REACT/GAMING/GOONING,163550,3658,80,PT2H7M18S,2024-03-04T04:29:22Z,True
Proving I'm the Best Speedrunner Once and For All,2132965,48939,760,PT32M36S,2024-03-04T04:19:39Z,False
This Took 5 Years,2339785,164136,875,PT32S,2024-03-03T23:43:58Z,False
🔴 PROFESSIONAL MRBEAST REACTOR REACTS TO MRBEAST | STREAMING EVERYDAY 2/31,150030,3935,93,PT54M58S,2024-03-02T20:31:12Z,True
🔴 HELP ME DESIGN A TATTOO (NEW SUB BADGES),102478,2602,119,PT1H17M22S,2024-03-02T05:27:53Z,True
Schlatt Teaches Children,2635161,182868,1011,PT59S,2024-03-01T04:00:13Z,False
🔴 SPEEDRUNNING YOUTUBE,291438,6878,136,PT2H39M15S,2024-02-29T06:02:24Z,True
I accidentally kicked a gay man,1485172,116423,687,PT30S,2024-02-27T08:15:00Z,False
🔴 5 YEAR ANNIVERSARY OF BEING A YOUTUBER,226053,5513,85,PT4H11M55S,2024-02-27T07:53:45Z,True
I Forced a British Man to Try EVERY Fast Food Restaurant,2109285,62976,1242,PT23M9S,2024-02-26T08:00:43Z,False
"UNPAID INTERN FEAT.  @jschlattLIVE, @LilyPichu, @Kyedae, @danielthrasher  !RedBull !OMEN !HyperX",1607470,79355,2414,PT1H34M54S,2024-02-24T22:44:41Z,True
Huge Streamer Awards Drama,882017,41376,892,PT15M55S,2024-02-24T00:02:23Z,False
I Walked in on my Teacher,2556115,239213,935,PT56S,2024-02-23T08:17:49Z,False
🔴 PROVING I AM THE GREATEST (mario) GAMER ON EARTH | 1v1 @Squeex,263477,4339,53,PT5H42M20S,2024-02-23T06:40:32Z,True
🔴 2V2UESDAY 🧑‍🤝‍🧑 WINNER 🏆 POV  🎥 WITH:  @starsmitten,251228,4646,66,PT4H38M46S,2024-02-22T02:52:49Z,True
🔴 Award Winning Streamer (must watch experience),208583,4839,50,PT5H10M15S,2024-02-21T07:41:49Z,True
I Confronted YouTubes 'Scary' New CEO,1103276,64917,2672,PT50M24S,2024-02-20T18:30:20Z,False
They Stole My Face,1755621,149806,446,PT33S,2024-02-20T08:07:16Z,False
🔴 SHORT ASS MAN WITH A SHORT ASS STREAM (PARASOCIAL CLUB AFTER),105325,2398,69,PT1H15M49S,2024-02-16T05:23:28Z,True
I Tried Your Dumb Stream Ideas,1567070,52766,582,PT18M35S,2024-02-16T05:15:11Z,False
YOU'VE BEEN WARNED,949213,65601,363,PT21S,2024-02-14T22:39:20Z,False
Why February is My Favorite Month,885703,81131,568,PT31S,2024-02-14T06:13:52Z,False
🔴 THE PUZZLE MASTER IS BACK #sponsored by Islands of Insight !islands,178162,3555,44,PT2H45M33S,2024-02-14T06:05:04Z,True
This Speedrun is as bad as it looks,2470217,102603,1545,PT16M48S,2024-02-13T09:55:51Z,False
I Cheated.,2764574,197204,517,PT32S,2024-02-13T09:12:53Z,False
🔴 SPEEDRUNNING EVERYTHING (ty @PointCrow for the title :),377829,5725,127,PT3H18M39S,2024-02-13T05:14:40Z,True
🔴 PALWORLD WITH PALS,316687,5891,116,PT5H38M19S,2024-02-11T06:18:59Z,True
I Watched ALL the FNAF Lore. Now I'm an expert.,5384703,141272,2482,PT54M51S,2024-02-10T07:29:43Z,False
🔴 HAHAHA IM GONNA GO CRAZY!!,206730,3682,43,PT3H21M42S,2024-02-10T05:39:22Z,True
Less Attractive = Less Views,3225643,216300,1412,PT32S,2024-02-10T01:00:07Z,False
🔴 I TRY YOUR TERRIBLE STREAM SUGGESTIONS,227295,4760,85,PT4H18M25S,2024-02-08T05:18:35Z,True
Learning How to Kickflip in 24 Hours,603316,36294,299,PT31S,2024-02-08T00:33:42Z,False
this mobile game is a scam,386059,32165,160,PT25S,2024-02-07T08:45:00Z,False
I Got Scammed at the Grammys,1273477,50091,1259,PT23M36S,2024-02-07T05:34:20Z,False
🔴 5v5 DRAFT CREW BATTLE,265956,4671,57,PT4H47M49S,2024-02-07T03:31:31Z,True
🔴 STORYTIME THEN BALDURS GATE,141338,3401,82,PT1H3M9S,2024-02-05T23:37:49Z,True
F MrBeast,3291980,204880,782,PT41S,2024-02-05T07:23:42Z,False
This French Streamer Scammed Me,2217516,60347,1062,PT38M49S,2024-02-05T07:18:57Z,False
Never Answer MrBeast’s Texts,2655721,96636,1109,PT28M34S,2024-02-03T07:43:19Z,False
🔴 TWITCH VS YOUTUBE FOR @pokimane's FIRST YOUTUBE STREAM THEN RANKED VALORANT,261505,4681,50,PT6H30M42S,2024-02-02T03:56:14Z,True
🔴 FIVE NIGHTS AT FREDDY'S LORE STREAM,444567,12516,283,PT4H36M32S,2024-02-01T02:49:25Z,True
I Asked 100 Streamers How to Be Successful,1085713,51902,1561,PT37M16S,2024-01-30T06:05:32Z,False
im gonna say it...,5878993,435376,1811,PT51S,2024-01-30T05:00:06Z,False
I Hired a Pro Gamer to Secretly Destroy My Friends,3144976,124348,1874,PT13M37S,2024-01-28T06:35:11Z,False
🔴MrBeast made me jump out of a helicopter (at gu n point),213773,5987,148,PT1H26M19S,2024-01-28T05:32:27Z,True
🔴VOTED FOR THE STREAMER AWARDS ✅ GETTING CARRIED BY LILYPICHU IN VALORANT,176102,3624,48,PT3H42M21S,2024-01-27T06:55:45Z,True
🔴HOW TO BE A STREAMER | THE ULTIMATE GUIDE,193355,5848,111,PT2H9M5S,2024-01-26T04:19:52Z,True
I Ranked EVERY Mobile Game,2635659,77437,2347,PT22M14S,2024-01-26T04:12:13Z,False
🔴This Stream Will Self Destruct in 69 Minutes,165156,4235,99,PT1H9M49S,2024-01-24T04:44:18Z,True
🔴HUGE STREAM DRAMA,190035,4071,70,PT2H13M16S,2024-01-23T04:34:26Z,True
I Gave My Chat My Credit Card. Big Mistake.,393705,27940,176,PT21S,2024-01-22T08:26:01Z,False
🔴STREAMING UNTIL I OLLIE,372249,6982,204,PT2H36M,2024-01-19T01:06:09Z,True
I Ranked Every YouTuber. Bad idea.,2159713,80684,1521,PT24M42S,2024-01-19T01:02:46Z,False
🔴STREAMING UNTIL I LAND A KICKFLIP,195576,4374,155,PT58M51S,2024-01-18T22:16:39Z,True
🔴THE RETURN OF BRO VS BRO AGAINST FRENCH MAN @AREtoilesMC,257150,4712,63,PT5H8S,2024-01-18T02:18:48Z,True
My Gambling Addiction,392669,28900,163,PT38S,2024-01-17T08:04:00Z,False
🔴RANKING EVERY MOBILE GAME,773231,8863,518,PT3H46M54S,2024-01-17T05:50:57Z,True
The Only Streamer I Have Beef With,738951,57068,125,PT27S,2024-01-16T06:04:28Z,False
🔴STREAM,168344,3747,63,PT1H6M40S,2024-01-16T02:14:04Z,True
"$50,000 BIGGEST VALORANT TOURNAMENT 2024 | LUDWIG x TARIK INVITATIONAL 2 !OMEN !RedBull",477508,7479,57,PT9H1M39S,2024-01-15T04:09:20Z,True
"DAY 1 PART 2 | $50,000 BIGGEST VALORANT TOURNEY 2024 | LUDWIG x TARIK INVITATIONAL 2 !OMEN !RedBull",97106,1831,14,PT46M43S,2024-01-14T06:22:49Z,True
"$50,000 BIGGEST VALORANT TOURNAMENT 2024 | LUDWIG x TARIK INVITATIONAL 2 !OMEN !RedBull",536172,8609,32,PT11H41M44S,2024-01-14T06:11:09Z,True
🔴 RANKING YOUTUBERS (big drama),355254,8504,220,PT1H56M45S,2024-01-12T01:50:54Z,True
I Ranked Every Flash Game,2198551,55408,1639,PT29M21S,2024-01-12T01:36:54Z,False
MrBeast is a bad man,7393496,604360,1389,PT46S,2024-01-11T20:09:12Z,False
🔴 WHO WANTS TO BE A MILLIONAIRE BATTLE ROYALE,274274,4968,42,PT4H31M30S,2024-01-11T03:48:07Z,True
I Gave My Stream My Credit Card for 1 Hour. Big Mistake.,1905572,70234,911,PT19M35S,2024-01-10T07:26:58Z,False
🔴MATPAT RETIRING | EMERGENCY STREAM,410381,15438,703,PT1H1M51S,2024-01-10T01:06:54Z,True
I Secretly Invented a Popular Video Game,383675,30216,82,PT26S,2024-01-09T23:53:11Z,False
🔴 STREAMER AWARD NOMINATIONS | BIG ANNOUNCEMENT | BLADURS GATE,172996,3848,78,PT1H44M5S,2024-01-09T00:21:44Z,True
Don't Fall for This YouTube Scam,2137286,155478,1726,PT32S,2024-01-08T08:17:31Z,False
The Brightest Flashlight in the World,3148651,173001,820,PT26S,2024-01-07T05:52:25Z,False
🔴 2V2UESDAY ON A SATURDAY,272589,4780,57,PT4H19M22S,2024-01-07T02:53:32Z,True
🔴LATE NIGHT STREAM BIG SURPRISE!!,155846,3559,46,PT2H12M19S,2024-01-06T06:55:48Z,True
"If You Send Me a Bad Song, You Get Banned",1184283,48776,1247,PT17M22S,2024-01-06T06:46:44Z,False
I Secretly Created a Trivia Game to Destroy this Streamer,4079685,92372,1244,PT30M56S,2024-01-04T22:15:21Z,False
How Much MrBeast Makes,2682708,213621,630,PT30S,2024-01-04T08:03:40Z,False
🔴AMAZON STREAM | ONE HOUR TO BUY ANYTHING YOU WANT TO DECORATE MY OFFICE,228453,5529,119,PT2H34M34S,2024-01-04T03:42:43Z,True
🔴SEND ME A LINK TO A GODLIKE SONG (copyright free),316755,5428,126,PT3H53M21S,2024-01-03T05:44:21Z,True
I am the greatest gamer in the world,1231041,94674,392,PT27S,2024-01-02T23:30:27Z,False
This Streamer called me out. So I embarrassed her on stream.,2188632,71129,1035,PT19M2S,2024-01-01T03:55:57Z,False
🔴WRITING DOWN MY GOALS FOR 2024 🎆 NEW YEARS EVE 🎆,148477,3410,67,PT2H30M26S,2024-01-01T03:37:52Z,True
🔴Are Old Browser Games Still Good?,361500,6420,124,PT6H58M24S,2023-12-31T08:37:59Z,True
🔴LIVE AND ALIVE BABY,213449,3757,75,PT3H53M59S,2023-12-30T04:49:45Z,True
I think I went too far...,2464584,237507,762,PT34S,2023-12-29T07:40:22Z,False
🔴PLAYING @Northernlion  TO SEE WHO IS THE CHAMPION OF DAILIES,227915,4249,105,PT3H3M51S,2023-12-28T21:12:13Z,True
this hurt my feelings,465004,38664,137,PT16S,2023-12-28T03:02:24Z,False
🔴IM BACK! BIG DRAMA BIGGER REACTS AND BIGGEST GAMER,264243,4723,79,PT4H47M42S,2023-12-27T06:21:00Z,True
Do not buy this game.,1029118,67011,124,PT25S,2023-12-24T20:49:51Z,False
I Hired a Professional Singer to fool my chat,3352001,156234,2301,PT12M8S,2023-12-22T21:33:34Z,False
Michael Reeves is crazy,1409190,75968,255,PT21S,2023-12-21T22:56:29Z,False
They made a Sequel to Only Up. It's horrible.,1187331,49372,530,PT11M20S,2023-12-21T05:31:11Z,False
🔴SHORT STREAM GET IN HERE,133114,2861,41,PT1H41M21S,2023-12-21T03:59:57Z,True
I Created The Ultimate Influencer Dodgeball Tournament,1307015,68027,1234,PT13M37S,2023-12-20T08:59:03Z,False
🔴they made a sequel... lets beat it.,316538,6487,79,PT2H42M58S,2023-12-19T07:02:25Z,True
🔴 SHORT STREAM watching mr breast and daily dose,154717,3811,67,PT2H20M3S,2023-12-18T04:42:59Z,True
THE MATCH | THE FIGHT FOR #1 !rivals !chessboxing !swipe,358767,6943,154,PT4H32M1S,2023-12-16T01:00:43Z,True
🔴JERMA HOUSE FLIPPER CHALLENEGE WITH DOUGDOUG,231006,3513,37,PT5H18M19S,2023-12-15T02:42:45Z,True
🔴 DODGEBALL STORY TIME THEN FORTNITE AND VALORANT WITH MY BEST FRIEND IN THE WORLD,293541,5619,63,PT5H39M52S,2023-12-13T09:04:34Z,True
CREATOR DODGEBALL WORLD CHAMPIONSHIP !chessboxing !swipe !rivals,1248328,34423,944,PT5H5M1S,2023-12-11T02:09:10Z,True
I Went to the Worst Barber in LA,751785,30869,680,PT16M5S,2023-12-10T05:22:08Z,False
This streamer won't leave me alone,236588,11111,136,PT25S,2023-12-08T23:13:55Z,False
🔴 BRO VS BRO VS @tinakitten BROUGHT TO YOU BY AMPM SNACK SQUAD STREAM !ampm #ad,488510,7265,108,PT9H50M3S,2023-12-08T04:45:31Z,True
🔴 VALO WITH SLIME - BOT FRAG = 100 GIFTED | IM BACK!!,310105,5873,47,PT8H55M32S,2023-12-07T09:40:25Z,True
"I lost $100,000 because of my name",1278103,73857,656,PT56S,2023-12-06T00:00:42Z,False
Try Not to Laugh at TIKTOKS,2047209,74100,47431,PT14M55S,2023-12-05T05:44:53Z,False
This YouTuber Scammed Me,809928,66882,241,PT36S,2023-12-04T03:07:52Z,False
The Most Racist Person I Ever Met,1613057,66240,1800,PT23M45S,2023-12-03T06:52:41Z,False
🔴 TIK TOK BINGO THEN GAMES,199648,4394,430,PT2H40M59S,2023-12-01T03:29:42Z,True
🔴 UNUSUAL MEMES THEN HIVEMASTER SOLO RUNS,254529,4573,50,PT5H5M59S,2023-11-30T06:14:02Z,True
im a loser,937926,37312,1335,PT12M7S,2023-11-29T07:35:15Z,False
🔴 Lethal Company Professional,330266,5361,112,PT2H28M4S,2023-11-29T05:12:29Z,True
🔴 BIG STREAM | IQ TEST | YLYL | VALO | LETHAL COMPANY | GIVING AWAY FREE BIDETS,397375,6796,103,PT9H52M23S,2023-11-28T08:09:47Z,True
"I Lost $10,000 Playing Fortnite",1122131,96720,181,PT48S,2023-11-27T04:53:45Z,False
BACK FROM FRANCE 🇫🇷 2V2UESDAY,283393,5136,35,PT6H54M40S,2023-11-26T06:26:58Z,True
BEAT THE GAME IN ONE HOUR OR ELSE...,1019155,60268,625,PT16M36S,2023-11-21T17:14:46Z,False
Schlatt Scares Me,14285354,1209979,6549,PT41S,2023-11-21T04:49:17Z,False
I Tried Drifting with Schlatt. Big Mistake.,2040088,122935,2863,PT13M10S,2023-11-20T06:51:29Z,False
No one has ever played this game,6390414,373125,445,PT27S,2023-11-18T08:40:37Z,False
VICTORY ROYALE IN ONE HOUR OR I GIVE YOU $500 | NO FNAF TODAY !,151263,3242,43,PT2H23M50S,2023-11-17T19:20:02Z,True
ONE HOUR OR RANDOM VIEWER GETS $500 | DO NOT MENTION MY HAIRCUT PLEASE!,197002,4149,73,PT2H30M51S,2023-11-17T06:36:45Z,True
I made a mistake,3173486,162516,513,PT45S,2023-11-17T06:31:51Z,False
This Speedrunner Terrifies Me,5754200,449543,838,PT19S,2023-11-16T01:00:20Z,False
RIVALS 2 WORLD PREMIERE !rivals2,628606,4611,188,PT3H52M7S,2023-11-15T23:32:43Z,True
I Tried Playing Steam Games No One Plays,2453188,70614,1081,PT19M35S,2023-11-15T07:56:12Z,False
Sorry MrBeast...,1005034,73484,243,PT29S,2023-11-15T06:59:42Z,False
Im a loser.,303802,5041,42,PT3H39M33S,2023-11-15T06:54:12Z,True
"$10,000 OTK VALO TOURNEY WINNERS POV WITH @kkataminaYT @peterparkTV @Sykkuno @Tuonto",213775,3458,46,PT5H5M36S,2023-11-14T01:23:00Z,True
I’m Tired of British People,2100055,128480,1979,PT27S,2023-11-12T09:35:00Z,False
ONE HOUR TO SPEEDRUN MATH OR I GIFT 100 SUBS,188291,3747,222,PT1H22M24S,2023-11-11T23:30:29Z,True
🏆 FORTNITE WIN IN ONE HOUR OR I GIVE CHAT $500,175552,4091,54,PT2H40M12S,2023-11-11T07:31:20Z,True
VALORANT GOD GAMER POV,182177,4482,38,PT4H8M31S,2023-11-10T06:49:49Z,True
Can I make my cat fly with balloons,2923086,189682,857,PT39S,2023-11-10T00:44:43Z,False
"IF WE GET A VICTORY ROYALE BEFORE THE TIME RUNS OUT I GIVE THEM $10,000",193130,5290,46,PT3H16M12S,2023-11-09T06:58:05Z,True
"Beat my score, keep my laptop",583929,48732,311,PT41S,2023-11-09T01:18:48Z,False
PLAYING DEAD STEAM GAMES WITH @stanz AND CHAT THEN FEAR & HUNGER,253629,4918,56,PT5H22M39S,2023-11-08T07:39:47Z,True
I almost got kicked out of twitchcon,318225,31166,145,PT43S,2023-11-07T23:34:19Z,False
ALL I DID WAS PLAY THE WATERMELON GAME AND LOSE. THATS THE WHOLE STREAM,326654,6851,39,PT6H44M28S,2023-11-06T08:40:59Z,True
😤 GRINDING FOR DOUBLE 🍉🍉 WATERMELON 🍉🍉💧💚 MXS VIEW PARTY 💧💚,517858,7005,111,PT3H35M28S,2023-11-05T02:33:57Z,True
👑 VICTORY ROYALE: ACHIEVED 😏 FEAR AND HUNGER: RAGE QUIT 😱 TIME FOR VALORANT WITH FRIENDS 🤗,346682,6496,80,PT7H54M14S,2023-11-04T07:06:33Z,True
"I Got Scammed out of $10,000 at TwitchCon",1188859,45313,1080,PT22M33S,2023-11-03T06:50:43Z,False
"💦$20,000 VALO TOURNAMENT💦 MAYBE FEAR HUNGER AFTER MAYBE SUIKA IF I HATE MYSELF!!!! WHO KNOWS💦💦💦",199762,3327,27,PT5H4M51S,2023-11-03T06:39:20Z,True
🍉 SUIKA 🍉 | 💧💚 MXS VS SEN 🤮 | 💥VALORANT 🚀 | ♟️ CHESS ♘,349827,6140,64,PT8H3M34S,2023-11-02T05:42:56Z,True
🎃 PLAYING THE MOST HORRIFYING GAME IN THE WORLD🎃FEAR&HUNGER🎃HAPPY HALLOWEEN🎃,562658,5384,117,PT3H41M3S,2023-11-01T04:26:12Z,True
ONE HOUR TO GET 3000 OR YOUTUBE WILL FINE ME IN VIOLATION OF MY CONTRACT,975763,9163,84,PT3H55M42S,2023-10-31T07:13:06Z,True
Ultimate Halloween Candy Tier List,1163319,38651,1375,PT28M2S,2023-10-29T06:32:03Z,False
SUIKA TOURNAMENT?? LETS SET IT UP,329920,5577,93,PT3H34M21S,2023-10-29T04:50:39Z,True
best NA fleshtuber at suika game 😏,325110,7343,111,PT4H26M43S,2023-10-28T04:49:55Z,True
"$50,000 2vThursday Tournament Presented by !Crocs !crocs-tellation",371275,6922,84,PT5H2M24S,2023-10-27T03:20:00Z,True
ONE HOUR TO BEAT CONNORS SCORE FRFR ONG,475850,7678,137,PT3H17M56S,2023-10-26T07:31:59Z,True
I Forced a British Man to eat Everything at Taco Bell,2320555,67093,1972,PT22M19S,2023-10-25T06:38:53Z,False
🎃TRYING EVERY HALLOWEEN CANDY WITH @CDawgVA & @PremierTwo 👻,210671,5107,187,PT2H17M17S,2023-10-25T02:58:17Z,True
MXS VS SENTINELS WITH @tarik,244751,5241,97,PT3H3M17S,2023-10-24T03:49:12Z,True
ONE HOUR TO TELL STORIES FROM TWITCH CON AND PLAY WATERMELON GAME,485642,9000,126,PT5H14M12S,2023-10-23T08:16:25Z,True
Huge Pokemon Scam,7496314,263807,589,PT39S,2023-10-23T08:09:30Z,False
This speedrunner bragged about being better so I proved him wrong,1647078,42572,514,PT27M51S,2023-10-22T00:51:22Z,False
ONE HOUR TO BEAT CONNORS SCORE OR IM SKIPPING TWITCH CON,1256668,10622,298,PT3H53M34S,2023-10-19T23:05:31Z,True
ONE HOUR TO BEAT CONNORS SCORE (I AM UPSET AT BRITISH PEOPLE!!),536757,10350,66,PT9H7M3S,2023-10-19T09:52:46Z,True
Breaking the law in Japan,4793100,244696,746,PT50S,2023-10-18T03:30:26Z,False
TASTING THE ENTIRE TACO BELL MENU WITH A 🤢 BRI*ISH 🤮 MAN,345144,8107,278,PT2H18M58S,2023-10-18T02:59:52Z,True
ONE HOUR TO BEAT THE GAME OR I CRY FOR REAL,525115,11533,206,PT4H3M19S,2023-10-17T05:34:14Z,True
ONE HOUR TO BEAT THE GAME OR I UNINSTALL THE GAME FOREVER,327748,7115,158,PT1H8M40S,2023-10-16T00:14:25Z,True
Can You Taste the Difference Between Cheap and Expensive Water?,1305996,46557,1789,PT17M3S,2023-10-16T00:09:02Z,False
ONE HOUR TO BEAT THE GAME OR I GIFT 40  SUBS,337283,7222,78,PT4H8M14S,2023-10-15T07:25:01Z,True
ROBBIN BANKS WITH @ClintStevens AND @mang0GoBirds,250813,5223,55,PT6H34M43S,2023-10-14T07:24:41Z,True
Beating the HARDEST Game in Japan in 1 Hour,1134101,38054,624,PT11M15S,2023-10-13T16:05:47Z,False
"I got scammed out of $13,100",3060353,216660,518,PT33S,2023-10-10T03:49:48Z,False
Japans hardest game is ruining my life,6258825,422724,1406,PT43S,2023-10-08T07:10:16Z,False
He Used a Pro to Cheat in a Fishing Competition,1305492,56916,1766,PT28M20S,2023-10-08T03:51:37Z,False
I Scammed Crocs,443307,35310,544,PT16S,2023-10-07T06:13:58Z,False
DONT SAY THIS IN CHAT,651198,42901,385,PT19S,2023-10-05T04:11:52Z,False
I HAVE 1 HOURS TO BEAT JAPANS HARDEST GAME,455448,8698,146,PT5H19M4S,2023-10-03T22:43:37Z,True
Can You Draw a Perfect Circle?,1380288,49747,1089,PT13M48S,2023-10-03T22:32:27Z,False
MXS VS C9 Red Bull Double Agent,173723,3974,52,PT3H11M29S,2023-10-03T04:39:14Z,True
I ruined this speedrunners life,3414981,199779,306,PT39S,2023-10-03T03:20:48Z,False
I've Got Beef with Pokimane,682481,47477,293,PT24S,2023-09-30T04:00:57Z,False
YOUTUBE VS TWITCH DRAMA,227426,4803,100,PT1H55M7S,2023-09-30T01:48:17Z,True
100 YouTubers Controlled My Stream. It Was Cursed.,2979336,90673,1317,PT22M42S,2023-09-30T01:40:04Z,False
🔴END OF THE 24 HOUR STREAM👴💨,275640,5091,54,PT11H55M,2023-09-29T19:43:49Z,True
🔴24 HOUR STREAM ft. SQUEEX👴💨,433783,7654,53,PT11H50M5S,2023-09-29T07:38:57Z,True
You CANNOT Beat This Game,11850355,675696,4753,PT38S,2023-09-28T07:55:44Z,False
"This Mistake Cost Me $100,000",1069290,46579,1152,PT22M15S,2023-09-28T06:04:17Z,False
come watch my stream :),175334,4027,42,PT3H22M10S,2023-09-28T05:46:46Z,True
I'm Cancelling Chessboxing,211025,6662,140,PT58M10S,2023-09-28T00:37:00Z,True
I got called out in the huge react drama.. GOING NUCLEAR TODAY,306136,6308,227,PT3H51M19S,2023-09-24T06:07:46Z,True
I Ran a Contest to Find the Best Gamer in the World,3303441,85383,2355,PT58M34S,2023-09-23T06:59:10Z,False
I'm Sorry. I Was Wrong.,1798757,163521,636,PT26S,2023-09-22T20:19:53Z,False
DESTROYING THESE GAMERS IN sap,186504,3827,51,PT4H44M22S,2023-09-22T06:53:46Z,True
These are the Rarest Things on Earth,813526,34815,732,PT13M40S,2023-09-22T06:36:00Z,False
LOTS TO DISCUSS,195825,4542,76,PT2H44M50S,2023-09-20T03:57:33Z,True
I Got Hacked,2815763,271339,888,PT35S,2023-09-19T06:09:19Z,False
You CANNOT Laugh.,1630489,56957,675,PT22M22S,2023-09-19T05:59:04Z,False
I ASKED 100 YOUTUBERS WHAT TO DO ON STREAM,290986,7360,55,PT8H25M50S,2023-09-18T08:25:36Z,True
Why Only Up is Dead,1575694,122147,394,PT34S,2023-09-17T03:44:42Z,False
I Went to France. It was a mistake.,1289269,42408,1405,PT34M26S,2023-09-16T18:30:35Z,False
The oldest game ever made,1854561,157245,553,PT17S,2023-09-16T07:04:35Z,False
YLYL WITH SLIME THEN TRYING OUT THE NEW MORTAL KOMBAT WITH HASAN #MK1Sponsored,607923,8782,108,PT3H49M9S,2023-09-15T03:03:50Z,True
This game shouldn't exist,6575319,457959,1016,PT40S,2023-09-14T08:08:01Z,False
I SHAVED - GAMING CONTEST WITH MYSTERY GUEST,196791,3732,44,PT5H46M51S,2023-09-14T07:56:41Z,True
This is the strongest gamer in the world,3908633,148670,2685,PT42S,2023-09-13T04:55:27Z,False
I HAVE RETURNED FROM FRANCE WITH MANY STORIES,304678,5381,115,PT3H40M8S,2023-09-12T06:38:23Z,True
I hired the best gamer in the world to embarrass my friends.,1656167,58471,858,PT20M35S,2023-09-11T05:51:59Z,False
My addiction is ruining my life,300230,19076,312,PT45S,2023-09-08T02:00:45Z,False
He thought he was too famous to get arrested. He was wrong.,822666,36717,960,PT15M15S,2023-09-08T00:24:53Z,False
"$50,000 Chess Clash Tournament",347319,8038,160,PT4H3M53S,2023-09-07T22:11:23Z,True
I’m the World’s Greatest Gamer,1017257,105342,384,PT44S,2023-09-06T07:53:37Z,False
"$100,000 Gaming Contest | Worlds Greatest Gamer Presented By YouTube",1716440,22561,535,PT8H25M24S,2023-09-04T05:38:30Z,True
"$100,000 Gaming Contest | Worlds Greatest Gamer Presented By YouTube",1835993,27367,441,PT7H14M35S,2023-09-03T02:44:22Z,True
He is the Best Gamer in the World,5449499,317713,2181,PT24S,2023-09-02T02:58:22Z,False
RETURN OF THE POKEMON NUZLOCKE,278166,5765,52,PT6H12M54S,2023-09-01T03:53:34Z,True
I Bet You've Never Seen This Artist Before,5677560,510262,1645,PT40S,2023-08-31T06:19:19Z,False
finally coming clean about my secret event,176237,4704,107,PT1H56M57S,2023-08-31T01:06:42Z,True
He thought he was better than me…,12686452,858832,3951,PT31S,2023-08-30T11:54:19Z,False
winning a huge creator tournament ft @fuslie @Valkyrae @Sykkuno @shxtou @tinakitten @Emiru @Squeex,271523,5324,54,PT6H8M37S,2023-08-30T05:31:50Z,True
Dont eat this food.,576349,57427,251,PT44S,2023-08-28T23:25:02Z,False
How I Accidentally Won a Valorant Tournament,2154943,68456,814,PT17M31S,2023-08-28T04:15:44Z,False
They're gonna fire me for this...,878041,85739,392,PT36S,2023-08-26T11:50:29Z,False
If I Answer Wrong I Shave My Head,912367,42341,926,PT9M43S,2023-08-25T06:58:15Z,False
ONE HOUR TO BEAT THE GAME OR ELSE...,332945,7256,387,PT1H49M57S,2023-08-25T02:18:37Z,True
the biggest mistake of my career,3217318,283743,2126,PT45S,2023-08-24T08:09:27Z,False
I’m the world’s smartest chess player,8757609,632363,1107,PT36S,2023-08-23T08:26:32Z,False
BREW BATTLES - LARGEST VALORANT CREW BATTLE !VALChampions,408606,7747,110,PT7H14M28S,2023-08-23T07:26:03Z,True
This speedrunner embarassed me,913943,81617,166,PT28S,2023-08-22T09:48:31Z,False
BEAT THE GAME OR SHAVE HEAD,307329,7550,148,PT4H28M39S,2023-08-22T06:06:40Z,True
why I hate smallant.,10967338,781962,2343,PT37S,2023-08-21T03:45:34Z,False
I HAVE ONE HOUR TO BEAT THE GAME OR I GIVEAWAY $1000,267103,6495,104,PT5H37M16S,2023-08-21T03:01:37Z,True
I Challenged This Speedrunner to a True Test of Skill,2869701,86335,971,PT23M33S,2023-08-21T02:54:00Z,False
I ruined this YouTubers life,2015890,163118,346,PT40S,2023-08-20T03:55:25Z,False
How much money I made streaming,4874485,357452,1171,PT28S,2023-08-19T08:09:02Z,False
POGCHAMPS 5 FINALS FT. @QTCinderella @Wirtual @CDawgVA @Fr8nkk @TYLER1LOL @erobb2213 !clash,439463,9863,157,PT6H23M44S,2023-08-19T01:35:20Z,True
DRINKING GAMES WITH FRIENDS 18+,252166,5847,100,PT2H9M31S,2023-08-17T04:18:42Z,True
NPC STREAM THEN PLAYING ACROSS THE OBELISK WITH @QTCinderella @Squeex @PointCrow !obelisk #ad,285300,8278,173,PT5H44M15S,2023-08-17T01:19:23Z,True
I have a secret kid.,6895953,510554,2372,PT40S,2023-08-16T05:24:39Z,False
ULTIMATE GAMING CONTEST 2V2UESDAY WITH FUSLIE AND OTHER PEOPLE IDK!!,357856,5208,53,PT4H43M47S,2023-08-16T04:05:53Z,True
I Scammed the Biggest Valorant Tournament,805345,84760,165,PT31S,2023-08-14T23:27:26Z,False
MOIST MOGULS IN GRAND FINALS WITH @slimewire​,531126,4884,78,PT3H46M10S,2023-08-13T22:39:36Z,True
"I gave chat $10,000 to decorate. It was cursed.",1540964,69739,1248,PT12M48S,2023-08-13T01:56:31Z,False
"BEAT THE GAME IN ONE HOUR OR GIVE CHAT $1,000",289326,7303,159,PT1H26M49S,2023-08-12T03:53:12Z,True
"I Gave My Chat $10,000. This is what they bought.",1297880,120048,462,PT19S,2023-08-11T07:02:27Z,False
I found my old college roommate on a dating show.,1715766,71346,1201,PT16M55S,2023-08-11T06:24:21Z,False
🔴BRO VS BRO 🔴 @Smallant  EDITION 🔴 WINNER POV 🔴🔴🔴🔴,510901,6652,129,PT3H57M17S,2023-08-11T01:42:16Z,True
I found the World’s Hardest Game… again,1651486,138656,742,PT35S,2023-08-09T01:35:22Z,False
xqc is on a plane playing in the finals of a chess tournament lmao,257024,5094,94,PT4H37M44S,2023-08-09T00:54:08Z,True
"The Worst ""Food"" in the World",423230,33626,388,PT30S,2023-08-08T08:29:39Z,False
If I don't answer a question the video ends,1854423,76461,1224,PT23M39S,2023-08-08T02:29:05Z,False
HUGE REACT DRAMA?? POGCHAMPS MATCHES! VALORANT! BIG DAY,187473,4147,62,PT4H10M16S,2023-08-08T02:28:04Z,True
WATCHING AN EPISODE OF THE BUTTON AND ENDING (REALLY SHORT STREAM) (NO CLICKBAIT),193908,6661,159,PT1H26M59S,2023-08-07T05:17:57Z,True
They made a knock-off Only Up. It’s impossible.,2065480,75792,1000,PT23M40S,2023-08-05T04:05:03Z,False
"$10,000 AMAZON UNBOXING | DECORATING MY NEW ROOM",356461,9192,194,PT3H33M15S,2023-08-05T03:31:57Z,True
I'm Stupid,2156600,207024,1184,PT28S,2023-08-04T07:42:49Z,False
WATCHING POGCHAMPS 5 GET IN HERE,163220,3524,62,PT2H31M36S,2023-08-03T22:43:09Z,True
NEW MERCH!!! HUGE GAMING STREAM !! (it will be decent sized at least 4 hours),248149,5407,59,PT5H49M5S,2023-08-03T06:10:47Z,True
I CANNOT TELL A LIE,5715528,384540,1307,PT30S,2023-08-02T21:37:59Z,False
I Tried Speedrunning Drive-Thrus. It was cursed.,4330938,127881,3243,PT36M48S,2023-08-01T19:05:19Z,False
DO NOT TRY THIS AT HOME,5084104,414812,1712,PT29S,2023-08-01T07:43:45Z,False
HUGE ANNOUNCEMENT AND TAKING THE SATS AGAIN,401730,6488,106,PT3H43M27S,2023-08-01T02:45:26Z,True
ETHICALLY WATCHING JET LAG GET IN HERE,251964,5336,73,PT3H44M51S,2023-07-31T06:30:13Z,True
I Speedran Mario Until I Got the World Record,1253593,49555,775,PT16M51S,2023-07-30T08:07:06Z,False
The Worst Song in the World,2101654,154220,450,PT26S,2023-07-30T08:04:51Z,False
ASK ME ANYTHING BUT IF I DONT ANSWER I DRINK HOT SAUCE,279936,7799,166,PT3H8M5S,2023-07-30T05:10:29Z,True
HUGE DRAMA + NEW MERCH (HAS REACTING GONE TOO FAR) THEN PLAYING VALORANT UNTIL I LOSE,293492,6141,171,PT3H58M23S,2023-07-29T06:44:00Z,True
"This is what $10,000 on Amazon looks like",1435330,118539,700,PT29S,2023-07-29T06:42:05Z,False
They made the World’s Hardest Game even Harder,7423601,524963,1363,PT28S,2023-07-27T08:35:27Z,False
I bought a motorcycle. It was a huge mistake.,1337527,55957,3116,PT12M52S,2023-07-27T04:30:17Z,False
🚨 GRAND FINALS OF THE @OfflineTV VALORANT TOURNAMENT 🚨,625437,5218,50,PT3H34M47S,2023-07-26T00:58:39Z,True
I don't like this youtuber.,2902874,252052,704,PT28S,2023-07-25T03:05:55Z,False
i didnt do my hair today dont make fun of me.,287627,6009,117,PT5H3M12S,2023-07-25T02:08:00Z,True
"Find the keys, keep the car",2767553,194044,844,PT31S,2023-07-24T05:45:47Z,False
$25K STUMBLE GUYS TOURNEY W/ @QTCinderella @Squeex @PointCrow @Myth_YT !stumbleguys #stumblepartner,214839,4062,40,PT5H20M21S,2023-07-23T23:29:49Z,True
Link a song but if it’s bad you get BANNED,885681,41340,1227,PT18M36S,2023-07-23T23:24:23Z,False
Do you know this simple trivia question,1023893,87888,723,PT25S,2023-07-23T02:07:53Z,False
What is Skibidi Toilet?,1870561,75882,2965,PT20M17S,2023-07-22T05:41:48Z,False
"🚨 I HAVE ONE HOUR TO BEAT ONLY UP 2 🚨 RACING THIS ""SPEEDRUNNER"" 👨‍🦲 @Squeex 👨‍🦲🚨",346492,7202,104,PT5H19S,2023-07-22T04:44:05Z,True
Never make this mistake,4242073,419390,2255,PT38S,2023-07-21T23:31:22Z,False
My Best Friend betrayed me,1397795,139888,343,PT39S,2023-07-21T01:11:02Z,False
"I let my chat spend $10,000. The results are cursed.",3163319,106035,1988,PT24M2S,2023-07-20T01:43:17Z,False
I was robbed,4141955,330236,1515,PT41S,2023-07-19T09:29:26Z,False
@DougDoug'S FAST FOOD CHALLENGE WITH @TheYardPodcast,795994,17252,701,PT5H41M46S,2023-07-19T03:46:19Z,True
PLAYING MARIO 100 TIMES TO SEE HOW GOOD I GET,276759,6152,75,PT3H37M12S,2023-07-18T06:02:04Z,True
WATCHING ALL OF SKIBIDI TOILET,436542,11262,654,PT4H19M18S,2023-07-17T01:27:44Z,True
I Forced My British Friend to Eat the Entire McDonald's Menu,2532566,80353,2346,PT23M39S,2023-07-17T01:13:20Z,False
I Found My College Roommate on Another Dating Show...,1782899,67194,1514,PT15M57S,2023-07-14T06:02:51Z,False
SEND ME A SONG -  BAD SONG = BAN,308046,7878,168,PT3H36M7S,2023-07-14T05:38:45Z,True
LINK ME SOMETHING TO BUY | AMAZON STREAM TO DECORATE NEW ROOM,287928,7828,113,PT4H21M46S,2023-07-13T05:48:16Z,True
I left my laptop at Starbucks,6089501,513926,2896,PT52S,2023-07-12T23:58:41Z,False
I Was Keeping This Secret...,665023,55778,159,PT26S,2023-07-12T03:45:58Z,False
BUILDING A HOUSE FOR JERMA 🚨 I GOT CALLED OUT 🚨 DO WOMEN HAVE RIZZ? 🚨 DOUGDOUG MARIO KART CHALLENGE,380753,7616,88,PT6H45M32S,2023-07-12T03:14:54Z,True
LAST DAY OF THE LUDWIG AHGREN CHAMPIONSHIP SERIES 5 PRESENTED BY THE ALL-NEW TOYOTA PRIUS !prius,464118,9364,198,PT9H42M25S,2023-07-10T03:22:09Z,True
I Forced Pro Gamers To Compete on My Gameshow,889007,48157,2450,PT21M37S,2023-07-09T21:12:22Z,False
DAY 2 OF THE LUDWIG AHGREN CHAMPIONSHIP SERIES 5 PRESENTED BY THE ALL-NEW TOYOTA PRIUS !prius,324348,6020,76,PT9H20M36S,2023-07-09T03:07:31Z,True
I Let Chat Make My YouTube Banner... It's Cursed.,1234262,49869,1034,PT11M24S,2023-07-09T02:49:42Z,False
The Hardest Gaming Challenge in the World,4732534,393761,1622,PT34S,2023-07-08T07:33:13Z,False
DAY 1 OF THE LUDWIG AHGREN CHAMPIONSHIP SERIES 5 PRESENTED BY THE ALL-NEW TOYOTA PRIUS !prius,356339,6883,109,PT10H16M40S,2023-07-08T04:10:11Z,True
"How I Accidentally Won $100,000",1878344,55760,1053,PT9M41S,2023-07-07T01:03:31Z,False
Beating the Hardest Games of all time in one hour.,1836219,69755,1017,PT17M13S,2023-07-06T07:45:16Z,False
I got scammed. Again.,1396229,137827,528,PT40S,2023-07-06T03:49:09Z,False
WINNERS POV MARIO KART TOURNAMENT AGAINST @DougDoug @stanz @Squeex,341053,6019,129,PT5H54S,2023-07-06T03:07:13Z,True
HUGE ANNOUNCEMENT | OFFICIAL ONLY UP SPEEDRUN RACE FEAT.   @Sykkuno @DougDoug @Squeex @Smallant,1504584,11544,253,PT3H51M39S,2023-07-04T02:09:12Z,True
I Have a Problem,3194556,384408,1073,PT36S,2023-07-03T17:30:22Z,False
I Got Scammed at Vidcon,1125680,44618,948,PT25M35S,2023-07-02T05:25:03Z,False
This Video Scarred Me,5881887,463565,2056,PT46S,2023-06-29T07:24:46Z,False
YOU LAUGH YOU LOSE 🚨 GOING FAST IN SONIC ORIGINS PLUS !sonic #sponsored  🚨 VALORANT WITH @stanz,257683,6205,46,PT4H33M4S,2023-06-29T04:50:32Z,True
This world record is crazy,1916658,173593,395,PT20S,2023-06-28T08:09:49Z,False
GOD GAMER GAUNTLET 2023 😤 FINALLY GETTING PAID TO WEAR CROCS !crocs,428024,10601,197,PT4H30M11S,2023-06-28T06:38:21Z,True
I Tried Speedrunning China’s Hardest Game,2510045,64913,1191,PT16M53S,2023-06-26T05:13:14Z,False
How I Became the 2nd Smartest Person in the World,2561356,189944,663,PT37S,2023-06-26T00:32:36Z,False
STUMBLE GUYS WITH @xChocoBars  !stumbleguys #stumblepartner,160822,3329,67,PT1H52M32S,2023-06-25T23:19:14Z,True
i messed up.,2446533,251936,736,PT29S,2023-06-25T05:49:58Z,False
How I nearly got fired from YouTube,6237585,597040,1168,PT40S,2023-06-24T00:15:14Z,False
The Game Only Geniuses Can Beat,2070305,68305,1116,PT19M44S,2023-06-23T06:00:50Z,False
I HAVE 3 HOURS TO BEAT THE GAME IN LESS THAN 31 MINUTES OR I SPIN THE WHEEL,450440,9320,138,PT4H18M59S,2023-06-22T02:26:18Z,True
"I HAVE ONE HOUR TO BEAT THIS ""SPEEDRUNNER"" @Squeex OR I GIFT 100 SUBS",502309,11101,167,PT6H43M25S,2023-06-21T08:20:55Z,True
This might be an unpopular opinion,1848023,129614,573,PT27S,2023-06-20T22:36:48Z,False
My Cat Ruined My Speedrun,3353721,348869,1300,PT37S,2023-06-20T07:47:05Z,False
"PLAYING GAMES & DRINKING WITH @fuslie @FoolishGamers @kkataminaYT @tinakitten (GOD GAMER, 5M SUBS)",437642,12108,162,PT5H54M32S,2023-06-20T07:25:56Z,True
This Speedrunner Scares Me,8264756,499273,1210,PT27S,2023-06-19T08:03:39Z,False
BEAT THE GAME IN ONE HOUR OR GIFT 100 SUBS,463839,12974,284,PT56M19S,2023-06-18T23:08:04Z,True
How I Became the Best Mario Party Player in the World,3028823,267573,582,PT37S,2023-06-18T06:59:49Z,False
China's hardest game almost broke me,2264553,86758,1708,PT20M29S,2023-06-18T06:38:42Z,False
30 MINUTES LEFT... MAKE MY YOUTUBER BANNER... ONE PIXEL AT A TIME | OUR/PLACE,561006,11284,188,PT11H55M,2023-06-18T06:33:05Z,True
The Most Popular Game in China Sucks.,16379742,1060133,4499,PT37S,2023-06-17T07:44:04Z,False
IF I LOSE 3 GAME I END THE STREAM.... WITH @slimewire,250196,4590,58,PT3H32M5S,2023-06-17T07:24:35Z,True
How I Won the Mario Party World Cup,2139260,66995,768,PT25M33S,2023-06-17T07:07:45Z,False
You've Never Heard My Favorite Song,11748863,715913,2836,PT26S,2023-06-16T07:35:27Z,False
IF I LOSE 3 GAMEs I END THE STREAM,175026,4227,46,PT2H28M36S,2023-06-15T23:06:33Z,True
I Made a Speedrun,5595479,451442,1166,PT26S,2023-06-15T07:37:33Z,False
let's try final fantasy 16... !ff16 #ad,254094,5055,254,PT3H10M1S,2023-06-15T05:57:45Z,True
finding out how dumb I am  IQ TEST,365686,7899,137,PT6H23M42S,2023-06-14T07:35:27Z,True
My College Girlfriend Cheated on Me,6314454,482690,1217,PT32S,2023-06-12T19:46:44Z,False
I streamed until I beat Zelda. It was a mistake.,3342004,65965,1626,PT1H27M28S,2023-06-12T19:43:03Z,False
$1000 MARIO PARTY WORLD CUP ft. @EazySpeezy @Squeex @stanz,414995,8761,116,PT4H28M35S,2023-06-12T01:50:21Z,True
How Many Men Does It Take To Climb a Wall?,1667142,129553,421,PT44S,2023-06-11T06:27:11Z,False
IF I DONT BEAT THE GAME I SHAVE MY MUSTACHE,536571,10092,136,PT8H38M15S,2023-06-10T05:17:09Z,True
YouTube Has a Problem.,2636404,273465,1416,PT43S,2023-06-10T04:52:20Z,False
How Much Food Can You Eat?,2543289,196728,433,PT33S,2023-06-09T06:10:41Z,False
MOIST MOGULS VS M80 | BIGGEST MATCH EVER | MXM MERCH AVAILABLE NOW,199461,4177,51,PT2H23M21S,2023-06-08T22:41:17Z,True
4 HOURS TO GET TO THE TOP OR I START OVER | MXM MERCH IS OUT NOW!!!,271402,5640,78,PT4H11M47S,2023-06-08T06:01:58Z,True
The Strongest Man in the World,4985225,422964,1807,PT35S,2023-06-08T06:00:01Z,False
I Hate This Streamer,1753520,48556,1174,PT7M33S,2023-06-07T20:50:39Z,False
This streamer ruined everything,2509232,272208,836,PT40S,2023-06-06T22:50:42Z,False
My Secret World Record,5152504,384265,777,PT33S,2023-06-05T05:57:58Z,False
HUGE DAY | TWITTER DRAMA | W'S ONLY | MXM SMASH WATCH PARTY | DIAMOND IN VALO???,234987,4254,33,PT4H9S,2023-06-05T02:57:03Z,True
I'm The Best Mario Party Player in the World,1490354,146541,445,PT34S,2023-06-03T20:14:31Z,False
How I Accidentally Became the Best Mario Party Player in the World,6091031,137869,2683,PT49M10S,2023-06-03T05:15:45Z,False
HUGE MATCH | MOIST MOGULS VS THE GUARD | CHALLENGERS PLAYOFFS WITH @penguinz0 @tarik,256693,6076,114,PT2H36M35S,2023-06-03T01:01:19Z,True
I made a viral song,1788110,158764,388,PT31S,2023-06-02T10:48:43Z,False
VCL PLAYOFFS!!! MOIST MOGULS VS TSM WATCH PARTY WITH @penguinz0 @tarik,202638,4504,39,PT2H10M5S,2023-06-02T00:38:21Z,True
How I Became the Best Pokemon Trainer in the World,1122898,93126,209,PT41S,2023-06-01T10:02:19Z,False
How Much is a Gold Play Button Worth?,4211103,374509,656,PT40S,2023-05-31T06:54:42Z,False
MARIO PARTY (2) WORLD RECORD HOLDER,313984,7434,58,PT5H29M18S,2023-05-31T06:07:11Z,True
I Hired a Pro Pokemon Player to Destroy My Chat,4602323,127573,2000,PT36M29S,2023-05-31T05:45:16Z,True
SELLING MY GOLD PLAY BUTTON (AND EVERYTHING ELSE I OWN) ALL PROCEEDS GO TO MAKE-A-WISH,354491,9107,182,PT3H34M11S,2023-05-29T00:58:35Z,True
The Human Test,3406587,238916,4315,PT57S,2023-05-28T09:18:13Z,False
I GOT THE MARIO PARTY WORLD RECORD,557288,12187,205,PT8H5M5S,2023-05-27T07:12:15Z,True
HUGE ANNOUNCEMENT🚨 MARIO PARTY WORLD RECORD? 🚨 THIS SPEEDRUNNER IS GOING DOWN 🚨 !mpspb,1129586,8696,131,PT3H48M33S,2023-05-26T02:54:57Z,True
I Need Help,1836200,152450,1093,PT43S,2023-05-25T08:32:40Z,False
TALKING WITH DR K @HealthyGamerGG 🚨 PLAYSTATION SHOWCASE 🚨 GETTING WORLD RECORDS IN MARIO PARTY,427535,11209,106,PT7H4M45S,2023-05-25T01:54:29Z,True
Do Gamers Have Good Aim in Real Life?,8822011,723361,3054,PT48S,2023-05-24T09:18:35Z,False
"TAKING BACK MY MARIO PARTY RECORD FROM THIS ""SPEEDRUNNER""",757834,9620,142,PT3H12M1S,2023-05-24T02:37:37Z,True
I Destroyed This Speedrunner,5119915,442106,812,PT36S,2023-05-23T08:39:44Z,False
I Embarassed This Speedrunner on Stream,1671810,57901,739,PT22M41S,2023-05-22T06:36:14Z,False
WATCHING MOIST MOGULS WITH @penguinz0  | Battle of BC 5,230499,4065,38,PT4H6M16S,2023-05-22T04:52:59Z,True
The Time I Caught My Girlfriend Cheating On Me (College),10711725,925068,4610,PT50S,2023-05-19T02:04:40Z,False
"How I Got $1,000 From Twitch",7870293,619300,565,PT56S,2023-05-18T08:08:17Z,False
BREAKING A PRO SPEEDRUNNER'S MARIO PARTY RECORD,326979,6912,96,PT4H52M48S,2023-05-18T07:52:16Z,True
I Snuck Into Twitch Rivals,773028,43268,667,PT8M56S,2023-05-18T07:24:43Z,False
LAST MOIST MOGULS GAME OF THE SEASON | TARIK VIEWERS WELCOME,198821,4979,74,PT2H1M53S,2023-05-17T20:25:28Z,True
The Craziest Year of my Life,17196366,921541,8382,PT57S,2023-05-17T10:14:10Z,False
How I Got Fired From SnapChat,5094224,420756,1829,PT53S,2023-05-16T07:19:11Z,False
I Tried Proving Chess Pros Are Actually Dumb,3035720,109340,1852,PT16M20S,2023-05-15T16:30:19Z,False
I Have a Problem,3219207,320765,543,PT46S,2023-05-15T08:27:17Z,False
❗The Penultimate Day of the Ludlocke | Victory Road | 135 Bans | 40+ Hours ❗,502325,5898,139,PT3H47M7S,2023-05-14T22:50:09Z,True
Is Twitch Better Than YouTube?,2614166,236523,1100,PT47S,2023-05-14T08:28:01Z,False
How I Scammed 50 YouTubers,5552105,464442,1019,PT51S,2023-05-13T06:30:07Z,False
I hate this Youtuber,8631184,612926,1959,PT44S,2023-05-12T10:07:33Z,False
THE UNDEFEATED MOIST MOGULS ARE PLAYING | MUST WATCH TV WITH @tarik,202919,4234,53,PT2H43M40S,2023-05-11T22:59:52Z,True
Are Chess Players actually smart?,5589745,447917,2147,PT45S,2023-05-11T12:05:20Z,False
Are Chess Streamers Actually Smart? ft. @GothamChess,497160,10941,381,PT2H44M3S,2023-05-10T21:05:07Z,True
I'm the world's fastest button masher,38169708,1966857,10212,PT42S,2023-05-10T08:39:56Z,False
im playing pokemon until i beat it. thats it. thats the stream,314076,5931,86,PT5H52M18S,2023-05-10T07:40:05Z,True
I Tried Speedrunning Mario Party. I Broke the Record.,2921929,85828,991,PT23M50S,2023-05-10T07:06:24Z,False
Do Not Try This at Home,17856393,1103264,2851,PT44S,2023-05-09T06:45:01Z,False
HUGE VALORANT TOURNAMENT | MXM B TEAM @stanz @FoolishGamers @kkataminaYT @AbeIndoors,532423,3681,56,PT3H46M39S,2023-05-09T06:10:23Z,True
It's Been 10 Years,3539515,218730,1188,PT58S,2023-05-08T09:30:12Z,False
ludlocke ahah come thru :p,547030,5054,124,PT3H44M2S,2023-05-08T01:40:20Z,True
I Almost Ruined My YouTube Contract,20140783,1311129,12207,PT47S,2023-05-07T08:30:09Z,False
REACTS ❗❗ GAMES ❗❗ LUDLOCKE ❗❗ VALORANT ❗❗,250179,5759,54,PT5H30M46S,2023-05-07T08:03:31Z,True
Destroying a Twitch Streamer to Prove YouTube is Better,2385276,53119,585,PT32M16S,2023-05-07T07:33:03Z,False
GETTING THE MARIO PARTY WR OR GIVING MY STREAM KEY TO SQUEEX,294278,5714,79,PT6H30M14S,2023-05-06T08:13:21Z,True
I'm the greatest basketball player of all time,1619057,124466,348,PT33S,2023-05-06T08:00:02Z,False
Chat is ruining my life.,6130734,516218,1406,PT36S,2023-05-05T11:06:38Z,False
It was supposed to be a gay dating show. He lied.,2826270,101134,2115,PT15M2S,2023-05-05T05:32:20Z,False
THEY TOLD ME MOIST MOGULS WERE GOING TO LOSE TODAY,295715,5545,47,PT3H16M1S,2023-05-05T02:28:11Z,True
The Rarest m&m in the World,5034104,333042,2587,PT24S,2023-05-04T07:46:10Z,False
IF I SAY A POKEMON'S NAME I RELEASE THE POKEMON,288575,5860,112,PT4H16M40S,2023-05-04T05:10:56Z,True
How To Grow Taller,8194971,545795,2518,PT39S,2023-05-03T09:00:32Z,False
I Survived 24 Hours in the Wild,1605913,76668,1781,PT22M9S,2023-05-03T03:46:11Z,False
🚨 LUDLOCKE 🚨 CHESS 🚨 OMEGA STRIKERS 🚨,229578,4801,52,PT3H27M49S,2023-05-03T02:27:09Z,True
How I Became the Best Smash Player in the World,3858389,375695,605,PT50S,2023-05-02T08:07:28Z,False
IM BACK ! LONG BREAK !,225632,5148,102,PT2H52M34S,2023-05-02T05:03:27Z,True
this is why I'm stupid,2106889,195829,584,PT31S,2023-05-01T07:00:14Z,False
Make a Basket. Win $100.,2076781,160945,503,PT31S,2023-04-30T07:30:22Z,False
My Viewer Emailed Me a Funny Video. If I Don't Laugh I Ban Her.,1608390,73098,1076,PT14M42S,2023-04-30T04:42:49Z,False
How I Became a Chess Grandmaster,9653292,689145,2006,PT1M,2023-04-29T06:07:40Z,False
Watch this if you are lost.,1848243,214118,2301,PT42S,2023-04-28T05:29:12Z,False
JUMP KING WITH FALL DAMAGE ✅ ESFAND NFL DRAFT PARTY ✅ OMEGA STRIKERS ✅ CHESS ✅ #OmegaStrikersPartner,268570,5697,64,PT4H27M42S,2023-04-28T04:38:07Z,True
They Made a Gameshow About Me...,1079968,47857,1051,PT17M47S,2023-04-27T06:58:17Z,False
BIG TWITTER DRAMA ✅ WATCHING MXM ✅ JET LAG FINALE ✅ MUST WATCH STREAM ✅,230692,5085,40,PT4H51S,2023-04-27T04:06:16Z,True
It's Impossible To Crack This Egg.,3600858,327311,1203,PT47S,2023-04-26T18:51:56Z,False
I Tried Driving High. Legally.,918392,43923,1069,PT15M35S,2023-04-26T07:18:17Z,False
My Cat is Immortal Now.,4457323,365575,524,PT25S,2023-04-26T00:45:36Z,False
DO NOT WATCH THIS STREAM.,264975,6381,137,PT4H1M20S,2023-04-25T06:57:24Z,True
"I Lost $500,000. It Was Worth It.",8422501,622125,1214,PT54S,2023-04-24T19:00:07Z,False
REACTING TO JETLAG AND HUGE DRAMA TO TALK ABOUT (AMERICA DESERVED RUN 11),256134,5730,120,PT4H10M21S,2023-04-24T08:46:54Z,True
I challenged him to make a game with my cat... it took 10 days.,1591585,70565,929,PT21M9S,2023-04-23T06:33:22Z,False
IM PLAYING POKEMON TODAY. THAT'S IT. A LOT OF POKEMON.,220432,4193,222,PT1H46M29S,2023-04-23T01:31:27Z,True
DRIVING ACCROSS THE WORLD ＨＩＧＨ donot try at home,362758,8303,212,PT2H54M48S,2023-04-21T05:14:40Z,True
She Predicted My Future,1033124,92658,268,PT36S,2023-04-20T21:16:18Z,False
I Forced Chat To Make a Video Game With My Cat ft. @MichaelReeves @QTCinderella @Ottomated,345714,7801,102,PT5H33M34S,2023-04-20T06:53:18Z,True
I Found My College Roommate on a Dating Show...,4540532,162798,2917,PT20M29S,2023-04-20T06:33:21Z,False
THE MOIST MOGULS ARE BACK BABY!!! ➡️ REACTING ➡️ LUDLOCKE ➡️ FORTNITE?!,386068,7355,33,PT9H22M20S,2023-04-19T06:24:15Z,True
YouTube Chat vs Twitch Chat,1585744,57248,919,PT30M15S,2023-04-18T05:36:30Z,False
The Most Expensive Piece of Sushi in the World,3138580,282379,1034,PT38S,2023-04-16T22:57:18Z,False
12 HOURS REMAIN... DO I MAKE IT THROUGH THE NIGHT?,669571,16268,138,PT11H55M1S,2023-04-16T18:03:25Z,True
24 HOUR SURVIVAL STREAM IN THE WILD AGAINST THE ELEMENTS,920271,25302,146,PT11H52M33S,2023-04-16T07:23:36Z,True
SHORT STREAM TONIGHT (24 HOUR TOMO 10 AM PT),154924,4043,67,PT2H19M7S,2023-04-15T05:24:04Z,True
If I Laugh I Double The Ingredients,1599208,60544,890,PT14M6S,2023-04-15T04:08:39Z,False
MXM DO OR DIE THIS IS IT LET'S WIN!!! | LUDLOCKE,291810,5827,58,PT5H1M24S,2023-04-14T05:53:45Z,True
I Let Stream Decorate a House. It was a disaster.,1245731,53476,706,PT19M33S,2023-04-13T07:27:39Z,False
I Almost Died on Stream,2864843,231975,597,PT37S,2023-04-13T06:32:33Z,False
SICK MAN LOSES MIND OVER MXM GC | THE BUTTON?!?!  | LUDLOCKE!!! | JET LAG THE GAME POGGERS!!!,272178,5862,29,PT7H2M26S,2023-04-13T05:07:36Z,True
I Got Scammed on the Biggest Live Gameshow,707117,36688,726,PT9M16S,2023-04-12T05:12:35Z,False
MXM GAMECHANGERS WATCH PARTY!!!,299904,5349,51,PT4H51M49S,2023-04-12T04:35:26Z,True
The Fastest Way to Drink a Beer,5062640,393694,1610,PT26S,2023-04-11T03:13:53Z,False
BEATING THE LUDLOCKE TODAY,307752,5919,92,PT4H4M30S,2023-04-10T06:29:03Z,True
making banana bread but if i laugh i add a banana (tts on),309767,8117,129,PT2H54M23S,2023-04-09T04:46:11Z,True
Every Dot is a YouTuber. Can I Win?,1300175,63456,729,PT8M37S,2023-04-08T04:21:57Z,False
CHAT DECORATES (ruins) @Myth_YT's STREAM ROOM,289789,7023,94,PT3H42M22S,2023-04-08T01:11:01Z,True
I Hired a Pro Gamer To Secretly Destroy My Chat,5447583,178927,1490,PT8M2S,2023-04-06T22:36:01Z,False
YOUTUBE CHAT VS TWITCH CHAT | COME FIGHT AGAINST THE PURPLE SNAKES @DougDoug,307462,6541,135,PT4H42M17S,2023-04-06T06:33:35Z,True
How To Win Any Argument,12618490,851948,2329,PT35S,2023-04-03T08:20:29Z,False
REACT CONTENT WOW!!! THEN LUDLOCKE !!!,296379,6093,93,PT4H32M57S,2023-04-02T07:42:30Z,True
I Hate This YouTuber,16056279,923382,10415,PT40S,2023-04-01T06:25:16Z,False
1V1ING MY VIEWERS IN MELEE THEN REACT ANDY TO JET LAG AND JSCHLATT NEW PODCAST!!!,279431,5252,98,PT5H14M3S,2023-04-01T06:02:01Z,True
LONG STREAM GET INVOLVED | jackbox with FRIENDS :) | LUDLOCKE LATER,331724,8319,100,PT8H20M45S,2023-03-31T05:03:53Z,True
"I got scammed out of $100,000",3369149,273415,1927,PT50S,2023-03-31T04:36:57Z,False
MOIST MOGULS REMATCH VS G2 WITH @tarik & @penguinz0,306978,6043,61,PT3H46M53S,2023-03-30T06:56:48Z,True
"This YouTuber Scammed Me Out Of $100,000",897842,49142,1140,PT8M1S,2023-03-30T00:43:33Z,False
MOGUL EMERALD LUDLOCKE | IF YOUR POKEMON DIES YOU GET BANNED,269170,6668,90,PT4H14M9S,2023-03-29T06:25:35Z,True
This YouTuber Roasted Me. So I Destroyed His Career.,2381940,65297,1228,PT31M56S,2023-03-28T22:38:56Z,False
Never Fall For This Joke Again,3997123,305009,1047,PT46S,2023-03-28T07:26:07Z,False
THE MOGUL EMERALD LUDLOCKE | IF YOUR POKEMON DIES YOU GET BANNED,483665,11321,285,PT4H21M5S,2023-03-28T07:19:59Z,True
"🔴$100,000 STREAMER WARS🟣TWITCH VS YOUTUBE🔴APEX LEGENDS🟣@playapex  #apexlegendspartner",180925,4402,110,PT2H46M26S,2023-03-26T00:12:49Z,True
MOIST MOGULS BIGGEST MATCH EVER | CANNOT MISS | MXM VS M80 with @tarik,321732,6988,82,PT2H37M35S,2023-03-24T23:08:02Z,True
I'm The Best Rock Paper Scissors Player in the World,1724955,183496,767,PT41S,2023-03-24T07:22:27Z,False
BRO VS BRO AGAINST @DougDoug,308730,8998,161,PT5H2M27S,2023-03-24T03:42:47Z,True
Proximity Chat Valorant is Insane.,927267,40390,505,PT8M32S,2023-03-23T03:44:55Z,False
MOIST MOGULS TOURNAMENT!! CANNOT MISS!! with @penguinz0 ​@tarik @DisguisedToast @Sykkuno,380172,8074,65,PT4H29M56S,2023-03-23T01:23:50Z,True
2V2UESDAY WITH @Natsumiii HOSTED BY @fuslie (THIEF AND CRIMINAL),292398,6388,81,PT4H12M12S,2023-03-21T23:53:34Z,True
My Identity Was Stolen,4548066,357722,1239,PT27S,2023-03-21T23:26:54Z,False
I Tried Your Dumb Chess Ideas,1793161,62900,1053,PT21M39S,2023-03-21T06:55:21Z,False
watching mr beast (known terrorist) then reacting to other things,282445,9046,128,PT4H1M44S,2023-03-20T07:18:54Z,True
How to Make Money Without Working,5568871,428076,1862,PT1M,2023-03-20T00:18:12Z,False
LONG STREAM | MUST WATCH | WORLDS FIRST PROXIMITY VOICE VALORANT GAME | HANGING WITH friends :),312672,9061,67,PT8H26M24S,2023-03-19T05:24:32Z,True
I Got Cancelled,2156248,210287,647,PT31S,2023-03-17T18:49:14Z,False
I Shouldn't Have Tried This Speedrun.,745609,35955,804,PT16M41S,2023-03-17T07:14:09Z,False
WATCHING MOIST MOGULS VS FAZE THEN CSGO feat. @tarik @penguinz0 @HasanAbi @DisguisedToast @just9n,379363,10643,86,PT5H43M58S,2023-03-17T05:08:52Z,True
HELLO COME WATCH MY STREAM. THANK YOU!,329808,7071,72,PT3H27M8S,2023-03-16T06:35:06Z,True
This Joke ALWAYS Works,49267568,2643039,10021,PT28S,2023-03-15T20:22:47Z,False
Trying Your Dumb Chess Ideas with @stanz,199196,6219,81,PT4H19M44S,2023-03-15T05:52:59Z,True
I Tried Living Like a Zoo Animal for a Day,1509547,71748,1283,PT26M52S,2023-03-15T05:28:24Z,False
They Made the Hardest Game in the World Multiplayer,774548,35324,524,PT16M26S,2023-03-14T07:14:39Z,False
"CHAT BUYS $10K WORTH OF STOCKS, NITRO RACING, CHESS",228795,7851,92,PT4H12M53S,2023-03-14T06:53:49Z,True
When Trash Talk Goes Too Far...,1062542,42683,667,PT21M3S,2023-03-11T06:38:31Z,False
MUST WATCH MOIST MOGULS AGAINST SHOPIFY REBELLION FT @tarik (ALSO IM SICK),299312,6761,52,PT3H24M20S,2023-03-11T00:58:41Z,True
IF I LOSE A CHESS GAME THE STREAM ENDS,214418,5535,91,PT1H29M49S,2023-03-10T04:43:59Z,True
Mario Speedrun But Every 5 Minutes I Add An Overlay (Idea from @DougDoug ),332267,7878,106,PT4H30M14S,2023-03-09T07:31:51Z,True
The Most Valuable Watch in the World,11798860,815837,4573,PT35S,2023-03-08T07:25:37Z,False
I Tried Driving Drunk. Legally.,2194320,73576,919,PT14M21S,2023-03-07T20:29:28Z,False
I Have Beef With This Twitch Streamer,5488529,406073,762,PT41S,2023-03-07T05:00:47Z,False
Ai MADE IT UP!!! BRAND NEW IDEA FT. @fuslie @Natsumiii @LilyPichu,334633,7698,92,PT4H54M17S,2023-03-06T06:24:45Z,True
You Laugh You Lose But it’s My Girlfriends Tik Toks,1278462,55511,535,PT14M43S,2023-03-03T07:32:10Z,False
If You Link a Bad Video You Get Banned,891496,49831,676,PT10M8S,2023-03-02T03:45:40Z,False
Cooking Expensive Steak in a Toaster,871478,40014,810,PT8M45S,2023-03-01T06:00:01Z,False
WATCHING THE MOIST MOGULS DOMINATE,465707,13132,239,PT2H26M16S,2023-02-28T04:24:10Z,True
I Gave MrBeast $10 Million,27997648,1786210,4839,PT56S,2023-02-28T04:09:51Z,False
CHECKING OUT @QTCinderella'S TIKTOK,316005,8653,146,PT2H18M12S,2023-02-27T04:13:50Z,True
CUTE ANIMALS + ANIMAL FOOD TIER LIST FT. @mayahiga @AlveusSanctuary ​,1014473,26855,446,PT2H50M34S,2023-02-26T00:46:12Z,True
"NEW FODDIAN GAME HARDER THAN JUMP KING (YEAH, ITS GAMEING TIME) WITH @stanz",341967,7323,84,PT5H30M52S,2023-02-25T07:32:31Z,True
Creepy Guy Goes For a Kiss on Dating Show,3008280,117408,2368,PT14M30S,2023-02-25T01:27:59Z,False
DRIVING ACROSS THE COUNTRY DRUNK (ai suggested this) ((dont try this at home)) THEN DRUNK CHESS!!!,536983,13087,196,PT5H2M50S,2023-02-24T07:36:10Z,True
I Challenged Japan's Best Competitive Eater. It Didn't Go Well...,2065841,93830,1552,PT12M41S,2023-02-24T07:03:56Z,False
IF I LAUGH THE STREAM ENDS IF I DONT I DELETE MY SUBREDDIT,255860,6672,94,PT2H28M21S,2023-02-23T06:15:33Z,True
Doing Whatever Stream Tells Me To Do... Again.,1722444,62910,24759,PT29M44S,2023-02-22T07:38:25Z,False
BRO VS BRO YOUTUBE VS TWITCH EDITION FT. @Valkyrae @fuslie @kkataminaYT @shxtou @Natsumiii,318715,7043,90,PT4H57M10S,2023-02-22T06:34:29Z,True
Huge Pokemon Scam,7689751,423240,552,PT44S,2023-02-21T08:59:28Z,False
LETTING AI DO MY STREAMER AWARD VOTING,249339,6105,62,PT4H48M1S,2023-02-21T06:44:58Z,True
LINK ME YOUR BEST YOUTUBE VIDEO,414650,10139,156,PT3H5M42S,2023-02-19T07:24:38Z,True
The Most Expensive Strawberry in the World,8385726,726689,4455,PT53S,2023-02-19T04:02:33Z,False
Why I Went to Japan,750798,35467,641,PT16M38S,2023-02-18T06:21:25Z,False
COOKING STEAK WITH A TOASTER,241892,6805,189,PT1H37M55S,2023-02-18T02:41:10Z,True
LETTING CHAT CONTROL MY STREAM UNTIL MIDNIGHT,263542,7472,413,PT5H32S,2023-02-17T08:06:21Z,True
Americans Try EVERYTHING from Japanese McDonalds,1476289,47903,1105,PT19M13S,2023-02-17T07:39:44Z,False
BACK IN AMERICA! LONG STREAM LOTS TO TALK ABOUT,433957,8567,121,PT6H58M48S,2023-02-16T08:20:22Z,True
I Flew to Japan And Lied to My Girlfriend,6465526,449961,1083,PT50S,2023-02-16T08:00:52Z,False
I Attempted the Hardest Gaming Challenge in the World,662887,36786,639,PT11M8S,2023-02-15T01:29:25Z,False
He Fumbled the Bag,1622279,71757,1256,PT16M51S,2023-02-12T14:39:52Z,False
STORY TIME (IN JAPAN)! VALORANT (IN JAPAN)! CHESS (IN JAPAN) !Spotify #SpotifyPartner,227914,5346,99,PT3H3M10S,2023-02-12T03:15:15Z,True
RANKING EVERYTHING FROM JAPANESE MCDONALDS,549786,14398,356,PT1H35M,2023-02-06T03:19:38Z,True
This British YouTuber Roasted Me. So I proved him wrong.,2437205,60880,563,PT32M4S,2023-02-05T06:11:24Z,False
PLAYING CHESS (IN JAPANESE),377461,8109,103,PT3H29M18S,2023-02-05T05:30:43Z,True
"FIRST STREAM IN JAPAN  !HarleyQuinn, Harley Quinn & The Joker: Sound Mind #ad",312012,9738,149,PT2H8M59S,2023-02-04T08:40:06Z,True
I Embarrassed The Best Valorant Player in the World,1021735,39322,607,PT16M27S,2023-02-04T08:12:59Z,False
HOW MANY TIMES CAN A PRO MINECRAFT SPEEDRUNNER BEAT THE GAME BEFORE WE DO?,433613,8898,240,PT4H29M5S,2023-01-30T07:45:24Z,True
🔴POKEMON MASTER WATCHES NEW MRBEAST VIDEO | TIK TOK TIME | PERHAPS SOME GAMING?,251898,5324,71,PT4H30M52S,2023-01-29T09:08:43Z,True
"I destroyed 10,000 people in chess",9440665,721317,2572,PT56S,2023-01-28T17:53:29Z,False
🔴MOIST ESPORTS OWNER💦IM IN A VIDEO GAME💦CHESS VS CHAT💦,290305,6265,102,PT4H30M50S,2023-01-27T07:21:43Z,True
🎉 4 MILLION SUBS CELEBRATION 🎉 HOW MANY GAMES CAN I BEAT IN ONE HOUR? 🎮,362244,11283,119,PT4H27M11S,2023-01-24T02:54:55Z,True
"GOD 🛐 GAMER 🎮 GAUNTLET 🥊 2.0  🤯- SAP 🎰, CHESS ♟️, MELEE 👊, VALORANT 🚭",288824,6262,52,PT5H58M38S,2023-01-23T09:50:57Z,True
MOGUL MOVES SMASH TOURNAMENT | MOST IMPORTANT TOURNEY OF THE YEAR!! CANNOT MISS!!!,1538978,9958,114,PT3H58M22S,2023-01-22T03:36:47Z,True
1V1 AGAINST @tarik BUT HE HAS THE WORST GUN IN THE GAME,860450,7783,101,PT3H52M38S,2023-01-21T06:58:32Z,True
I beat a Valorant pro without playing the game,9076981,679273,896,PT48S,2023-01-20T00:19:37Z,False
I Hired a Chess Master to Secretly Destroy My Friends,9070921,254505,3634,PT17M42S,2023-01-19T08:43:18Z,False
REACTING TO LOGAN PAUL'S APOLOGY AND TIKTOKS THEN CHESS AND THEN SAP,348064,7684,122,PT3H21M8S,2023-01-19T05:37:40Z,True
BRO VS BRO AGAINST @CDawgVA,604266,9726,101,PT3H30M55S,2023-01-18T08:50:29Z,True
This Dating Show Got So Awkward They Stopped Talking,1643535,78767,1660,PT11M26S,2023-01-17T06:56:59Z,False
Can You Make Money With Pokemon Cards?,2778270,203239,1762,PT55S,2023-01-17T03:13:56Z,False
FIRST VALORANT LAN OF THE YEAR | Ludwig x Tarik Invitational (DAY TWO),748396,15436,119,PT9H40M30S,2023-01-16T05:04:44Z,True
Do Pro Gamers Have Good Aim in Real Life?,3648547,158616,2828,PT11M39S,2023-01-16T03:14:52Z,False
FIRST VALORANT LAN OF THE YEAR | Ludwig x Tarik Invitational (DAY ONE),765896,15211,103,PT9H43M16S,2023-01-15T04:43:58Z,True
VICE ANDREW TATE DOC (GRAPHIC STUFF BE WARNED),484545,10600,597,PT4H6M52S,2023-01-14T06:50:56Z,True
I Survived 50 Hours Trapped Inside a Box,1595989,74865,1128,PT14M29S,2023-01-13T05:04:58Z,False
DIAMOND 💎 GAMEPLAY 🎮 COME 😩 AND WATCH 👀,413423,7708,167,PT6H17M1S,2023-01-12T07:57:05Z,True
I Made a Viral Video Game,8052684,628135,2963,PT55S,2023-01-11T20:08:34Z,False
I FOUND MY POKEMON CARDS... HUGE DRAMA!! HOLLOW KNIGHT OR BALD... HAHHAHA WE'LL SEE!!,357855,7283,101,PT4H56M46S,2023-01-11T08:01:24Z,True
He Rejects Everyone Who Doesn't Like Marvel,3483079,132783,3945,PT15M13S,2023-01-10T02:54:45Z,False
HUGE LOGAN PAUL APOLOGIZES DRAMA WOW,483901,10380,158,PT3H1M24S,2023-01-09T00:51:47Z,True
Am I Smarter Than These Streamers?,828784,35177,733,PT14M49S,2023-01-09T00:23:08Z,False
UPDATE TO LOGAN PAUL DRAMA | PAY THE MODS FRIDAY??? IDK!!!,425711,10296,391,PT2H1M18S,2023-01-07T00:01:09Z,True
LATE NIGHT 🌃 GRIND 😤 TO DIAMOND 💎 10 RR AWAY 👀 GET IN HERE QUICK 🏃💨 YOU WERE HERE 🈁,391097,8073,54,PT6H9M31S,2023-01-06T10:16:58Z,True
I DID A THING !! COME WATCH !!,549362,14537,112,PT7H24M7S,2023-01-05T10:04:18Z,True
Huge Tom Brady Drama,670117,37569,2493,PT8M22S,2023-01-05T09:26:11Z,False
BEST OF LUDWIG,1027603,41873,577,PT30M11S,2023-01-04T08:53:23Z,False
HUGE UPDATE TO LOGAN PAUL DRAMA || IM BACK HOME!! | VALO WITH SLIME TN :),316105,9242,69,PT4H11M52S,2023-01-04T08:33:15Z,True
hello again.,464657,10441,123,PT3H5M45S,2023-01-02T06:23:16Z,True
2022 AWARD SHOW | LAST STREAM OF THE YEAR CANNOT MISS EXPERIENCE,320444,7760,86,PT2H31M49S,2023-01-01T04:09:40Z,True
I Speedrun Tik Tok,1482072,65294,1381,PT12M20S,2022-12-31T08:29:39Z,False
WHO IS THE SMARTEST STREAMER,396371,7690,97,PT5H14M34S,2022-12-29T06:59:30Z,True
SPEEDRUNNING TIK TOK,264790,6673,75,PT2H30M30S,2022-12-28T07:46:38Z,True
I Forced YouTubers to Compete in a Yu-Gi-Oh! Tournament!,3345671,100678,2764,PT31M24S,2022-12-27T07:02:18Z,False
🎄MERRY CHRISTMAS🎄MRBEAST VIDEO🎄LOGAN PAUL IS A SCAMMER🎄NEW JETLAG🎄START HOLLOW KNIGHT?🎄,357352,9147,99,PT4H8M1S,2022-12-27T06:37:06Z,True
I Challenged a Michelin Star Chef to a Cooking Competition,3264119,136973,1923,PT27M11S,2022-12-25T02:27:34Z,False
IMPOSSIBLE YOU LAUGH YOU LOSE CHALLENGE,1224367,48970,739,PT10M55S,2022-12-23T08:00:02Z,False
One Piece Explained in 60 Seconds,1431965,77720,1188,PT1M,2022-12-22T22:58:45Z,False
I Discovered the Weirdest Hobbies,1291390,49135,1160,PT14M30S,2022-12-22T09:17:43Z,False
IF I LAUGH CHAT WINS $100 | NEW JET LAG,2258902,18720,231,PT3H54M9S,2022-12-22T06:55:54Z,True
What You Didn't Know About My Chessboxing Event,1871612,69671,1559,PT36M25S,2022-12-21T08:37:47Z,False
LAST STREAM OF THE YEAR,271160,8059,68,PT5H15M55S,2022-12-21T08:35:59Z,True
SCUFFED WORLD TOUR (MELEE),692800,14610,308,PT10H29M5S,2022-12-19T06:47:54Z,True
SCUFFED WORLD TOUR (ULTIMATE),637697,12591,425,PT9H19M22S,2022-12-19T05:39:05Z,True
This dating show was so bad she quit,2540914,104411,2183,PT20M12S,2022-12-18T07:39:04Z,False
NO ANIME!! INSTEAD WE WATCH THE NEW EPISODE OF JETLAGGED,254619,5738,82,PT1H58M6S,2022-12-17T23:18:44Z,True
THE FAMOUS BUTTON REACTOR RETURNS!,430319,10574,195,PT3H10M18S,2022-12-17T02:23:00Z,True
EVERYTHING THAT HAPPENED AT CHESSBOXING REVEALED,517565,12856,193,PT3H37M31S,2022-12-16T03:05:06Z,True
Who is a better sushi chef? Ludwig Versus @CDawgVA ft. Michelin Star Chef,698426,26748,535,PT2H35M43S,2022-12-15T02:42:00Z,True
Pointcrow vs DisguisedToast - Mogul Chessboxing Main Event,3709441,74617,2234,PT27M25S,2022-12-12T18:39:08Z,False
Ludwig vs. CDawgVA in Slap Fighting,2570888,81636,1652,PT20M38S,2022-12-12T09:11:38Z,False
MOGUL CHESSBOXING CHAMPIONSHIP PRESENTED BY FANSLY | !FANSLY #FANSLYPARTNER,3968603,154316,3015,PT5H10M28S,2022-12-12T06:05:29Z,True
Chessboxing but neither person knows how to play chess,1227546,33420,1995,PT32M12S,2022-12-12T05:08:18Z,False
Andrea Botez vs WGM Dina Belenkaya - Mogul Chessboxing,3755081,67598,6280,PT34M1S,2022-12-12T04:47:46Z,False
Fastest Chessboxing Knockout Ever,963579,20608,755,PT13M31S,2022-12-12T04:31:25Z,False
Highest Elo Rated Chessboxing Match of All Time,695331,13408,1492,PT13M4S,2022-12-12T04:12:52Z,False
Chessboxing Match Goes to the Final Round,491510,16217,811,PT36M23S,2022-12-12T02:54:43Z,False
BoxBox vs Stanz - Mogul Chessboxing,519743,13262,453,PT15M16S,2022-12-12T02:03:57Z,False
Greatest Smashboxing Match Ever,251782,8552,349,PT25M35S,2022-12-12T01:45:19Z,False
The first ever Smashboxing Championship,316047,11304,433,PT19M58S,2022-12-12T01:20:45Z,False
Who Is the Strongest YouTuber in the World?,5629857,321051,3927,PT59S,2022-12-11T20:41:56Z,False
My Craziest Idea,870474,37294,1018,PT26M8S,2022-12-11T06:12:45Z,False
MOGUL CHESSBOXING OFFICIAL WEIGH IN PRESENTED BY FANSLY | !FANSLY #FANSLYPARTNER,587417,19432,653,PT47M37S,2022-12-10T21:54:29Z,True
CONTENT CREATOR OF THE YEAR,383648,11074,101,PT2H43M40S,2022-12-09T07:26:01Z,True
IF I LAUGH I GIVE CHAT MONEY | GAME AWARDS CONTENT CREATOR OF THE YEAR?? NO SHOT,217870,5445,81,PT1H23M14S,2022-12-08T23:16:46Z,True
Was Switching to YouTube a Mistake?,1065916,56023,1647,PT19M25S,2022-12-08T23:09:27Z,False
My Last Day on YouTube,457650,12640,91,PT4H31M16S,2022-12-08T05:55:22Z,True
Someone Found My Liked Tik Toks. They're Unhinged.,1491806,61239,670,PT13M39S,2022-12-08T05:27:58Z,False
FINISHING THE TATTOO,202010,5215,182,PT7M26S,2022-12-07T00:53:03Z,True
"GETTING TWITCH TATTOO PLEASE DONT SUE ME, SUSAN",260267,6448,198,PT1H6M11S,2022-12-07T00:25:54Z,True
"GETTING TWITCH TATTOO PLEASE DONT SUE ME, SUSAN",94228,3033,319,PT1M37S,2022-12-06T22:59:09Z,True
variety streamer of the year commentates lil bro cup,235678,5227,111,PT1H1M39S,2022-12-05T04:57:50Z,True
I Scammed the Government,1557054,77422,1721,PT21M15S,2022-12-05T04:46:34Z,False
"HUGE YUGIOH TOURNEY FT. @penguinz0, @fuslie, @Sykkuno, @LilyPichu, @Blau, @DisguisedToast, @Th3Vale",679143,13781,647,PT6H12M33S,2022-12-04T06:43:05Z,True
🏴‍☠️HUGE DAY🏴‍☠️ WINNING MCC NOW🏴‍☠️ YUGIOH AT 4 PM PT🏴‍☠️LIKE MY MERCH? I BET YOU DO!,317643,5410,50,PT3H17M27S,2022-12-03T23:36:49Z,True
The Liver King Drama is Wild,720077,29388,928,PT16M58S,2022-12-03T02:50:29Z,False
NUCLEAR ANNOUNCEMENT,652496,9678,105,PT3H52M51S,2022-12-02T04:17:56Z,True
My Last Year on YouTube.,454996,15747,348,PT2H22M47S,2022-12-01T06:24:23Z,True
She Was So Mean the Producers Kicked Her Off the Show,5248146,204171,4214,PT13M21S,2022-12-01T06:18:34Z,False
🎅IM BACK🎅MANDATORY WATCHING EXPERIENCE🎅 #multiversuspartner,369365,8287,58,PT3H39M5S,2022-11-30T04:41:22Z,True
I Streamed Until I Beat God of War. It was a mistake.,3149555,68585,962,PT1H5M7S,2022-11-30T04:21:49Z,False
Spending 24 Hours on a Private Island with MrBeast,3766642,180647,3840,PT18M33S,2022-11-27T06:21:15Z,False
How I Beat the Hardest Game Ever Made (Pogostuck 4),1241065,47473,1108,PT27M28S,2022-11-24T22:59:49Z,False
"🚨THE END OF THE STREAM🚨50 HOURS TRAPPED IN A GLASS  BOX🚨$300,000 RAISED FOR CHARITY",952483,21338,305,PT7H58M48S,2022-11-20T23:55:52Z,True
🚨MEDIASHARE NIGHT🚨50 HOURS IN A GLASS BOX🚨CHARITY STREAM  @NoKidHungry @AlveusSanctuary  🚨!Donate,500192,8797,50,PT5H40M15S,2022-11-20T13:42:01Z,True
🚨LATE NIGHT GAMES🚨50 Hours IN A GLASS BOX🚨CHARITY STREAM @NoKidHungry @AlveusSanctuary🚨!Donate,695625,15561,66,PT8H2M4S,2022-11-20T03:43:25Z,True
Surviving 50 Hours Trapped in a Glass Box 🚨 Subathon 2.0 🚨 !Donate,774156,17422,68,PT3H24M40S,2022-11-19T19:41:36Z,True
Surviving 50 Hours Trapped in a Glass Box 🚨 Subathon 2.0 🚨 !Donate,1372721,34759,146,PT11H3M42S,2022-11-19T09:11:11Z,True
Among Us VR is the Game of the Year,1450134,63203,569,PT13M4S,2022-11-16T04:04:36Z,False
🚨BEATING GOD OF WAR TONIGHT🚨2 HOURS LEFT🚨EVERY DEATH = $100🚨,552449,7270,113,PT3H42M37S,2022-11-14T07:10:09Z,True
Everything was going great until the blindfolds came off…,5505823,221811,5663,PT15M41S,2022-11-14T06:45:45Z,False
🚨LAST 12 HOURS🚨24 HOUR STREAM🚨GOD OF WAR 🚨EVERY DEATH I GIVE AWAY $100🚨,614114,11316,107,PT11H55M1S,2022-11-13T22:07:21Z,True
🚨FIRST 12 HOURS🚨24 HOUR STREAM🚨GOD OF WAR 🚨EVERY DEATH I GIVE AWAY $100🚨,724365,13640,105,PT11H55M1S,2022-11-13T09:54:36Z,True
"Riot Games Stole $50,000 From Me",2784530,100403,2456,PT22M49S,2022-11-12T05:38:32Z,False
Ludwig Dominates VR Among Us,819657,20638,166,PT4H51M22S,2022-11-11T03:18:40Z,True
This YouTuber Made Fun Of Me. I Proved Her Wrong.,2866763,84701,1531,PT29M48S,2022-11-10T06:15:19Z,False
THE LUDDY TOOK OVER THE INTERNET? GOD OF WAR TONIGHT? ONE OF THESE IS TRUE!!,447012,9970,113,PT5H8M15S,2022-11-08T07:48:13Z,True
💪IM BACK 💪 BIG ANNOUNCEMENT 💪BEATING POGOSTUCK OR GIFTING 1000 SUBS💪,401368,10318,151,PT5H27M43S,2022-11-07T09:44:51Z,True
I Challenged the Strongest Man in the World. It Didn't Go Well.,2437561,124262,3398,PT15M18S,2022-11-07T09:11:26Z,False
This YouTube Leak Almost Ruined My Career,1963954,99232,2351,PT13M30S,2022-11-04T07:08:13Z,False
👽BRO VS BRO AGAINST @fuslie 👽,702744,15293,181,PT7H21M42S,2022-11-04T07:07:01Z,True
Girl on Dating Show is So Picky She Ends Up Alone,4830692,182871,4230,PT15M45S,2022-11-01T06:35:54Z,False
"How a Viewer Scammed Me Out of $10,000",850462,35618,502,PT17M11S,2022-10-29T07:26:46Z,False
I Quit. My Last Stream.,1481205,104293,3150,PT3M59S,2022-10-29T04:19:28Z,True
Guy on Dating Show Rejects Everyone He Thinks is Fat,5710355,209820,7013,PT18M5S,2022-10-27T00:19:43Z,False
Tik Tok Trends That Are Actually Funny,1834076,79760,1180,PT10M40S,2022-10-25T06:40:14Z,False
LARGEST SMASH INVITATIONAL OF ALL TIME | Ludwig Smash Invitational,1101271,23816,259,PT9H46M16S,2022-10-24T05:15:15Z,True
I Accidentally Created the Greatest Dance Move in the World | The Luddy,1734311,92949,1861,PT8M5S,2022-10-22T18:47:03Z,False
Chat Asks Me Anything But If I Don't Answer I Spin the Wheel,2134448,96209,45773,PT21M,2022-10-20T06:56:16Z,False
I Stole a Credit Card and Let My Stream Spend the Money,1331694,65585,1226,PT17M21S,2022-10-18T02:43:39Z,False
I Broke Into Famous YouTubers Houses,1650388,118220,3365,PT14M48S,2022-10-16T00:38:03Z,False
I Snuck Into Twitch Con,2014687,82461,1081,PT28M5S,2022-10-13T05:23:03Z,False
Beat Jump King by the End of Stream or Dye My Hair,812175,41238,637,PT14M12S,2022-10-11T02:29:33Z,False
Can 4 Guys Beat 1 Climbing Champion?,4247425,197809,5263,PT14M49S,2022-10-07T21:19:03Z,False
If I Cringe the Video Ends,1185170,50600,770,PT13M46S,2022-10-07T07:44:04Z,False
"I Challenged 3 Gamers to Beat 1 Speedrunner, Winner Gets $20,000",788447,32299,443,PT12M54S,2022-10-05T06:39:02Z,False
CDawgVA Sent Me a Mystery Box From Japan. It Was Cursed.,2001942,90858,1138,PT18M25S,2022-10-02T06:55:04Z,False
If I Laugh out Loud the Video Ends,1544028,68469,820,PT12M45S,2022-09-29T05:58:59Z,False
Schlatt and I Fixed YouTube,1073934,130232,3001,PT4M34S,2022-09-27T20:16:29Z,False
I Let Chat Decorate My Room. It Was a Mistake.,2065227,98101,1489,PT23M37S,2022-09-25T06:43:05Z,False
How I Proved I’m the Best Gamer in the World,1636579,71848,1286,PT23M30S,2022-09-23T07:46:47Z,False
IF MY VIEWER BEATS ME I GIVE HIM ALL MY MONEY,1998459,55450,792,PT29M11S,2022-09-19T01:01:34Z,False
How Many Flashlights Does it Take to Cook an Egg?,1308773,93453,2722,PT9M29S,2022-09-16T04:04:49Z,False
Beat Minecraft in 1 Hour or Play the Hardest Game in the World,1420941,60496,624,PT14M23S,2022-09-14T07:26:41Z,False
My Friend Challenged Me... he doesn't know I rigged it,1433132,49057,514,PT19M7S,2022-09-13T07:10:40Z,False
I Watched EVERY Trending Video to answer this question.,1473893,63383,3431,PT24M56S,2022-09-12T00:13:33Z,False
THE IMPOSSIBLE YOU LAUGH YOU LOSE CHALLENGE,3414401,101594,1286,PT20M15S,2022-09-10T04:55:53Z,False
"I have 30 Minutes to Beat the Game or I Lose $1,000",1115122,45072,832,PT18M56S,2022-09-06T06:53:48Z,False
The Greatest Restaurant in the World,603150,27209,397,PT17M36S,2022-09-05T07:14:39Z,False
I Let Chat Takeover My Stream. The Results Are Cursed.,2516471,110027,2217,PT26M12S,2022-09-03T01:41:44Z,False
How I Became the Biggest Streamer in the World for 24 Hours,1272989,83950,1579,PT15M5S,2022-09-01T06:04:43Z,False
I Got Swatted Live on Stream,3079181,179374,5134,PT9M46S,2022-08-29T09:00:44Z,False
Watch People Die Inside,1212260,50701,614,PT9M46S,2022-08-26T06:43:02Z,False
A Viewer Sent Me Memes. If I Don't Laugh I Ban Him.,1670948,72163,688,PT10M15S,2022-08-24T06:29:03Z,False
I Let My Stream Buy ANYTHING They Want For 90 Minutes,1676233,72547,1174,PT15M11S,2022-08-23T06:15:57Z,False
"Link Me a Song, If It’s Bad You Get BANNED",1482384,68688,1694,PT17M10S,2022-08-21T06:07:20Z,False
We Made a Song in 1 Hour. The Results Are Surprising.,971882,65931,1846,PT19M15S,2022-08-19T05:58:44Z,False
Can You Tell the Difference Between Real and Fake Art?,936130,49586,1126,PT22M4S,2022-08-17T07:21:37Z,False
How I Accidentally Won a Multiversus Tournament,1047834,42524,789,PT21M58S,2022-08-15T19:52:01Z,False
Tik Toks that make me laugh out loud,1069721,67512,988,PT10M16S,2022-08-12T22:26:54Z,False
He Was So Fast They Banned Him,880204,39999,1206,PT9M5S,2022-08-11T04:31:38Z,False
"How I Got Scammed and Lost $100,000",2448856,154144,4502,PT20M34S,2022-08-09T02:50:26Z,False
"Beat the Game in 1 Hour OR Lose $1,000!",1386876,50394,978,PT17M24S,2022-08-06T04:13:37Z,False
How I Stole a YouTube Video from MrBeast,1007362,58989,1356,PT11M19S,2022-08-04T02:40:32Z,False
"I Buried $100,000, Go Find It",16940347,597841,16178,PT11M43S,2022-08-02T01:30:29Z,False
I Got Addicted to a Mobile Game. It Was Amazing.,1584097,63012,1053,PT13M15S,2022-08-01T05:17:52Z,False
This YouTuber Showed Me the Greatest Game Ever,1142561,53235,1091,PT12M49S,2022-07-31T04:35:14Z,False
This Minecrafter Thought He Could Beat Me in a 𝙍𝙀𝘼𝙇 Game,1196460,52923,714,PT17M21S,2022-07-28T08:24:05Z,False
YOU LAUGH YOU LEAVE THE ROOM,1137009,46033,724,PT12M47S,2022-07-27T02:18:11Z,False
Tik Toks that make me laugh out loud,1318932,58335,960,PT11M33S,2022-07-25T05:24:38Z,False
This Speedrunner RUINED the game,1519597,55576,586,PT10M55S,2022-07-24T01:37:39Z,False
I Went To Australia. It Was a Mistake.,1282875,55740,1533,PT24M37S,2022-07-22T06:27:20Z,False
Can I Beat the Best Geoguessr Player in the World if I Cheat?,3327525,131578,1534,PT14M37S,2022-07-20T07:53:12Z,False
Tik Toks that make me 💀💀💀,1281760,52666,1311,PT10M58S,2022-07-18T06:50:40Z,False
Fall Guys But Everyone is Stream Sniping,1318649,62700,940,PT19M58S,2022-07-17T07:27:36Z,False
This Minecrafter Challenged Me in Geoguessr. Big Mistake.,1574700,73517,1331,PT14M52S,2022-07-16T07:43:25Z,False
"How MrBeast Embarrassed Me in front of 100,000 People",1336526,68549,1727,PT14M38S,2022-07-14T04:34:02Z,False
His Friends Pranked Him While He Was Sleeping,990583,44927,973,PT10M18S,2022-07-13T02:20:15Z,False
MrBeast Ruined My Esports Career,1825633,113853,669,PT55S,2022-07-12T02:28:04Z,False
This Japan Expert Challenged Me in Geoguessr. He Knows Everything.,2188223,92060,1656,PT19M2S,2022-07-11T02:49:10Z,False
what you didn’t know about my gameshow…,1118035,55651,932,PT15M53S,2022-07-08T00:25:58Z,False
My Gameshow Broke YouTube,4472626,162886,4218,PT1H7M27S,2022-07-06T06:09:47Z,False
I Opened the First FREE Ice Cream Truck,1522966,109924,4965,PT9M38S,2022-07-01T21:44:34Z,False
The Funniest Tik Toks I Could Find,2277781,80979,1239,PT13M13S,2022-06-30T23:26:51Z,False
The Ultimate Crane Game Challenge ft. CDawgVA,929758,49585,839,PT14M31S,2022-06-28T06:00:59Z,False
I Forced a British Man to Try Every Fast Food Burger,3777407,143206,4072,PT16M6S,2022-06-25T23:46:42Z,False
How I got the Among Us World Record,800823,47768,706,PT6M30S,2022-06-25T07:01:53Z,False
Which Country Has the FUNNIEST YouTubers?,1458782,54946,2582,PT29M24S,2022-06-23T06:48:54Z,False
I Forced the Best Geoguessr Player in the World to Play Blind.,5780171,203328,2725,PT15M1S,2022-06-20T22:31:02Z,False
YouTubers I can beat in a fight,3073580,88657,3188,PT29M32S,2022-06-19T06:54:05Z,False
I Met the Best Geoguessr Player in the World. He's Insane.,5671569,197698,2378,PT14M45S,2022-06-18T05:01:43Z,False
This Guy Made Cringe Tik Toks Funny,3318256,143247,1179,PT8M58S,2022-06-16T07:04:35Z,False
GUESS WHO IS A VIRGIN,1191057,51526,706,PT12M31S,2022-06-15T04:24:34Z,False
Giving a Random Stream Viewer a Job,3555457,83254,1515,PT30M38S,2022-06-13T19:50:48Z,False
YouTube Killed His Channel for Speaking Out,1183052,70682,2729,PT9M27S,2022-06-11T19:24:46Z,False
If I Win I Go on a Date with this Streamer,3367949,85407,1284,PT37M56S,2022-06-11T06:09:18Z,False
CAT.,1425018,66685,1466,PT10M25S,2022-06-10T07:15:59Z,False
"$10,000 IF SHE CAN BEAT ME ON STREAM",1427007,50219,701,PT22M23S,2022-06-08T05:58:21Z,False
My kitten is in this video,1702456,78891,1470,PT10M46S,2022-06-06T04:50:08Z,False
I gave my cat my credit card for 1 hour,3776669,158976,2411,PT17M58S,2022-06-04T03:35:54Z,False
Videos You Have to See to Believe,1430371,60601,985,PT13M59S,2022-06-03T06:33:11Z,False
How I Stole my Girlfriend's Cat,2443776,78958,1067,PT19M7S,2022-06-01T04:11:35Z,False
"He won a major, I have more than one friend",1536486,53495,1170,PT22M1S,2022-05-30T20:22:41Z,False
She thought she ended the stream...,1748102,73829,1202,PT17M11S,2022-05-28T05:28:13Z,False
If My Cat Wakes Up the Video Ends (YLYL),2592766,103230,1144,PT9M33S,2022-05-27T05:11:50Z,False
Embarrassing my viewers on stream so they stop messaging me,2652464,75781,1050,PT26M41S,2022-05-26T05:16:36Z,False
So I went to my first bachelor party...,799690,44086,800,PT15M9S,2022-05-25T02:17:45Z,False
I Tried Speedrunning Wikipedia (It was a mistake),1432468,56407,956,PT20M33S,2022-05-24T04:57:15Z,False
This YouTuber called me out. So I embarrassed her on stream.,4727421,133485,1385,PT19M50S,2022-05-22T19:04:41Z,False
How I beat the best geoguessr player in the world.,889252,44022,891,PT12M8S,2022-05-21T03:52:12Z,False
My Girlfriend made me get a cat.,3965461,157000,2935,PT11M26S,2022-05-20T02:17:48Z,False
I tried playing Among Us in 2022. It’s insane.,805665,39627,589,PT11M4S,2022-05-19T02:32:36Z,False
"I spent $10,000 on Wish to find out if it's a scam.",1592475,59899,753,PT10M9S,2022-05-17T21:58:37Z,False
I speedran google. It’s insane.,812315,41251,768,PT10M31S,2022-05-16T03:40:59Z,False
I started a fire in her house,683073,38902,1003,PT8M3S,2022-05-15T03:31:52Z,False
Woman destroys man on stream,1184192,53875,787,PT8M52S,2022-05-13T02:32:12Z,False
This speedrunner broke the world record blindfolded.,754390,30591,502,PT20M35S,2022-05-12T03:28:47Z,False
"I lost $50,000 in Vegas and MADE Money",1133575,55030,1303,PT26M28S,2022-05-10T02:20:58Z,False
I Ran another Fortnite tournament but didn't tell anyone the rules.,521988,25413,576,PT17M52S,2022-05-09T01:42:53Z,False
TRY NOT TO LAUGH CHALLENGE (NOT EASY),1854184,72138,510,PT11M48S,2022-05-08T02:36:09Z,False
"How I Stole $100,000 from MrBeast",1609733,73418,1259,PT11M35S,2022-05-07T00:37:32Z,False
I Glued Myself to a Chair Until I Beat the Game. It was a mistake.,2521253,74828,1424,PT13M11S,2022-05-05T22:08:35Z,False
I Made a Mistake Challenging Jschlatt...,6542449,183783,1557,PT29M58S,2022-05-04T04:37:14Z,False
LUDWIG'S MILLION DOLLAR GAME ft. @MrBeast @xQcOW @Ninja @philhellmuthofficial,2060700,47175,1977,PT8H57M25S,2022-05-02T12:51:34Z,True
I Ran a Fortnite tournament but didn't tell anyone it was for money.,603537,30834,528,PT15M59S,2022-05-01T04:03:44Z,False
"I watched the ""Trial of the Century"" so you don't have to",914490,56714,962,PT7M38S,2022-04-30T06:32:12Z,False
The Smartest Streamer on Twitch Called Me Out...,1097340,47929,823,PT15M11S,2022-04-28T06:15:08Z,False
I pretended to be dumb and stole this streamers money.,1574346,57735,617,PT28M32S,2022-04-27T07:34:26Z,False
My viewers found my address and sent me this…,1484492,63612,961,PT20M20S,2022-04-25T05:49:46Z,False
How I Proved I am the Fastest Masher in the World,755474,42873,622,PT8M16S,2022-04-24T02:55:09Z,False
Actually Trying Your Terrible Stream Ideas,1704768,78111,1689,PT22M32S,2022-04-22T05:01:37Z,False
I Showed my Livestream my Favorite Tik Toks...,1152322,61782,957,PT12M19S,2022-04-20T04:30:39Z,False
This Country Solved Food,1616606,58777,2278,PT14M38S,2022-04-16T06:26:03Z,False
I Attempted the Most Brutal Geogeussr Challenge,1441192,75280,1642,PT13M29S,2022-04-15T06:45:26Z,True
This Speedrunner Broke the Game.,1881328,58621,846,PT14M31S,2022-04-14T05:18:18Z,False
I Ran a Fortnite tournament but didn't tell anyone the rules.,1053800,51281,930,PT13M28S,2022-04-12T05:28:38Z,False
This Streamer pretended to be dumb then stole my money.,4125237,119536,1395,PT34M22S,2022-04-10T01:19:14Z,False
"the entire history of r/place, i guess",1902714,94769,2687,PT8M46S,2022-04-09T00:50:37Z,False
Confronting the CEO of YouTube,3262952,179098,9498,PT57M14S,2022-04-07T19:00:38Z,False
This is why you answer MrBeast's texts...,4012635,179344,2621,PT24M50S,2022-04-05T03:31:07Z,False
"He has 10,000 hours played, I have friends.",2255957,77365,1166,PT19M52S,2022-04-03T03:52:11Z,False
I Hired this Pro Gamer to secretly destroy my roommates.,3163740,103074,992,PT19M2S,2022-03-27T22:32:13Z,False
We broke a gameshow with this simple trick.,1801784,65846,2174,PT56M58S,2022-03-27T07:10:06Z,False
Only a man can do this job.,988497,51298,839,PT9M24S,2022-03-25T03:21:37Z,False
Guess which job makes more money or drink the hottest hot sauce,1383310,59046,1073,PT14M59S,2022-03-23T05:38:48Z,False
"This ""speedrunner"" Challenged Me to a Race IRL",616265,33670,634,PT14M41S,2022-03-22T06:13:08Z,False
HIGHER OR LOWER but it's movie ratings,2292888,88349,1183,PT17M54S,2022-03-21T05:33:50Z,False
I Let a Mystery Wheel Control My Life. It was a mistake.,1191892,54261,683,PT16M23S,2022-03-20T05:54:34Z,False
She Created the Greatest Streaming Event Ever.,679887,46944,1404,PT19M19S,2022-03-18T22:31:51Z,False
I Speedrun YouTube.,2464044,85137,1040,PT13M21S,2022-03-18T04:21:07Z,False
I streamed until I beat Elden Ring. It was a mistake.,9212513,188003,5483,PT59M28S,2022-03-16T05:04:33Z,False
The Most Dangerous World Records,1972136,67465,651,PT14M14S,2022-03-15T01:14:40Z,False
Trying not to laugh at Tik Toks with Karl Jacobs,543554,31472,369,PT9M52S,2022-03-12T06:45:06Z,False
Ranking the WEIRDEST Products from Shark Tank,3056052,99587,2418,PT20M23S,2022-03-11T06:48:25Z,False
The Most Talented Woman,748257,36239,525,PT10M29S,2022-03-09T06:10:19Z,False
I Gave My Stream One Hour to Buy ANYTHING from Wish,1604759,62506,724,PT16M3S,2022-03-07T20:54:24Z,False
So I Discovered the Weirdest Speedruns...,2149311,74894,1741,PT15M50S,2022-03-06T02:09:44Z,False
I Abandoned You.,576281,37215,1177,PT12M17S,2022-03-04T05:22:12Z,False
I Watched This YouTuber's First Video to Answer This Question,756930,37944,636,PT18M40S,2022-03-02T05:11:11Z,False
"If I Get Scared, The Video Ends.",793868,39222,946,PT13M42S,2022-03-01T05:49:25Z,False
I Tried the Most Popular British Fast Food… it was horrible.,1854206,54713,2276,PT17M59S,2022-02-24T06:41:20Z,False
Can 3 Gamers Beat 1 Pro Valorant Player?,2274254,74908,1852,PT18M8S,2022-02-23T06:53:02Z,False
You Laugh You Lose But It's Actually Funny,1067420,44162,501,PT9M10S,2022-02-22T07:45:18Z,False
I asked famous streamers to rate all 898 Pokémon,622766,29255,2387,PT32M58S,2022-02-21T04:08:02Z,False
This Speedrunner Challenged Me. I Took That Personally…,1245578,48107,747,PT19M26S,2022-02-19T03:51:40Z,False
I bought every advertisement my chat linked me so you don’t have to,1796783,76795,904,PT17M41S,2022-02-18T07:55:38Z,False
"This YouTuber's ""Theory"" Was All Wrong...",1321390,62262,1167,PT14M29S,2022-02-16T22:49:18Z,False
I Tried Every Item at In-N-Out and Ranked Them,2068489,66136,1957,PT17M30S,2022-02-15T06:13:36Z,False
A Twitch Streamer Thought He Was Better Than Me...,1414327,55369,686,PT19M14S,2022-02-13T22:50:27Z,False
"I Gave My Stream $50,000, This is What They Sent Me...",1313111,63155,1165,PT12M57S,2022-02-13T02:36:12Z,False
Perfectly Cut Screams,732699,41787,618,PT8M23S,2022-02-11T03:53:18Z,False
Tik Tok DONT LAUGH Challenge,890496,42632,573,PT9M,2022-02-09T03:57:41Z,False
What happened to these cancelled YouTubers,3749549,116909,2913,PT25M58S,2022-02-08T04:41:33Z,False
This Speedrunner Beat the Hardest Game in the World in 1 Minute,3973761,106205,1427,PT17M15S,2022-02-06T04:32:46Z,False
"This YouTuber got 3,500 Copyright Strikes in 24 Hours",571251,37230,1370,PT10M7S,2022-02-04T04:13:14Z,False
If chat donates I reset the speedrun,1573535,62215,917,PT12M33S,2022-02-03T06:04:49Z,False
YOU LAUGH YOU SPIN THE WHEEL,1249292,57617,747,PT13M7S,2022-01-31T21:38:48Z,False
I challenged Japans crane game master,1659947,88606,1149,PT22M26S,2022-01-30T03:43:50Z,False
Tik Toks that are actually good,1773755,63867,755,PT14M4S,2022-01-28T06:40:49Z,False
These Tik Tok Life Hacks NEED to Stop.,1243091,47318,886,PT10M21S,2022-01-27T04:57:14Z,False
This YouTuber ROASTED my channel,965216,48706,1457,PT19M34S,2022-01-26T07:41:27Z,False
How I Beat the Hardest Game in the World (Pogostuck 3),1691849,59859,964,PT23M51S,2022-01-24T08:37:42Z,False
"Making $1,000,000 from Crypto",626177,31149,969,PT10M56S,2022-01-23T05:53:10Z,False
My 1000th Video!,546561,49656,2165,PT10M9S,2022-01-22T07:27:07Z,False
Never Give Jschlatt a Gun...,4392595,182854,2550,PT18M55S,2022-01-21T04:07:02Z,False
I spent $1000 on claw machines to see if they're rigged,850523,42998,1168,PT12M51S,2022-01-20T00:17:56Z,False
I Let a Mystery Wheel Control My Life for 24 Hours,1484587,62323,733,PT15M33S,2022-01-18T08:05:06Z,False
"""Women live longer than men.""",849009,57810,1246,PT10M51S,2022-01-16T22:30:24Z,False
Someone found my old Vines. They're insane.,1121965,60360,1071,PT11M10S,2022-01-15T05:13:18Z,False
Tik Toks that FORCE you to laugh in a pandemic,1080132,45500,675,PT11M14S,2022-01-14T07:37:48Z,False
The CEO of YouTube told me this was illegal... I did it anyway.,615235,36375,1145,PT11M56S,2022-01-13T04:55:20Z,False
"This ""High IQ"" Streamer challenged the wrong guy...",2448933,81268,929,PT24M43S,2022-01-12T04:07:44Z,False
I went UNDERCOVER to see what my viewers say about me,750375,42316,719,PT9M54S,2022-01-10T04:00:09Z,False
Can I Beat Every Jump King in 1 Hour?,1581634,67383,883,PT22M48S,2022-01-09T06:43:40Z,False
The Best of Ludwig 2021,1687596,58134,986,PT1H3M40S,2022-01-07T07:12:58Z,False
She Didn't Like the Advice I Gave Her...,558348,28659,1077,PT21M11S,2022-01-06T07:37:06Z,False
I tried to make an award show... I got roasted instead.,736250,35472,568,PT18M55S,2022-01-04T03:37:23Z,False
React Streamers have gone too far...,778277,40321,1713,PT11M15S,2022-01-02T01:31:49Z,False
This VTuber Challenged me... she didn't realize my skill,1621127,71462,1639,PT19M57S,2022-01-01T05:52:15Z,False
the funniest tik toks of 2021,1204272,51685,650,PT12M49S,2021-12-31T03:43:52Z,False
Can you peel a raw egg?,1239244,68646,1694,PT12M3S,2021-12-30T02:48:11Z,False
Only men have this power,1049787,45796,850,PT9M9S,2021-12-28T21:36:11Z,False
"How a TV Show Lost This Company $1,000,000,000",377573,26310,746,PT8M27S,2021-12-28T05:30:18Z,False
This streamer made a mistake challenging me... (Ultimate RPS Showdown),664243,62797,2469,PT10M55S,2021-12-26T07:28:47Z,False
this video will get me banned from china,725870,57224,2119,PT8M35S,2021-12-25T04:55:33Z,False
What could possibly go wrong?,1675342,72488,1080,PT12M46S,2021-12-24T05:10:23Z,False
I watched EVERY Epic Rap Battle of History to answer this question.,1425786,55348,1273,PT20M19S,2021-12-23T05:22:42Z,False
Paying streamers to do whatever I say,1193493,65424,990,PT12M17S,2021-12-22T05:16:53Z,False
"Play stupid games, win stupid prizes.",567637,32145,777,PT8M4S,2021-12-20T07:40:09Z,False
How easy is it to spot a theatre kid?,1172313,47903,796,PT11M52S,2021-12-19T06:52:47Z,False
"He Scammed Me out of $20,000.",718238,34662,643,PT10M50S,2021-12-18T04:42:46Z,False
Tik Toks that are ACTUALLY funny,1476278,60697,912,PT13M21S,2021-12-17T06:55:00Z,False
He said he's the best in the world... I made him prove it.,754527,26724,535,PT15M4S,2021-12-16T07:38:38Z,False
I Said Yes to EVERYTHING chat asked me to do.,895561,39209,629,PT13M49S,2021-12-15T01:09:23Z,False
I Gave My Stream One Hour to Buy ANYTHING They Want,2178208,96019,3709,PT19M44S,2021-12-13T01:34:54Z,False
Can I Stream Without Saying these Words?,894867,40798,551,PT10M12S,2021-12-11T04:50:27Z,False
This YouTuber didn’t know I was a pro gamer…,3251695,103417,1112,PT19M29S,2021-12-10T03:32:38Z,False
this streamer exposed me on my gameshow... | Mogul Money,2600782,86703,2612,PT49M48S,2021-12-09T03:11:35Z,False
Why I Got Banned on YouTube.,930117,59038,1365,PT10M48S,2021-12-08T01:57:36Z,False
You can’t watch these tik toks without laughing.,1315025,58527,998,PT11M25S,2021-12-07T07:12:22Z,False
Tik Tok’s Worst Trend,1559226,96365,2529,PT18M7S,2021-12-06T03:11:02Z,False
I Watched EVERY YouTube Rewind to answer this question.,4536840,177798,4560,PT25M8S,2021-12-05T01:46:46Z,False
Chat asks me ANYTHING but if I don't answer I get shot...,1674999,84526,2113,PT14M37S,2021-12-03T01:07:14Z,False
"Mogul Money ft. Sykkuno, Fuslie, and Connoreatspants !",1166011,76277,2598,PT1H27M38S,2021-12-01T23:35:12Z,True
"This video has 50,468 dislikes.",1628610,190373,9689,PT4M6S,2021-12-01T03:12:44Z,False
The biggest announcement of my streaming career (not clickbait),1144987,110829,5641,PT1M47S,2021-11-29T22:08:36Z,False
Speedrunning Wikipedia is much harder than you think...,1182534,43505,558,PT23M18S,2021-11-29T09:18:14Z,False
You Laugh You Lose That's ACTUALLY Funny,909146,42998,487,PT8M55S,2021-11-28T08:23:22Z,False
Bald Person Tier List,408421,21253,930,PT11M33S,2021-11-27T07:26:06Z,False
I Found the Worst Tik Tok Account... and followed their advice.,506529,32136,540,PT10M17S,2021-11-26T08:38:24Z,False
Reddit Memes that are ACTUALLY funny,1634744,74775,651,PT10M56S,2021-11-25T08:07:28Z,False
He called me out... so I proved I know my fans with 99% accuracy,719340,39158,638,PT11M45S,2021-11-24T08:45:25Z,False
This YouTuber Called Out the Biggest Award Show...,475418,27536,476,PT12M10S,2021-11-23T10:49:15Z,False
This Speedunner Challenged Me... he didn't know I had the world record,2835029,92441,864,PT14M21S,2021-11-22T08:11:26Z,False
Race to Mt. Fuji,852691,31780,986,PT2M20S,2021-11-21T01:27:51Z,False
Midnight Ride,529732,21569,755,PT3M46S,2021-11-21T01:27:21Z,False
I watched one Epic Rap Battle from every season,2760034,99440,3029,PT21M55S,2021-11-20T07:52:29Z,False
How I became the fastest masher in the world... again,1548565,65430,1142,PT8M2S,2021-11-19T09:06:18Z,False
This YouTuber thought he'd beat me... I knew better.,460141,21662,415,PT10M7S,2021-11-18T08:47:18Z,False
This Streamer Stole My Money... so I exposed him.,572539,28618,587,PT13M54S,2021-11-17T07:56:14Z,False
These Tik Toks are so funny they got BANNED,1028520,51468,680,PT10M22S,2021-11-16T06:15:00Z,False
I challenged him to make the hardest game in the world... it took 10 days.,2907093,80417,710,PT18M39S,2021-11-15T07:56:42Z,False
This Newspaper Wrote an Article on Streaming... So I Roasted it.,452103,24076,546,PT15M13S,2021-11-13T23:59:25Z,False
Among Us in 2021 is insane.,943432,49953,798,PT12M11S,2021-11-13T06:54:51Z,False
If I Laugh I Give MrBeast $100...,759827,44803,831,PT13M16S,2021-11-11T23:33:56Z,False
Making $1 Million from NFTs,1034561,50943,1356,PT8M21S,2021-11-11T07:38:50Z,False
J̷̍͠ͅȅ̵̜͘f̴̧͂͝f̸̬̈́̓ ̶̠̾B̸̰̎e̷̢͋z̶̰͆͜ǫ̸̥͗ṡ̷̰̇,448643,24935,513,PT6M35S,2021-11-10T05:51:41Z,False
He Said He Made the Perfect Game... So I Broke It...,1315539,55488,807,PT10M44S,2021-11-09T08:04:24Z,False
He Said I Couldn't Beat His Game... So I Got the World Record.,941789,45400,559,PT9M8S,2021-11-08T05:41:31Z,False
This YouTuber Challenged the wrong guy...,1610436,53883,912,PT23M10S,2021-11-07T06:00:12Z,False
I made a secret YouTube channel to prove it's not luck,7169598,361293,8718,PT16M56S,2021-11-06T00:00:14Z,False
I found the funniest worst Twitter thread,394898,22348,1004,PT9M22S,2021-11-04T05:59:23Z,False
These Tik Toks Will Make you Laugh,1000273,49250,582,PT10M59S,2021-11-03T03:07:17Z,False
she ruined my gameshow | Mogul Money,4293982,122344,3083,PT50M12S,2021-11-02T02:26:14Z,False
A Viewer Tried to Kill Me.,673427,42746,1434,PT8M46S,2021-10-31T22:59:04Z,False
Viewers showed up to my house and gave me this…,451259,22628,454,PT14M9S,2021-10-31T04:52:03Z,False
I clicked so fast this YouTuber thought I cheated,1498335,60496,970,PT15M47S,2021-10-30T04:30:50Z,False
I Discovered Movie Speedruns. They're Insane.,702992,28117,482,PT12M18S,2021-10-28T03:35:52Z,False
Ludwig Clones Himself ft. William Osman,289002,30313,658,PT2M31S,2021-10-27T01:59:41Z,False
"I Hosted a $20,000 Crew Battle!",438459,25235,623,PT11M13S,2021-10-26T06:51:28Z,False
If Twitch Chat ROASTS Me the Video Ends,440215,22466,281,PT8M42S,2021-10-24T03:53:11Z,False
IF I LAUGH I WAX MY MUSTACHE,964369,46418,505,PT15M26S,2021-10-23T05:23:22Z,False
"If You Link a Bad Song, You Get BANNED",1955249,81859,1648,PT17M10S,2021-10-22T04:07:40Z,False
Stop Putting Me on the News!!,380412,21159,336,PT10M11S,2021-10-21T06:27:28Z,False
Ludwig TRIES Not To Laugh at Unusual Memes,2262798,75412,854,PT15M10S,2021-10-20T06:16:20Z,False
Playing Runescape for the First Time in 20 Years!,287396,12228,334,PT10M38S,2021-10-19T07:13:14Z,False
I Forced Streamers to Play Squid Game,676427,32469,304,PT12M1S,2021-10-18T02:28:19Z,False
I Forced The Biggest Streamers in the World to Go Outside. Big Mistake.,1348329,72685,1202,PT13M19S,2021-10-17T04:15:55Z,False
My last video.,797058,65372,3078,PT5M12S,2021-10-08T04:00:37Z,False
How Much Money do I REALLY Make?,833128,39809,1093,PT18M3S,2021-10-07T09:47:35Z,False
Proving Art Prices are a SCAM,800194,31980,755,PT18M24S,2021-10-06T05:53:19Z,False
"FORCING the biggest streamers to compete for $5,000 | Mogul Money",5380543,148309,4192,PT58M7S,2021-10-05T05:18:57Z,False
Someone needs to stop Twitch,499915,29702,730,PT13M4S,2021-10-04T06:54:51Z,False
I ranked streamers I’ve met IRL,474721,21708,333,PT10M37S,2021-10-03T01:00:07Z,False
Ludwig Reacts to funny BANNED Tik Toks,1579941,61741,522,PT10M8S,2021-10-02T07:25:32Z,False
So I “met” the biggest streamer in the world…,463578,24927,479,PT10M47S,2021-10-01T06:49:40Z,False
I challenged the biggest streamers in the world to a scavenger hunt,363728,24501,567,PT8M36S,2021-09-30T07:48:26Z,False
"I stole $1,000 from MrBeast",448388,29598,609,PT8M4S,2021-09-29T06:44:31Z,False
So Wikipedia Speedruns Exist…,1711997,64537,961,PT22M17S,2021-09-28T08:51:55Z,False
This is why I can't go out in public anymore...,394065,22745,495,PT8M4S,2021-09-27T07:20:06Z,False
Tik Toks that actually make me laugh out loud,1568844,71661,800,PT10M36S,2021-09-26T08:47:11Z,False
The Video Ends When Twitch Chat is Dumb,460368,23699,376,PT6M44S,2021-09-25T06:31:25Z,False
I hung out with women and it was terrible,1310856,54094,707,PT9M26S,2021-09-24T06:34:32Z,False
They Updated Jump King. It's Impossible.,3024178,73887,2031,PT58M27S,2021-09-23T07:43:55Z,False
Sykkuno Ruined my Tournament...,829863,34981,654,PT17M17S,2021-09-22T08:04:14Z,False
A Day in the Life of a Ludwig Viewer,457569,28084,556,PT12M31S,2021-09-21T06:26:58Z,False
"I let my stream spend $30,000 with MY MONEY",1950813,65650,1108,PT10M58S,2021-09-20T06:28:51Z,False
Can 3 Gamers Beat 1 Super Smash Bros. Pro?,980372,39972,1049,PT13M2S,2021-09-19T08:55:40Z,False
"I Bet Her $10,000 She Couldn't Answer This Question",472751,22589,392,PT15M11S,2021-09-18T07:52:05Z,False
Why I ended up on the news... again.,532023,25235,342,PT8M9S,2021-09-17T05:39:33Z,False
Tik Toks I CANNOT Stop Laughing At,1166336,50959,455,PT10M44S,2021-09-16T06:49:15Z,False
"I Bet $5,000 My Roommates Couldn’t Answer This | Mogul Money",3112510,81574,1860,PT42M20S,2021-09-15T06:15:01Z,False
Letting Karl Jacobs Cut My Hair Was a Huge Mistake,814764,73395,1031,PT11M50S,2021-09-14T08:06:09Z,False
"I Challenged MrBeast to a $50,000 Poker Game",1245498,63810,892,PT8M22S,2021-09-13T08:05:27Z,False
The Video Ends if Someone is 𝗦𝗲𝘅𝗶𝘀𝘁 in Twitch Chat,1584987,66994,949,PT13M1S,2021-09-12T06:42:48Z,False
I flexed on her,475054,31267,744,PT8M30S,2021-09-11T07:30:42Z,False
Can I beat the hardest games of all time in under 30 minutes?,655357,41076,899,PT11M29S,2021-09-10T07:43:08Z,False
I Miss the Old Ludwig,483063,26098,524,PT8M33S,2021-09-09T05:45:46Z,False
teaching sykkuno how to be a chad,316915,18184,367,PT9M57S,2021-09-08T07:44:04Z,False
Can 5 Gamers Beat 1 Speedrunner?,2000903,55961,762,PT28M4S,2021-09-07T08:15:15Z,False
I made Pokémon Platinum Impossibly Hard,3977501,127163,3168,PT39M28S,2021-09-06T02:30:12Z,True
This Video Took Three Months to Make,392829,29636,943,PT3M30S,2021-09-05T07:00:49Z,False
How I won a Speedrunning Competition,756591,26916,366,PT17M16S,2021-09-04T08:21:20Z,False
Ludwig TRIES Not to Laugh at Tik Toks,1236325,48248,594,PT11M24S,2021-09-03T06:57:44Z,False
How I Accidentally Won a Chess Tournament,5002543,141278,1944,PT28M36S,2021-09-02T08:25:53Z,False
I'm Retiring.,430056,21488,337,PT14M13S,2021-09-01T06:49:25Z,False
Ludwig's Newest Fan,403619,20625,354,PT11M3S,2021-08-31T07:30:34Z,False
I'm Never Going on a Date with QTCinderella Again...,1080054,45569,714,PT18M34S,2021-08-30T05:44:42Z,False
I Ruined My Relationship on this Gameshow...,927965,19470,649,PT1H39M30S,2021-08-29T02:35:51Z,False
He Never Typed and Got BANNED,711174,31444,526,PT11M16S,2021-08-28T04:55:02Z,False
The Story of the Legendary Jerma Dollhouse Stream,928075,44359,436,PT13M18S,2021-08-27T07:04:12Z,False
The Dangers of Streaming.,318957,18619,715,PT7M34S,2021-08-26T01:00:08Z,False
Ludwig Reacts to Tik Toks that keep you up at night,1540316,58814,635,PT14M22S,2021-08-25T19:00:03Z,False
I can never go back to this barber...,592884,35822,1289,PT8M4S,2021-08-24T23:22:12Z,False
my first time ever wearing a tank top,336051,17523,350,PT9M28S,2021-08-23T23:33:46Z,False
Ludwig Hair Tutorial,324415,24074,1321,PT8M14S,2021-08-23T02:56:02Z,False
Smallant DESTROYS xQc on my Gameshow...,2089597,41705,1228,PT1H45M1S,2021-08-22T04:45:31Z,False
What NO ONE Tells You About College | College Stories,767273,38281,1585,PT19M14S,2021-08-21T05:36:10Z,False
"Every time HE Laughs, I Lose $100",2406567,74035,877,PT13M5S,2021-08-20T05:32:45Z,False
Tik Tok Went Too Far...,323456,24074,649,PT6M12S,2021-08-18T21:13:38Z,False
I am scared of Corpse.,530305,36268,676,PT10M17S,2021-08-17T23:53:03Z,False
Why I Love Hanging Out With OfflineTV,646819,30600,452,PT10M15S,2021-08-16T22:14:51Z,False
Pokimane Takes Me Shopping,998003,57512,1270,PT9M58S,2021-08-15T22:37:12Z,False
How Much Can $1 Get You in the Philippines?,1190223,65875,4288,PT13M36S,2021-08-15T07:44:05Z,False
How I Ended Up in Bella Poarch's Music Video,1513846,79589,1256,PT11M58S,2021-08-14T06:46:21Z,False
My Game Show Broke Twitch,1721555,40288,1166,PT1H25M50S,2021-08-13T20:53:42Z,False
If I Swear the Video Ends...,548526,32557,634,PT13M44S,2021-08-13T01:16:49Z,False
The most bullied man on Tik Tok...,458049,31445,1544,PT7M,2021-08-12T03:07:34Z,False
Can 3 Gamers Beat 1 Smash God?,1494720,45793,767,PT17M36S,2021-08-11T22:09:53Z,False
Cody Ko and Noel Miller ROAST my gameshow | Mogul Money,2924554,104837,2465,PT45M57S,2021-08-11T03:59:56Z,False
Can You Taste the Difference Between Fruit Blindfolded?,915255,37129,834,PT12M59S,2021-08-10T03:36:35Z,False
Ludwig reacts to Tik Toks you won’t forgor 💀,1776351,66509,976,PT10M20S,2021-08-09T06:43:31Z,False
How I Bullied Dream into Revealing His Identity,465191,40627,1266,PT4M57S,2021-08-08T22:19:33Z,False
Stop Doing Gamer House Tours,925142,35387,746,PT13M36S,2021-08-08T04:48:37Z,False
The Biggest Challenge Our Gameshow Has Ever Faced...,721992,14584,549,PT1H39M58S,2021-08-07T21:15:17Z,False
I Got Banned From Omegle for This...,227363,18012,920,PT6M52S,2021-08-07T04:31:03Z,False
Top 10 Salty Moments in Smash,1480705,71905,1235,PT12M49S,2021-08-06T07:37:06Z,False
I Am Ending Daily Uploads...,387796,24842,1154,PT9M42S,2021-08-05T01:00:09Z,False
Tik Toks that MAKE me laugh,1040833,50903,920,PT13M,2021-08-04T07:00:46Z,False
Donating to Streamers if They Can Answer DUMB Questions.,483489,28238,785,PT10M39S,2021-08-03T05:57:50Z,False
The Dream SMP took over my game show...,537246,18566,602,PT1H36M31S,2021-08-02T05:06:52Z,False
This is why you don't gamble...,376752,19836,772,PT15M41S,2021-08-01T06:14:20Z,False
Can I Beat one of the Hardest Games Ever Made?,871399,32734,746,PT24M26S,2021-07-31T00:00:07Z,False
"Challenging 10,000 People to Find Where I Am",569009,25576,483,PT17M44S,2021-07-30T06:33:10Z,False
He got banned… then sent me this,1506671,58843,817,PT13M33S,2021-07-29T06:16:13Z,False
This “speedrunner” Bet I Couldn’t Beat Him…,1263821,45390,490,PT24M26S,2021-07-28T04:11:13Z,False
Which Streamer Has the Best Laugh?,884859,38221,1117,PT15M45S,2021-07-27T04:30:14Z,False
I Took Everything From Him...,541301,20957,504,PT19M3S,2021-07-26T06:07:30Z,False
Smallant Ruined My Gameshow...,922095,25771,1691,PT1H32M33S,2021-07-25T00:37:26Z,False
CHALLENGING TWITCH CHAT TO $100 MONEY MATCHES,328650,15778,424,PT18M46S,2021-07-24T03:52:38Z,False
Ludwig Reacts to Unusual Memes that are ACTUALLY funny,1393423,55989,575,PT13M14S,2021-07-23T00:31:13Z,False
Doing ANYTHING my stream tells me to do.,2001050,82751,1300,PT22M2S,2021-07-22T06:12:33Z,False
I Let People Send Me Stuff From Anywhere in The World,1205685,51775,974,PT21M6S,2021-07-21T07:18:12Z,False
My Girlfriend is a bigger streamer than me...,780900,30404,537,PT16M54S,2021-07-20T06:01:40Z,False
I Forced The Biggest Streamers in the World to Play Mario Kart,656727,25901,442,PT23M11S,2021-07-18T23:38:30Z,False
I became xQc for a day.,328560,17212,481,PT12M55S,2021-07-17T20:51:06Z,False
The Greatest Gameshow Ever.,409008,13821,737,PT1H23M48S,2021-07-17T02:16:33Z,False
My First Time Kissing QTCinderella,2707775,99070,1470,PT19M30S,2021-07-16T06:19:18Z,False
I let viewers buy shirts with MY MONEY...,527644,27207,663,PT24M44S,2021-07-15T05:16:55Z,False
I asked 3500 people to answer questions honestly.,1228357,59788,1448,PT20M21S,2021-07-14T05:25:20Z,False
I jumped out of a plane (and it’s all tommyinnits fault),1567828,119737,3503,PT18M30S,2021-07-13T05:03:44Z,False
I’m sorry I went too far this time.,490245,24866,912,PT18M7S,2021-07-12T06:18:43Z,False
MY STREAM GOT HIJACKED | Hivemind,662674,20551,1482,PT1H21M38S,2021-07-11T06:04:35Z,False
How YouTube Changed Me...,212258,13769,402,PT5M50S,2021-07-11T00:19:40Z,False
stream asks me anything but I HAVE to answer honestly,1035665,53284,1082,PT20M4S,2021-07-10T01:49:12Z,False
streaming with my grandpa for the first time,623049,29871,539,PT11M15S,2021-07-09T03:40:00Z,False
jschlatt ruins my gameshow | Mogul Money,8867089,287239,5833,PT37M23S,2021-07-08T02:47:20Z,False
Forcing OfflineTV to say THIS,754653,41377,883,PT14M12S,2021-07-07T04:53:14Z,False
Sykkuno took all my money.,423172,26431,382,PT9M9S,2021-07-06T03:31:42Z,False
I Found Someone Cheating on my Gameshow.. (Hivemind),491136,15347,1031,PT1H25M43S,2021-07-05T01:47:18Z,False
I Took My Girlfriend to a restaurant that's TOO fancy,1775108,79841,2232,PT17M,2021-07-04T04:02:55Z,False
Ludwig Reacts to Unusual Memes that are GUARANTEED to make you laugh,2298877,75998,1179,PT22M4S,2021-07-03T07:02:29Z,False
I uploaded this on the wrong channel…,317908,17721,1158,PT16M1S,2021-07-02T08:14:34Z,False
Why I Regret Going to Las Vegas with QTCinderella...,1346199,61629,1544,PT34M44S,2021-07-01T07:25:21Z,False
How I Accidentally Got 3 People Banned on Twitch,502826,29634,1373,PT15M33S,2021-06-30T08:54:44Z,False
Ludwig’s Worst Nightmare,1623513,77703,1041,PT14S,2021-06-29T18:22:14Z,False
Can 3 Gamers Beat 1 Pokémon Master?,1859007,53023,1104,PT23M40S,2021-06-29T07:43:06Z,False
"I gave stream $5,000 and this is what they bought…",988877,43186,840,PT22M32S,2021-06-28T06:22:54Z,False
I GOT MY OWN CATEGORY ON TWITCH (Hivemind),499427,16562,704,PT1H21M16S,2021-06-27T01:13:02Z,False
i speedrun reddit,350497,19408,1683,PT13M1S,2021-06-26T07:09:53Z,False
Loser Has to Tweet Their Most Embarrassing Photo ft. Jerma985,685835,30817,606,PT31M56S,2021-06-25T07:00:20Z,False
I Met Jschlatt and Amouranth in Real Life,756771,42645,1199,PT10M16S,2021-06-24T07:25:46Z,False
Ludwig Reacts to The Story Of Ludwig by theScore esports,585682,27914,550,PT22M17S,2021-06-23T07:28:06Z,False
Ludwig Ranks EVERY Beer,1002817,33995,2214,PT24M41S,2021-06-22T06:56:50Z,False
HARDEST YOU LAUGH YOU LOSE CHALLENGE,1268507,60409,1127,PT16M30S,2021-06-21T06:03:12Z,False
I Got Her Banned on Twitch...,689589,40247,1155,PT12M52S,2021-06-20T06:23:56Z,False
I met moistcr1tikal...,676203,31182,905,PT16M41S,2021-06-19T01:30:13Z,False
What is happening on Twitch?,781266,55461,2205,PT12M47S,2021-06-18T06:59:11Z,False
THE ULTIMATE HIGHER OR LOWER GAME,963233,48254,620,PT27M38S,2021-06-17T07:07:40Z,False
How I Accidentally Got Banned on YouTube,581747,55856,2614,PT10M52S,2021-06-16T02:08:55Z,False
I GOT BANNED ON YOUTUBE [READ DESCRIPTION],515926,39447,2254,PT56S,2021-06-15T06:49:51Z,True
"IF I LAUGH I LOSE $1,000",682635,39249,1017,PT20M37S,2021-06-14T07:01:02Z,False
Why Dog Shock Collars Should be Illegal.,740787,35854,1622,PT24M59S,2021-06-13T06:38:36Z,False
The Biggest Game Show on Twitch is Back! (Hivemind),1046876,22311,1044,PT1H47M18S,2021-06-12T06:42:00Z,False
I Spent $280 on these...,364353,21214,568,PT15M27S,2021-06-11T07:10:42Z,False
"I took a bath in front of 15,000 people",386007,22099,581,PT11M32S,2021-06-10T07:27:52Z,False
You Can Buy ANYTHING But You Only Have 20 Minutes,694220,31625,679,PT15M30S,2021-06-09T05:59:50Z,False
The Greatest Game of Deal or No Deal,956156,49085,1083,PT25M13S,2021-06-08T06:17:08Z,False
What Can $10 Million Buy You Around the World?,923671,33192,936,PT31M38S,2021-06-07T06:25:44Z,False
Can You Guess How Much Candy is in the Jar?,782303,29789,701,PT28M42S,2021-06-06T06:59:09Z,False
Ludwig reacts to How Ludwig's Subathon Broke Twitch,4574190,141902,1062,PT24M19S,2021-06-05T07:05:48Z,False
I Bet Corpse $500 He Couldn't Find Norway on a Map,574757,29386,664,PT13M41S,2021-06-04T07:07:24Z,False
I met jschlatt...,1452637,72374,998,PT18M2S,2021-06-03T07:00:21Z,False
How I Accidentally Started Beef with Adin Ross,913357,57083,3495,PT28M24S,2021-06-02T07:50:09Z,False
Can 3 Gamers Beat 1 Starcraft Pro?,791635,25476,708,PT17M50S,2021-06-01T02:19:04Z,False
Who’s The BEST Couple on Twitch?,1361153,61466,2006,PT34M7S,2021-05-31T07:34:11Z,False
WHO IS MORE POPULAR?,1796717,67105,1496,PT27M17S,2021-05-30T06:52:34Z,False
"I Made the Biggest Streamers in the World Play Poker for $10,000",479665,18379,458,PT21M49S,2021-05-29T06:54:28Z,False
I Got Nominated for Streamer of the Year...,371925,21895,565,PT13M3S,2021-05-28T07:17:38Z,False
What House Can $5 Million Buy You Around the World?,1069199,40676,1294,PT32M54S,2021-05-27T07:22:20Z,False
Ludwig reacts to Unusual Memes that will make you laugh out loud,1972909,74475,1998,PT21M21S,2021-05-26T06:55:36Z,False
How I Accidentally Became a Scammer,574652,35337,1462,PT12M2S,2021-05-25T02:51:48Z,False
"Unboxing $7,000 Worth of Stuff My Stream Bought Me",1701851,77472,1316,PT20M2S,2021-05-24T06:43:49Z,False
Can 3 Gamers Beat 1 Minecraft Speedrunner?,2863261,132731,2277,PT20M32S,2021-05-23T06:32:35Z,False
I CHALLENGED THE BEST POKEMON PLAYER IN THE WORLD TO RATE MY SKILLS,465197,19982,403,PT24M11S,2021-05-22T02:12:56Z,False
I Forced OfflineTV to Drink and Play Games With Me,1480280,59733,683,PT21M53S,2021-05-21T06:49:05Z,False
Rest in Peace Le Monke...,445825,23451,712,PT14M19S,2021-05-20T06:16:01Z,False
The Roast of Ludwig,3080744,149473,3604,PT48M42S,2021-05-19T07:01:38Z,False
I LEAKED My Address and this is what my viewers sent me...,2338263,91459,1784,PT27M58S,2021-05-18T07:23:40Z,False
What House Can the Average Salary Buy You Around the World? (PHILIPPINES),1963188,73350,3155,PT31M12S,2021-05-17T06:20:10Z,False
The Video Ends When I Say THIS Word,1414736,64378,1023,PT19M38S,2021-05-16T07:20:44Z,False
Can 3 Gamers Beat 1 Speedrunner?,6251374,139369,1980,PT31M42S,2021-05-15T08:29:03Z,False
Ludwig Forgets to Turn Off Stream,716755,36062,749,PT14M6S,2021-05-13T22:58:31Z,False
"How I Trolled a Scammer Out of $1,500",560050,40172,916,PT8M18S,2021-05-13T01:29:50Z,False
Ludwig Reacts to Unusual Memes that make you uncontrollably laugh,1056999,49411,1120,PT13M17S,2021-05-12T06:15:01Z,False
What Can $30 Million Buy You Around the World?,2320706,85680,2269,PT31M29S,2021-05-11T22:23:04Z,False
Saying YES to whatever stream tells me to do.,1412098,50735,752,PT17M5S,2021-05-10T21:45:06Z,False
I Made My Girlfriend Play Siblings or Dating...,1766500,71521,1432,PT21M54S,2021-05-10T03:27:00Z,False
Rating My Viewers YouTube Channels is a horrible idea...,1035981,44460,902,PT20M44S,2021-05-09T06:59:33Z,False
"I Challenged 20,000 People to a Game of Pictionary",627153,27446,689,PT19M51S,2021-05-08T02:09:16Z,False
The Human Benchmark Test is CRAZY,1571217,47368,1034,PT31M4S,2021-05-07T06:55:29Z,False
I made my best friend get a tattoo of my name,330553,18014,450,PT15M23S,2021-05-06T05:55:46Z,False
Ludwig reacts to Unusual Memes that make you laugh and cry,1426720,59763,1464,PT24M,2021-05-05T07:03:59Z,False
ULTIMATE YOU LAUGH YOU LOSE CHALLENGE,2639420,89386,1367,PT21M23S,2021-05-04T03:30:29Z,False
Can An American Find More Pubs Than a British Man?,979198,33326,1081,PT20M54S,2021-05-03T00:33:25Z,False
Surprising My Best Friend with his Dream Car,655905,64740,2131,PT8M2S,2021-05-02T05:53:22Z,False
Twitch Streamers Try Family Feud,1077844,36085,520,PT29M34S,2021-05-01T06:56:44Z,False
Finding the Value of my Pokémon Collection,2267806,52345,1235,PT15M11S,2021-04-30T05:40:04Z,False
I Gave My Stream 30 Minutes to Buy ANYTHING They Want,2475968,90825,1707,PT18M36S,2021-04-29T23:54:02Z,False
Why Online Arcades are a Scam.,1641472,56216,1221,PT19M3S,2021-04-29T06:42:16Z,False
How much did someone get paid for this???,433863,22282,552,PT16M53S,2021-04-28T06:42:53Z,False
My New Best Friend.,762636,34223,611,PT17M52S,2021-04-27T21:31:03Z,False
My Arch Rival...,516082,36756,1020,PT19M24S,2021-04-27T04:53:57Z,False
Ludwig Reacts to Unusual Memes that make you cry laughing,1448566,58126,813,PT10M44S,2021-04-26T03:26:00Z,False
Disguised Toast Calls Ludwig the Smartest Streamer,542876,25218,530,PT19M12S,2021-04-25T06:16:33Z,False
How Much Money I Made From the Subathon.,769665,41851,895,PT20M1S,2021-04-24T06:46:51Z,False
Ludwig Reveals What He Did After the Subathon,505944,25734,556,PT19M49S,2021-04-23T06:25:22Z,False
Using Magnus Carlsen to CHEAT in Chess,7308601,199474,2423,PT28M5S,2021-04-22T07:01:43Z,False
The NEW Biggest Streamer on Twitch,667192,37266,2168,PT18M9S,2021-04-21T05:48:00Z,False
The Dark Side of Sykkuno,347149,17877,397,PT19M16S,2021-04-20T06:28:59Z,False
Ask Me Anything,334721,18195,408,PT16M22S,2021-04-19T06:56:30Z,False
The Truth About Ludwig...,452805,25378,684,PT23M39S,2021-04-18T06:48:29Z,False
Can I Still Beat the Hardest Games of all Time in 1 Hour?,1005652,44918,829,PT22M4S,2021-04-17T06:57:37Z,False
How I Accidentally Became the Biggest Streamer of all Time,3489794,197844,5700,PT24M35S,2021-04-16T08:29:54Z,False
"the entire history of ireland, i guess",531831,28753,2127,PT28M14S,2021-04-15T06:38:56Z,False
It's over.,926464,48216,1652,PT14M54S,2021-04-13T23:37:17Z,False
The Greatest Comeback in Geoguessr History!,1131475,41531,752,PT21M34S,2021-04-13T06:24:14Z,False
The End of the Subathon,924360,42593,1440,PT18M42S,2021-04-12T06:45:34Z,False
I Beat a Child in Chess.,638283,26552,546,PT21M12S,2021-04-11T06:55:40Z,False
I Bought the WORST Fake Ludwig Merch,388997,19362,469,PT13M29S,2021-04-10T04:06:29Z,False
Spiritual Super Monkey Ball 3?,743484,28893,502,PT20M33S,2021-04-09T06:40:57Z,False
Ludwig Reacts to Unusual Memes that MAKE you smile,959444,44020,612,PT12M21S,2021-04-08T05:16:50Z,False
It's almost over...,806159,36970,1228,PT16M22S,2021-04-07T05:00:17Z,False
Crazy new AFK impostor strat on Airship,421263,21964,451,PT11M7S,2021-04-06T04:56:10Z,False
I livestreamed every minute of my life for 3 weeks and here's how much I earned,610435,33848,994,PT12M28S,2021-04-05T05:12:45Z,False
Who is the Most Googled Person of all Time?,1154705,49961,971,PT20M22S,2021-04-04T06:15:35Z,False
Trolling OfflineTV in Among Us,844593,35413,616,PT15M49S,2021-04-03T06:46:10Z,False
Can You Taste the Difference Between Cheap and Expensive Chocolate?,560030,19704,414,PT22M8S,2021-04-02T07:05:20Z,False
Whoever Wins Becomes His Best Man,713793,25247,446,PT24M24S,2021-04-01T06:59:13Z,False
Give It Up for Day 15,469693,25783,639,PT15M25S,2021-03-31T06:04:48Z,False
Can 3 Gamers Beat 1 Trackmania Pro Driving Backwards?,2288837,58792,694,PT23M37S,2021-03-30T08:53:23Z,False
Hivemind Season Finale,1459450,15650,837,PT2H28M4S,2021-03-29T23:33:28Z,False
Dream is in this video.,487732,26387,628,PT15M54S,2021-03-29T06:57:11Z,False
I banned Dream.,790113,44462,890,PT18M15S,2021-03-28T05:25:24Z,False
I Cheated and Still Lost...,1487827,49983,763,PT29M,2021-03-27T07:01:08Z,False
I livestreamed every minute of my life for 10 days and here's how much I earned,1089162,58947,2052,PT17M5S,2021-03-26T06:54:46Z,False
When Ludwig is sus...,476577,24037,746,PT10M18S,2021-03-25T06:51:32Z,False
How Old Are My Viewers?,469478,25243,844,PT17M2S,2021-03-24T06:30:38Z,False
Viewers came to my address and gave me this...,461735,24201,910,PT13M30S,2021-03-23T06:55:28Z,False
Can a European Name More States Than an American?,1574543,53162,1596,PT26M57S,2021-03-22T06:56:21Z,False
"I forced 20,000 viewers to make me a playlist.",1161362,54711,1597,PT25M52S,2021-03-21T06:55:03Z,False
Can You Beat Me in Geoguessr? [PLAY ALONG],361922,16476,1200,PT15M15S,2021-03-20T05:37:41Z,False
This Video Proves Who is Smarter.,564892,23111,635,PT24M22S,2021-03-19T06:07:41Z,False
I livestreamed every minute of my life for 3 days and here's how much I earned,1074444,61859,1913,PT12M44S,2021-03-18T05:36:08Z,False
Why Ludwig is the Most Unique Streamer on Twitch,829623,37387,1368,PT17M28S,2021-03-17T04:47:08Z,False
The Video Ends When I Beat Winnie the Pooh Homerun Derby,1856826,56990,1086,PT25M4S,2021-03-16T06:27:20Z,False
The Greatest Game of Geoguessr.,1014382,38941,898,PT26M50S,2021-03-15T07:17:25Z,False
Ranking the Best YouTuber Songs,2835889,114673,6961,PT26M38S,2021-03-14T07:59:15Z,False
Weighing Myself for the First Time Since Quarantine (Big Fail),420099,21127,675,PT19M56S,2021-03-13T00:21:07Z,False
Why I Took a Break.,907902,58274,3001,PT24M54S,2021-03-12T07:48:50Z,False
This Video Will Get Me Arrested,312694,20380,673,PT11M53S,2021-03-11T07:50:45Z,False
MOVING IN WITH THE BOYS,279158,12711,272,PT12M31S,2021-03-10T07:10:47Z,False
"I won $10,000 by NOT playing Mario Party",1223063,42940,843,PT26M52S,2021-03-09T07:00:06Z,False
Hivemind Episode 8,624044,10422,731,PT1H46M8S,2021-03-08T22:00:12Z,False
The Greatest Game of Rocket League,671908,33701,782,PT17M29S,2021-03-08T07:01:24Z,False
I Beat a Woman in Chess,1775533,52439,1135,PT16M54S,2021-03-07T04:30:07Z,False
How I beat the best Geoguessr player in the world.,894679,39513,742,PT21M31S,2021-03-06T04:00:06Z,False
I had the worst day.,416243,18546,619,PT21M55S,2021-03-05T04:00:04Z,False
I Asked YouTubers the Internets HARDEST Questions,2524619,104372,13073,PT36M49S,2021-03-04T01:33:56Z,False
I lied.,541315,28410,937,PT16M40S,2021-03-03T08:18:21Z,False
Is Twitch Chat SMARTER Than Itself?,983509,33253,975,PT28M54S,2021-03-02T08:00:56Z,False
How I Became the Worst Breath of the Wild Speedrunner in the World.,1420581,48354,894,PT28M37S,2021-03-01T07:08:22Z,False
MrBeast Thought He Could Beat Me...,1759683,74329,979,PT21M9S,2021-02-28T07:48:51Z,False
THE BIGGEST GAMESHOW ON TWITCH,943938,14578,751,PT1H46M40S,2021-02-27T07:42:36Z,False
The New Face of Twitch,361941,20670,819,PT18M19S,2021-02-26T08:02:03Z,False
"Can I Beat 30,000 People in Geoguessr?",1014244,39091,1138,PT22M16S,2021-02-25T07:56:20Z,False
How I Accidentally Became Friends with Magnus Carlsen,1154605,54378,1637,PT23M41S,2021-02-24T07:54:46Z,False
Can You Taste the Difference Between Cheap and Expensive Cheese?,2018191,54308,1451,PT33M39S,2021-02-23T08:10:16Z,False
"I Challenged 20,000 People to a game of Geoguessr.",2147814,68305,1875,PT28M8S,2021-02-22T07:47:40Z,False
Can 3 Gamers Beat 1 Radiant Player?,3025475,87095,1780,PT32M37S,2021-02-21T03:39:25Z,False
Ludwig Ranks Every Fast Food Burger,2468587,68056,4153,PT38M31S,2021-02-20T05:01:23Z,False
Our Gameshow Got Emotional. (Hivemind Episode 4),666158,13994,1494,PT1H39M3S,2021-02-19T06:22:39Z,False
Playing Among Us But Sykkuno is a Snitch,623474,29392,643,PT15M40S,2021-02-18T04:43:34Z,False
My Girlfriend Bought the Worst Couples Costumes.,1375085,62393,1667,PT19M53S,2021-02-17T06:08:10Z,False
I'm taking a break.,550416,33248,1426,PT19M7S,2021-02-16T06:40:49Z,False
Ludwig Reacts to His Custom Among Us Skin,650530,32085,583,PT16M52S,2021-02-15T00:20:39Z,False
I Played With The Greatest Geoguessr Player in the World,2777995,93350,3456,PT52M53S,2021-02-14T07:14:11Z,False
Ludwig Reacts to the FUNNIEST Tik Toks,996617,52079,1582,PT14M39S,2021-02-13T05:14:59Z,False
I Bought Shroud.,3773413,174122,3535,PT25M45S,2021-02-12T02:00:03Z,False
Can 3 Guys Beat A Blindfolded Chess Master?,6483010,171327,2613,PT29M38S,2021-02-11T00:41:06Z,False
DON'T START STREAMING BEFORE WATCHING THIS,1578102,87958,2888,PT49M2S,2021-02-09T23:06:13Z,False
I Made a Gameshow with WOMEN (Hivemind Episode 3),641032,18483,1545,PT1H33M34S,2021-02-08T23:00:01Z,False
I Tried Beating the Best Geoguessr Player in the World.,899653,43136,1392,PT22M8S,2021-02-08T07:43:22Z,False
Reacting To My Old Commercials (Still Funny?),1039733,36281,938,PT43M,2021-02-07T03:00:23Z,False
My Chat Thought I Couldn't Do It.,474579,29023,1005,PT12M11S,2021-02-06T00:30:03Z,False
Can I Beat A Chess Master With No Queen?,2724249,75591,1358,PT22M10S,2021-02-05T07:43:59Z,False
Ludwig Gets Honest with Dr. K,1378094,55456,3285,PT55M59S,2021-02-04T04:05:06Z,False
I Speedrun Wikipedia.,2878567,89867,2535,PT35M35S,2021-02-03T04:23:15Z,False
I Challenged the Best Geoguessr Player in the World.,1293379,58371,1506,PT20M17S,2021-02-02T07:51:59Z,False
Ludwig Gets Destroyed By LudwigBot,2286502,65848,1066,PT18M46S,2021-02-01T05:48:20Z,False
Our Gameshow Almost Got Cancelled... (Hivemind Episode 2),740313,26383,1265,PT1H25M31S,2021-01-31T07:12:36Z,False
stonk,372846,19269,645,PT17M49S,2021-01-30T05:31:40Z,False
Can 3 Gamers Beat 1 Rocket League Pro?,2158547,68949,2018,PT24M19S,2021-01-29T06:58:58Z,False
I might go to Jail...,483739,22045,651,PT23M35S,2021-01-28T07:30:30Z,False
WHERE AM I? (ULTIMATE GEOGUESSR CHALLENGE),830802,37869,1358,PT19M47S,2021-01-27T02:58:38Z,False
"AM I SMARTER THAN 20,000 PEOPLE (HIGHER OR LOWER)",1882466,72666,1733,PT27M8S,2021-01-26T07:46:37Z,False
I Swapped Streams With My Girlfriend...,4348612,151743,3289,PT21M56S,2021-01-25T04:30:01Z,False
Among Us But I Try To Get Voted Off (Jester Mod),1073520,46692,899,PT21M34S,2021-01-24T07:57:25Z,False
We Made a Gameshow (Hivemind Episode 1),975380,40310,2357,PT1H14M15S,2021-01-23T07:15:39Z,False
We Started a Business.,465084,20227,527,PT28M44S,2021-01-22T07:10:06Z,False
Oops.,502296,30773,1086,PT22M18S,2021-01-21T07:52:43Z,False
This Code Miko Interview Went Wrong...,815069,46096,1577,PT25M12S,2021-01-20T07:50:52Z,False
Technoblade is in this video.,2112559,124215,4309,PT21M47S,2021-01-19T07:05:19Z,False
The Greatest Rivalry of All Time.,730601,33419,667,PT23M41S,2021-01-18T06:48:45Z,False
The Channel is Changing.,507355,30733,3670,PT22M14S,2021-01-17T04:39:01Z,False
A Message from GeorgeNotFound,333614,25062,1236,PT20M23S,2021-01-16T07:36:40Z,False
I Have One Friend.,422194,25943,930,PT15M42S,2021-01-15T05:21:17Z,False
Among Us But We Take A Shot Every Death.,1113165,52740,790,PT18M33S,2021-01-14T07:59:28Z,False
Drunk Among Us is a Fantastic Mistake,1278099,67015,993,PT16M46S,2021-01-13T03:36:16Z,False
I Took My Girlfriend's Credit Card,1073428,51890,1786,PT22M54S,2021-01-12T07:54:39Z,False
Ludwig News,505828,24451,610,PT17M18S,2021-01-11T07:53:42Z,False
I Have No Friends...,580091,32817,1602,PT17M40S,2021-01-10T07:48:19Z,False
I Became Sykkuno For a Day.,1203384,58523,1426,PT20M4S,2021-01-09T07:52:42Z,False
My Viewers Got My Address and Sent Me This...,1004714,55687,5695,PT22M56S,2021-01-08T07:54:50Z,False
How I Accidentally Became the Worst Speedrunner in the World,629940,24924,594,PT23M6S,2021-01-07T07:52:37Z,False
Can Twitch Chat STOP me from beating Pokemon?,796072,26574,698,PT27M3S,2021-01-06T07:29:04Z,False
Can You Taste the Difference Between Cheap and Expensive Water?,2242268,89624,3851,PT27M59S,2021-01-05T07:53:20Z,False
Corpse Husband is in this video.,965832,73697,2315,PT16M16S,2021-01-04T06:55:39Z,False
1 MILLION SUB SPECIAL,522705,35944,1158,PT22M45S,2021-01-03T01:45:00Z,False
THE BEST OF LUDWIG 2020,1619481,74003,2014,PT42M22S,2021-01-02T07:17:04Z,False
Corpse doesn't know where Finland is...,956482,57730,3687,PT23M20S,2021-01-01T08:22:43Z,False
She took everything...,716880,31227,1314,PT22M15S,2020-12-31T07:40:17Z,False
Would You Ban Him?,1595980,56125,1393,PT20M52S,2020-12-30T07:50:06Z,False
I Gave My Credit Card to Twitch Chat.,738605,40849,1192,PT21M48S,2020-12-29T04:37:31Z,False
I Am Not Your Friend,1369124,106002,7485,PT15M30S,2020-12-28T02:05:39Z,False
I bet $500 I wasn't the impostor...,1279412,52607,644,PT19M10S,2020-12-27T06:27:44Z,False
Pokemon But Twitch Chat Tries to Stop Me.,862124,30887,637,PT17M58S,2020-12-26T02:00:01Z,False
Ludwig - Baby It's Cold Outside (Official Music Video),2150789,164113,6268,PT2M42S,2020-12-25T20:00:11Z,True
Ludwig Watches Anime for 48 Minutes.,286828,14474,1411,PT48M44S,2020-12-25T04:00:02Z,False
He got BANNED last year for this.,1133832,46632,1444,PT21M58S,2020-12-25T00:37:25Z,False
I'm going to get cancelled.,344067,19976,1463,PT19M50S,2020-12-23T07:15:26Z,False
Corpse Narrates My Life.,1624794,78311,1210,PT22M,2020-12-22T07:43:52Z,False
I Tried Every Cereal and Ranked Them.,1648668,61630,3173,PT24M52S,2020-12-21T03:16:55Z,False
I got robbed.,635499,24713,869,PT25M40S,2020-12-20T04:24:57Z,False
"I Opened a $30,000 Box of Pokemon Cards...",4842228,103648,1964,PT40M46S,2020-12-19T07:41:00Z,False
Dream's 1000 IQ Read (It wasn't luck),976309,49771,1783,PT15M19S,2020-12-18T05:50:40Z,False
I messed up.,728714,43048,2394,PT20M32S,2020-12-17T02:53:14Z,False
Ludwig is a bad influence...,612756,28251,750,PT21M55S,2020-12-16T07:43:36Z,False
I met technoblade...,3012191,130274,3665,PT22M5S,2020-12-15T03:10:20Z,False
Protect Dream at all Costs.,1275179,60374,1705,PT18M8S,2020-12-14T04:38:17Z,False
Stop Sharing This Picture.,672692,34736,922,PT19M50S,2020-12-13T03:15:32Z,False
Thank You,470815,52143,2737,PT25M,2020-12-12T04:30:19Z,False
"The ""King"" of Twitch",364075,22577,789,PT14M48S,2020-12-11T03:04:16Z,False
I Built a Working Casino in Minecraft.,1069975,38217,1013,PT26M9S,2020-12-10T03:41:40Z,False
CORPSE WON'T STOP YELLING AT ME,1459633,69924,1309,PT18M5S,2020-12-09T00:57:31Z,False
I Paid $777 For This Box WITHOUT Knowing What's Inside.,1526857,46736,943,PT28M44S,2020-12-08T00:00:07Z,False
Ludwig - Last Christmas,630500,20394,1179,PT4M44S,2020-12-07T10:30:50Z,False
Ludwig  - The Christmas Song,411529,11483,590,PT3M33S,2020-12-07T10:30:49Z,False
"Ludwig - Baby, It's Cold Outside (feat. QTCinderella)",487304,18548,941,PT2M42S,2020-12-07T10:30:48Z,False
Ludwig  - The Most Wonderful Time of the Year,247827,6252,268,PT2M32S,2020-12-07T10:30:48Z,False
Ludwig - Little Saint Nick,205417,4887,244,PT2M13S,2020-12-07T10:30:48Z,False
Ludwig - All I Want for Christmas is You,369575,12168,695,PT3M58S,2020-12-07T10:30:08Z,False
Ludwig - A Very Mogul Christmas,1491541,88629,8192,PT19M40S,2020-12-07T06:36:47Z,False
The Greatest Business Deals in Minecraft.,506979,21387,792,PT25M9S,2020-12-06T07:45:49Z,False
The Greatest Game of Family Feud,2119565,75488,1272,PT27M42S,2020-12-05T06:24:56Z,False
Teaching Him How to Scam.,578463,26229,630,PT20M2S,2020-12-04T05:22:17Z,False
man beats minecraft,518955,21381,781,PT21M20S,2020-12-03T07:55:25Z,False
Why I Can't Say It Anymore.,530956,27734,948,PT18M19S,2020-12-02T03:39:36Z,False
I fell for it...,356021,20028,673,PT13M17S,2020-12-01T01:08:52Z,False
Are You Smarter Than a Streamer?,548789,29607,1277,PT25M50S,2020-11-30T05:53:24Z,False
Can You Survive a Nuke in Minecraft?,522869,21199,544,PT20M50S,2020-11-29T04:59:45Z,False
I saw him vent and kept it a secret.,1175686,50093,748,PT18M54S,2020-11-28T01:30:36Z,False
"We Bought $235,000 Worth of Pokémon Cards.",674558,24450,910,PT19M40S,2020-11-27T06:09:45Z,False
Scamming kids in Minecraft,535866,21747,536,PT24M37S,2020-11-26T07:52:49Z,False
I've fallen and I can't get up,440918,19481,668,PT29M43S,2020-11-25T07:29:48Z,False
I GOT SUED,598112,25954,1216,PT25M59S,2020-11-24T03:40:38Z,False
youtubers vs streamers,325179,18475,605,PT16M33S,2020-11-23T03:16:28Z,False
I need your help.,328432,35773,1606,PT7M29S,2020-11-22T02:55:47Z,False
I got bullied on OfflineTV's Minecraft Server.,988235,37500,851,PT23M14S,2020-11-21T05:43:15Z,False
Nintendo Stole From Me,666680,71107,3723,PT9M24S,2020-11-19T23:13:20Z,False
impressing OFFLINETV with my drawing skills,987405,38183,686,PT16M41S,2020-11-19T06:56:12Z,False
I collect taxes in Minecraft.,599984,32135,971,PT21M26S,2020-11-18T07:46:12Z,False
I am a millionaire.,854056,35619,1693,PT25M49S,2020-11-17T04:28:27Z,False
Possibly the world's greatest singer.,300797,17928,1045,PT21M19S,2020-11-16T07:38:32Z,False
I Won the Doritos Championship,596104,27880,781,PT23M7S,2020-11-15T06:01:29Z,False
Can You Taste the Difference Between Cheap and Expensive Steak?,3618584,133870,3410,PT15M30S,2020-11-14T07:46:08Z,False
I lost everything...,664456,41039,1154,PT16M8S,2020-11-13T07:37:50Z,False
you will never find me.,327693,16663,534,PT20M25S,2020-11-12T07:31:48Z,False
The Greatest Pokemon Unboxing Ever.,684825,27064,796,PT23M28S,2020-11-11T07:52:34Z,False
So I got hacked...,524848,25600,664,PT20M41S,2020-11-10T06:21:15Z,False
GREATEST AMONG US GAME EVER.,530256,26548,1390,PT22M26S,2020-11-08T07:56:34Z,False
I Gave My Credit Card to my Girlfriend,2324241,79016,2078,PT23M59S,2020-11-07T00:42:25Z,False
Donating to small streamers if they answer right.,1689854,94187,1854,PT27M6S,2020-11-06T06:26:01Z,False
Doing whatever stream tells me to do.,2642285,97738,1637,PT30M52S,2020-11-05T02:54:36Z,False
Why I deleted my Twitch channel.,368618,32141,1755,PT12M8S,2020-11-04T04:32:52Z,False
A viewer sent me poison.,1145481,50447,1264,PT27M28S,2020-11-03T07:48:39Z,False
We tried the worst couples costumes.,1814670,77087,2057,PT18M58S,2020-11-02T02:59:20Z,False
answering EVERY question chat asks but I can't lie,992198,48005,1287,PT18M15S,2020-11-01T06:29:19Z,False
I MADE money by donating to streamers,4182934,184051,3630,PT20M48S,2020-10-31T03:28:15Z,False
"I burned $10,000",608314,31305,998,PT21M47S,2020-10-30T02:47:47Z,False
KSI is my best friend,313903,19569,696,PT16M59S,2020-10-29T05:47:57Z,False
speedrunning minecraft but my friends ruin it,892880,30266,1161,PT29M48S,2020-10-28T06:40:50Z,False
Ranking animals I could beat in a fight ft. TierZoo,1482080,56000,2576,PT31M1S,2020-10-27T06:38:00Z,False
HIDING IN PLAIN SIGHT,520433,19436,460,PT21M2S,2020-10-26T02:00:03Z,False
Why I'm getting banned on Twitch,558964,30198,1216,PT19M57S,2020-10-24T23:00:03Z,False
Ludwig Reacts to Unusual Memes,1469366,56108,1152,PT14M18S,2020-10-24T01:00:04Z,False
PROTECT LILY AT ALL COSTS,749697,33867,1101,PT21M17S,2020-10-23T05:16:10Z,False
Don’t call me a rapper.,601688,29856,744,PT10M8S,2020-10-21T23:00:03Z,False
I paid my taxes...,496516,23022,799,PT17M24S,2020-10-21T05:30:44Z,False
I caught her CHEATING,833542,39037,996,PT19M44S,2020-10-19T21:32:24Z,False
They said I couldn't speedrun IMDb.,930588,42271,1158,PT20M29S,2020-10-19T06:45:12Z,False
Only ONE of us is gay...,720160,35906,1088,PT11M4S,2020-10-18T02:36:44Z,False
Streamers I can beat in a fight,2431200,86868,2649,PT32M24S,2020-10-17T05:02:20Z,False
my last video went viral...,384310,28098,817,PT14M48S,2020-10-16T03:00:09Z,False
winning with 300 IQ teammate,843565,32948,694,PT24M21S,2020-10-15T02:36:54Z,False
Donating to small streamers if they do what I ask.,1700043,108875,2834,PT24M58S,2020-10-14T06:44:34Z,False
"UNBOXING $3,000 WORTH OF GARBAGE",1214131,55773,1223,PT23M39S,2020-10-13T05:22:36Z,False
it is impossible to win against these two...,704007,29032,510,PT24M11S,2020-10-12T04:33:55Z,False
she made me go shopping...,1419418,50448,1296,PT28M30S,2020-10-11T02:10:18Z,False
"The 10,000 IQ Impostor Duo",759545,36931,844,PT19M32S,2020-10-09T20:37:33Z,False
STOP HITTING THE BUTTON,843081,31373,700,PT23M50S,2020-10-09T02:03:49Z,False
they say you can't hear a picture...,400824,20787,873,PT17M36S,2020-10-08T05:07:25Z,False
The World's Greatest Impostor Game,742296,41707,755,PT18M28S,2020-10-06T23:00:00Z,False
So I answered EVERY Twitter question...,686923,45586,2688,PT30M29S,2020-10-06T03:11:22Z,False
Ludwig Bets it BIG on Blackjack,411492,22776,787,PT17M5S,2020-10-05T02:43:43Z,False
I SCARED HER,433911,19984,475,PT14M28S,2020-10-04T00:37:30Z,False
RISKING IT ALL,329921,16478,472,PT16M19S,2020-10-03T00:57:26Z,False
Ludwig Reacts to Unusual Memes that FORCE you to laugh,1317261,62781,968,PT17M32S,2020-10-02T04:26:14Z,False
a totally normal game of among us,865018,39250,1300,PT20M41S,2020-10-01T04:26:56Z,False
Ludwig answers the internets most asked questions,359237,29662,2282,PT20M40S,2020-09-30T04:12:23Z,False
BAD SONG = BAN,826172,39615,1322,PT28M21S,2020-09-29T05:32:35Z,False
game recognize game,357898,20644,805,PT20M,2020-09-28T04:34:37Z,False
How I became the best speedrunner in the world for one day,364701,16845,440,PT31M21S,2020-09-27T06:52:47Z,False
How I won without saying a word,1311781,53789,1002,PT31M22S,2020-09-26T06:18:43Z,False
I Gave My Credit Card to Stream,1129347,52554,1291,PT28M,2020-09-25T09:16:43Z,False
I tricked them,1014116,35395,1857,PT34M42S,2020-09-24T06:51:26Z,False
So I played with the creator of Among Us...,747121,38775,1025,PT23M50S,2020-09-23T06:55:50Z,False
I banned him.,541188,24517,711,PT18M58S,2020-09-22T02:33:13Z,False
LEARNING THE BEST IMPOSTOR PLAYS,324608,18823,525,PT11M19S,2020-09-21T06:43:28Z,False
So I played Among Us with the biggest Youtubers in the world...,1839752,63411,1499,PT34M39S,2020-09-20T04:05:56Z,False
So this happened...,968995,35990,765,PT20M4S,2020-09-19T02:23:06Z,False
I played with the best Among Us player in the world...,840089,36190,998,PT23M1S,2020-09-18T03:20:59Z,False
300 IQ IMPOSTOR READS,765589,33890,1367,PT27M45S,2020-09-17T06:07:45Z,False
The NEW Jump King,467349,24980,513,PT17M40S,2020-09-16T01:02:36Z,False
LUDWIG VS JSCHLATT,1372494,60640,1216,PT16M59S,2020-09-14T23:02:08Z,False
200 IQ IMPOSTOR READS,705931,30886,750,PT23M52S,2020-09-14T01:41:22Z,False
they didn't see it coming...,1274342,45377,905,PT31M37S,2020-09-13T04:01:52Z,False
exposing callmecarson,406941,21967,1548,PT23M49S,2020-09-12T00:11:37Z,False
NO... NO... YES,353358,19470,593,PT13M26S,2020-09-11T05:15:36Z,False
Rating my viewers YouTube channels,638187,30378,1316,PT19M,2020-09-10T00:56:02Z,False
The FASTEST Impostor Win of All Time,633686,31445,1065,PT15M45S,2020-09-09T04:12:46Z,False
he took everything...,711446,31366,778,PT21M52S,2020-09-08T05:08:52Z,False
my new best friend,769016,34408,997,PT17M23S,2020-09-07T04:50:57Z,False
I bet the eyebrows,751101,25184,1163,PT28M6S,2020-09-06T06:29:56Z,False
How I became the world's best Among Us player,542080,32058,1491,PT15M54S,2020-09-05T06:32:05Z,False
"The $50,000 Scam",1209470,57310,1667,PT21M4S,2020-09-04T04:08:06Z,False
Don't trust him...,2061626,74635,1147,PT28M30S,2020-09-03T01:00:02Z,False
SHE RATTED ME OUT,668440,27069,548,PT15M1S,2020-09-02T04:29:49Z,False
OPENING WHAT TWITCH CHAT SENT ME,654377,31373,817,PT22M12S,2020-09-01T02:56:46Z,False
200 IQ IMPOSTOR PLAYS,857155,36417,1119,PT23M55S,2020-08-31T03:25:26Z,False
HER TWITTER IS A PROBLEM,712280,33932,850,PT18M26S,2020-08-30T02:00:04Z,False
"I AM THE JUDGE, JURY AND EXECUTIONER",787566,34488,857,PT22M31S,2020-08-29T04:11:17Z,False
the best pulls!!!,435341,17727,981,PT23M23S,2020-08-28T02:07:52Z,False
they think I’m impostor,558380,25665,890,PT18M34S,2020-08-27T00:24:01Z,False
Saying YES to everything stream makes me do,698868,31898,1022,PT18M52S,2020-08-26T11:39:10Z,False
I regret streaming with QTCinderella...,772978,30956,1333,PT25M38S,2020-08-25T06:26:35Z,False
stop making fun of my beard,298213,13793,534,PT18M24S,2020-08-23T01:30:25Z,False
How I became the world's best Geogusser player,634977,27890,908,PT14M35S,2020-08-22T01:59:56Z,False
THE BEST IMPOSTOR PLAYS,645520,26218,478,PT16M34S,2020-08-21T00:39:59Z,False
i can be your angle or yuor devil,290926,15757,1546,PT21M11S,2020-08-20T02:38:07Z,False
I CANNOT BELIEVE SHE LEAKED,754291,30960,883,PT15M41S,2020-08-19T04:32:22Z,False
I HAD THE PERFECT GAME,802379,28528,920,PT19M4S,2020-08-18T03:02:48Z,False
HOW I GOT THE WIKIPEDIA SPEEDRUN WORLD RECORD,872598,31650,1000,PT25M42S,2020-08-17T06:05:43Z,False
we have beef,517791,22458,632,PT14M6S,2020-08-16T04:38:15Z,False
xQc CANNOT be trusted,522560,22861,553,PT13M39S,2020-08-15T03:09:18Z,False
TRYING BRITISH SNACKS WITH QTCINDERELLA,1624491,54594,3754,PT32M16S,2020-08-14T05:24:05Z,False
I lied,835630,29636,632,PT18M53S,2020-08-13T06:00:02Z,False
EXTREMELY normal Getting Over It video...,627319,25793,507,PT16M30S,2020-08-12T02:42:31Z,False
Getting Over It but it's actually Pogostuck,872293,34266,838,PT23M34S,2020-08-10T23:42:44Z,False
I WIN,346244,15585,726,PT15M53S,2020-08-10T02:08:50Z,False
I AM FALL,334811,16002,703,PT16M2S,2020-08-09T01:32:17Z,False
I AM TOP 10 IN THE WORLD,361929,16829,464,PT16M31S,2020-08-08T01:28:28Z,False
TRYING EVERY OREO WITH QTCINDERELLA,1324959,51357,1944,PT19M59S,2020-08-07T03:30:12Z,False
Dying of Laughter in GTA 5 Online,543129,19799,678,PT22M13S,2020-08-06T03:03:18Z,False
The RUDEST streamer on Twitch,398302,15966,580,PT15M2S,2020-08-05T05:42:38Z,False
I'm sorry.,369244,19658,1182,PT14M3S,2020-08-04T01:44:52Z,False
I beat the hardest games of all time in 1 hour.,2180602,82460,1729,PT23M20S,2020-08-03T01:39:36Z,False
I fell,403083,20213,706,PT18M32S,2020-08-02T03:07:23Z,False
I made pizza,1216122,45944,2183,PT15M52S,2020-08-01T00:23:40Z,False
oops,975164,40817,882,PT17M40S,2020-07-30T23:05:59Z,False
FLORIDA MAN ALMOST KILLS ME,639057,20895,771,PT19M10S,2020-07-30T00:24:08Z,False
How I beat the hardest game ever made (pogostuck 2),3519243,87073,2126,PT48M33S,2020-07-29T05:52:46Z,False
I AM SPEEDEST,443282,16845,745,PT12M9S,2020-07-28T04:15:24Z,False
this was a mistake...,644895,23919,896,PT23M40S,2020-07-27T04:56:26Z,False
GOING ALL IN,412653,14612,629,PT19M24S,2020-07-26T02:17:57Z,False
How I became the world's most infamous tax fugitive,628210,31264,793,PT18M,2020-07-25T04:03:11Z,False
Confronting Clint Stevens,415265,16732,595,PT25M52S,2020-07-24T06:36:40Z,False
Confronting CallMeCarson,392992,18129,734,PT16M,2020-07-23T05:45:55Z,False
So I made computers fight each other...,380227,16293,678,PT19M58S,2020-07-22T01:51:28Z,False
I LOST,768707,28937,1117,PT19M12S,2020-07-21T03:09:21Z,False
Ludwig Reacts to Tik Toks that make you UGLY laugh,605773,25813,652,PT8M53S,2020-07-20T06:07:46Z,False
Responding to Wilbur's comments.,644744,27959,539,PT14M26S,2020-07-18T23:14:14Z,False
I AM SPEEDER,590567,18683,658,PT18M4S,2020-07-18T07:36:44Z,False
I cannot take her anywhere...,430087,16656,841,PT12M31S,2020-07-17T02:12:41Z,False
So I made a Twitch Streamer tier list...,960512,34340,1444,PT39M56S,2020-07-16T05:49:09Z,False
I AM SPEED,967075,30072,1180,PT16M17S,2020-07-15T03:34:38Z,False
So I ranked YouTubers...,395565,18164,1034,PT34M25S,2020-07-14T01:15:04Z,False
RANKING THE BEST ANIME FIGHTS OF ALL TIME,1016339,35469,4120,PT24M21S,2020-07-13T01:03:29Z,False
USING ALL 100 OF MY IQ,320601,12912,708,PT15M13S,2020-07-12T05:34:31Z,False
If Twitch Chat Makes us Laugh the Video Ends.,945969,38154,907,PT10M10S,2020-07-11T04:01:16Z,False
So I let Twitch Chat MAKE the Music...,391882,17899,1207,PT18M44S,2020-07-10T06:36:59Z,False
MY BIGGEST SIMP,696783,25502,765,PT16M18S,2020-07-09T04:53:18Z,False
I played chess with WOMEN,1757403,52643,1287,PT25M22S,2020-07-08T03:44:10Z,False
Ludwig reacts to unusual memes that are FUNNY and IRONIC,981119,40534,1078,PT13M58S,2020-07-07T04:45:58Z,False
Do I make TOO much money?,489727,21174,1016,PT36M5S,2020-07-06T02:46:34Z,False
DO YOU KNOW THIS EMOTE?,351575,13733,508,PT25M31S,2020-07-05T02:27:49Z,False
How I accidentally became the best poker player on twitch,362041,12213,606,PT17M2S,2020-07-04T01:49:36Z,False
So I was forced to get a neck tattoo...,326394,13207,469,PT15M4S,2020-07-03T00:18:59Z,False
Can Twitch Chat reach the flag?,1844884,52717,815,PT19M51S,2020-07-02T01:25:10Z,False
She didn't think this was funny...,679116,24965,528,PT16M33S,2020-07-01T01:43:00Z,False
The world's hardest game you've never heard of,538930,20304,717,PT11M16S,2020-06-29T23:00:03Z,False
Only 8 people have ever beat this game...,2278130,58546,1117,PT30M27S,2020-06-29T01:00:06Z,False
TRYING EVERY POPTART WITH QTCINDERELLA,1576139,49915,1877,PT24M53S,2020-06-27T23:00:16Z,False
How I accidentally became the biggest chess streamer of all time,2764136,89101,2124,PT47M28S,2020-06-26T22:00:08Z,False
Ludwig Reacts to Unusual Memes that make you belly laugh,934397,33578,660,PT12M38S,2020-06-25T23:00:05Z,False
Clint Stevens thoughts on Ludwig,353871,13960,347,PT15M28S,2020-06-25T03:11:40Z,False
Pokemon but every battle is a different generation,627000,18464,485,PT27M28S,2020-06-24T02:33:04Z,False
Chess Grandmaster ROASTS me,546843,18829,451,PT16M59S,2020-06-23T01:30:04Z,False
WHICH ONE IS BETTER?,277731,12816,729,PT22M9S,2020-06-22T02:46:00Z,False
1V1ING MY SUBSCRIBERS FOR CASH,1141850,29516,499,PT29M56S,2020-06-21T03:39:51Z,False
CONFIRMED?,509242,19330,505,PT17M,2020-06-20T01:43:34Z,False
WHAT COULD GO WRONG?,234038,13159,418,PT16M9S,2020-06-19T02:55:23Z,False
I am BETTER blindfolded,506538,22675,771,PT19M56S,2020-06-18T02:34:39Z,False
So this Wikipedia Speedrun got kinda crazy...,533349,19184,965,PT19M57S,2020-06-17T02:42:23Z,False
So I lost a bet...,323281,14758,767,PT23M59S,2020-06-16T01:09:24Z,False
Ludwig reacts to Unusual Memes that are basically vines,902245,36554,704,PT13M38S,2020-06-15T01:27:56Z,False
I am a dwarf.,347100,11506,673,PT32M59S,2020-06-14T00:00:02Z,False
How I Became Top 3 in the World,690595,25183,495,PT17M36S,2020-06-12T23:00:12Z,False
"I can't believe this happened in front of 60,000 people...",648184,24618,524,PT17M59S,2020-06-12T03:31:29Z,False
My First Love,437106,18010,474,PT14M27S,2020-06-11T01:30:12Z,False
My talent show went horribly wrong...,349589,14157,764,PT34M29S,2020-06-10T03:28:16Z,False
So this is why I have a mustache...,323084,12960,471,PT21M58S,2020-06-09T01:38:15Z,False
USING ALL 5G OF MY BRAIN,361259,16053,701,PT17M23S,2020-06-08T05:34:09Z,False
This Pokémon contest was a terrible mistake...,776163,27202,871,PT30M,2020-06-07T05:23:27Z,False
My life without YouTube...,589209,25992,978,PT23M18S,2020-06-06T01:57:52Z,False
Loser gets a face tattoo...,575680,20144,561,PT18M21S,2020-06-05T02:43:55Z,False
So this happened...,901037,29098,668,PT15M57S,2020-06-04T00:15:00Z,False
This is why I CANNOT stream with her...,748594,28820,963,PT15M20S,2020-06-03T03:35:18Z,False
Shoot higher.,496591,18322,648,PT20M57S,2020-06-02T01:00:20Z,False
Chess Grandmaster SHOCKED at my skill,1481143,47524,665,PT16M31S,2020-06-01T04:28:05Z,False
UNBOXING $2500 WORTH OF STUFF STREAM BOUGHT ME,623714,27629,1044,PT20M57S,2020-05-31T02:02:40Z,False
Streaming with QTCinderella was a terrible mistake...,662551,25127,628,PT13M43S,2020-05-30T02:00:06Z,False
So this was my hobby before YouTube...,567882,23436,1023,PT23M54S,2020-05-29T01:09:39Z,False
LUDWIG REACTS TO DAILY DOSE OF INTERNET,322513,15095,659,PT9M42S,2020-05-28T02:00:00Z,False
HOW I BECAME A WORLD RECORD HOLDER,497608,18857,671,PT18M15S,2020-05-27T01:30:01Z,False
PB OR LOSE $1000,305559,12176,489,PT18M2S,2020-05-26T01:30:00Z,False
STREAM GOES SHOPPING FOR $5000,1561003,49411,1251,PT29M57S,2020-05-25T01:00:10Z,False
Should I ban him?,750722,25427,552,PT19M52S,2020-05-24T01:00:07Z,False
Ludwig Reacts to Unusual Memes that make quarantine better,733528,27383,612,PT13M21S,2020-05-23T02:44:59Z,False
GETTING CLAPPED BY MY VIEWERS IN 1v1s,521778,18963,608,PT21M4S,2020-05-22T01:00:00Z,False
this stream was a mistake...,376153,16536,935,PT14M36S,2020-05-21T01:00:00Z,False
Ludwig Reacts to Best of Ludwig,530067,20789,415,PT6M11S,2020-05-20T02:26:55Z,False
this stream got a little crazy...,1201153,38318,1161,PT25M16S,2020-05-19T01:00:01Z,False
Thank you.,300026,27396,1769,PT16M18S,2020-05-17T23:00:01Z,False
"Heads I ban you, tails...",307310,13939,460,PT15M32S,2020-05-16T23:00:00Z,False
HOW I MADE $3500 SLEEPING ON STREAM,1162394,46481,1386,PT18M42S,2020-05-16T02:30:51Z,False
Why I lost my Twitter account...,395055,14368,787,PT28M18S,2020-05-15T02:30:13Z,False
Read the room.,803793,29583,869,PT19M10S,2020-05-14T02:00:01Z,False
chat asks me anything but I HAVE to answer honestly,1230267,52288,1436,PT23M34S,2020-05-13T02:00:05Z,False
Ludwig Tries Not to Laugh at Unusual Memes,724257,29418,647,PT12M56S,2020-05-12T01:30:03Z,False
doing EVERYTHING chat asks me to do,332968,17344,619,PT17M13S,2020-05-11T03:00:09Z,False
This isn't funny anymore.,266956,12154,783,PT17M38S,2020-05-10T04:00:09Z,False
I AM IN HIDING,337059,13925,517,PT17M30S,2020-05-09T05:00:19Z,False
Ludwig Reacts to Tik Toks that make you laugh uncomfortably,1143048,38593,1021,PT22M35S,2020-05-08T02:00:03Z,False
Reacting to my college videos,287322,13977,673,PT15M31S,2020-05-07T02:01:41Z,False
So my search history got leaked...,566298,20102,507,PT19M3S,2020-05-06T02:00:06Z,False
If you walk through the door you lose,290625,11846,499,PT19M23S,2020-05-05T02:45:02Z,False
So I let my stream decide what to do...,358051,18145,520,PT12M9S,2020-05-04T02:00:02Z,False
USING 100 PERCENT OF MY BRAIN,463137,17254,535,PT19M20S,2020-05-02T22:00:09Z,False
THE BIGGEST SCAM IN AMERICA,146905,11527,446,PT1M37S,2020-05-02T03:35:01Z,False
THIS WILL GET YOU BANNED,459363,17437,661,PT14M16S,2020-05-01T02:30:02Z,False
I AM IN TROUBLE,861285,21536,648,PT29M33S,2020-04-30T01:30:02Z,False
Ludwig Reacts to Unusual Memes that are GUARANTEED to make you laugh,673448,26292,614,PT10M29S,2020-04-29T00:00:04Z,False
So this emote contest ended up being a terrible mistake...,302798,11935,393,PT14M53S,2020-04-28T02:00:15Z,False
So I rigged a game show...,451137,16072,687,PT22M,2020-04-27T02:00:04Z,False
Why I'm not celebrating my birthday this year...,462430,17032,696,PT25M27S,2020-04-26T00:30:08Z,False
How I beat the hardest GameCube game ever made,886655,27826,672,PT15M6S,2020-04-24T23:00:08Z,False
"So I challenged 1,200 people to photoshop this image...",308654,13108,438,PT14M14S,2020-04-24T01:30:01Z,False
How I accidentally became Tik Tok famous,422367,17852,796,PT16M46S,2020-04-23T02:00:04Z,False
How I lost my eyebrow...,537696,24396,1153,PT15M35S,2020-04-22T02:00:02Z,False
Why I had to ban her...,1399535,40811,1092,PT23M9S,2020-04-21T03:00:09Z,False
When you see it...,547703,21626,609,PT13M53S,2020-04-20T01:45:01Z,False
Ludwig and Slime talk about fat pups for 15 minutes,209734,9899,517,PT15M,2020-04-19T01:30:02Z,False
IF I LAUGH I SHAVE MY HEAD,2071055,73615,2088,PT24M39S,2020-04-18T02:30:02Z,False
So this speedrun ended up being a terrible mistake...,590915,16692,376,PT21M56S,2020-04-17T01:30:06Z,False
So VRChat ended up being a terrible mistake...,259631,13181,644,PT15M40S,2020-04-16T02:15:01Z,False
I MADE CREPES,415857,19210,1053,PT11M50S,2020-04-15T01:30:00Z,False
this message ACTUALLY bothers me...,650375,23120,988,PT19M11S,2020-04-14T02:00:05Z,False
Ludwig Reacts to Unusual Memes that you CANNOT laugh at,1058890,38911,797,PT14M22S,2020-04-13T01:00:05Z,False
Ludwig Stream Setup Tour,252757,10481,526,PT11M1S,2020-04-12T02:00:12Z,False
"So I Hired Fiverr Artists to make me a ""song""...",268366,15661,705,PT21M32S,2020-04-11T02:00:10Z,False
I am the most famous Ludwig alive,246702,13136,439,PT11M12S,2020-04-10T02:00:06Z,False
SHE SCAMMED ME,576222,19694,676,PT19M50S,2020-04-09T01:00:02Z,False
Ludwig BEFORE YouTube,1082662,40833,893,PT21M22S,2020-04-08T01:00:17Z,False
This is what almost got me banned...,295067,13086,521,PT16M3S,2020-04-07T00:00:03Z,False
HOW MANY WOULD YOU DO (1 SQUAT = $1),400477,15995,647,PT22M26S,2020-04-06T03:00:05Z,False
YOU HAVE TO STOP (insane),184972,11279,545,PT9M52S,2020-04-05T00:00:00Z,False
The Truth about my first time...,1930539,68381,1357,PT24M2S,2020-04-03T19:00:19Z,False
So I tried speedrunning the hardest GameCube game...,926817,24352,470,PT20M26S,2020-04-03T02:00:05Z,False
So I got called out by a famous Tik Tok star...,288027,13263,403,PT12M18S,2020-04-02T02:30:02Z,False
Getting banned just got a lot worse...,380413,15733,654,PT16M15S,2020-04-01T03:00:06Z,False
My first time...,1165129,54113,1400,PT13M21S,2020-03-31T00:30:00Z,False
please stop finding embarrassing photos of me...,627166,27369,779,PT13M23S,2020-03-29T21:00:04Z,False
Ludwig Reacts to Unusual Memes that will make you LOL and LMAO,987703,36294,904,PT12M33S,2020-03-29T01:36:40Z,False
this stream got a little weird...,501437,15864,382,PT24M48S,2020-03-28T00:00:00Z,False
This Photoshop contest was a mistake...,810333,27963,514,PT21M22S,2020-03-27T01:00:04Z,False
This has gone too far...,291071,13578,291,PT11M16S,2020-03-26T00:00:08Z,False
So I made stream draw me and it got weird...,291156,12645,500,PT13M43S,2020-03-24T23:00:10Z,False
If I say THIS word the video ends,1362179,42774,625,PT20M17S,2020-03-24T00:00:06Z,False
THIS IS A SCAM,276522,12583,308,PT18M23S,2020-03-23T01:00:05Z,False
STREAM TAKES OVER MY MUSIC PLAYLIST,235058,11491,323,PT11M6S,2020-03-22T00:30:00Z,False
How Timmy ACCIDENTALLY destroyed my town,223209,10604,485,PT21M45S,2020-03-21T00:15:02Z,False
I beat Pokimane,477185,19880,611,PT15M6S,2020-03-20T01:15:02Z,False
My luck ran out...,213085,9121,427,PT14M30S,2020-03-19T00:15:01Z,False
OPENING $1500 WORTH OF STUFF CHAT BOUGHT ME,1179332,37616,721,PT15M10S,2020-03-17T23:00:08Z,False
Ludwig Reacts to Unusual Memes that will make you laugh,1091246,37149,464,PT10M50S,2020-03-16T21:00:02Z,False
Learn the Alphabet with Ludwig,168955,12933,442,PT4M2S,2020-03-16T06:59:09Z,False
IT IS IMPOSSIBLE NOT TO LAUGH,2903741,74991,1746,PT20M38S,2020-03-15T19:00:04Z,False
We had THIRTY minutes to catch Pokemon... then we battle,935943,27480,511,PT18M1S,2020-03-14T23:00:12Z,False
I did some spring cleaning...,848919,27116,455,PT18M21S,2020-03-14T02:15:00Z,False
Stop finding my old posts.,354484,13439,277,PT11M34S,2020-03-13T03:00:05Z,False
How I accidentally became the next bob ross,234002,9410,507,PT20M41S,2020-03-12T01:00:01Z,False
BIGGEST FAILS ON TWITCH,305461,12696,405,PT11M3S,2020-03-11T02:30:05Z,False
THE NEW GETTING OVER IT (Boxman's Struggle),588344,22827,630,PT12M35S,2020-03-10T02:00:03Z,False
Who is Ludwig?,527436,22653,776,PT32M40S,2020-03-09T03:32:50Z,False
So I Let Twitch Chat Decide the Music...,823425,30592,1483,PT20M50S,2020-03-08T03:00:05Z,False
TRYING EVERY KIT KAT,827469,31378,932,PT21M20S,2020-03-07T03:00:06Z,False
I had to delete my subreddit...,323692,12646,387,PT15M20S,2020-03-06T01:00:00Z,False
I Gave my Stream my Amazon Account,391722,15180,370,PT16M,2020-03-05T01:00:04Z,False
So I found a Pokemon pack from 1999...,694179,21113,1570,PT18M32S,2020-03-04T04:30:02Z,False
How I became the greatest poker player on twitch,243790,8789,339,PT15M49S,2020-03-02T22:00:07Z,False
I finally admit it...,266732,11831,432,PT10M54S,2020-03-01T01:30:00Z,False
HE GOT CAUGHT CHEATING,1040913,36668,1105,PT16M28S,2020-02-28T22:00:03Z,False
Ludwig Reacts to Tik Toks that are actually unusual memes,993239,34155,512,PT13M4S,2020-02-27T22:00:03Z,False
So I did a photoshop speedrun...,568519,22523,521,PT26M50S,2020-02-26T22:00:01Z,False
Ranking EVERYTHING at McDonalds,1979749,49270,1695,PT21M54S,2020-02-25T22:15:03Z,False
PROVING HOW TALL I AM WITH MATH,363370,14034,485,PT12M6S,2020-02-24T22:00:00Z,False
How I Became Top 15 in the World,178895,7615,327,PT13M59S,2020-02-24T04:00:00Z,False
How I accidentally broke my silver play button,312679,15290,563,PT14M34S,2020-02-23T03:30:04Z,False
So I let my viewers make my merch...,430511,15494,946,PT18M46S,2020-02-22T01:15:01Z,False
HOW SMART AM I??,167153,7349,480,PT5M17S,2020-02-21T02:00:01Z,False
FRIEND DOES MY MAKEUP,376365,13843,1109,PT12M34S,2020-02-20T02:00:04Z,False
TRYING JAPANESE CANDY TOGETHER,646473,25615,930,PT16M22S,2020-02-19T03:00:14Z,False
So I tried speedrunning...,382138,13539,421,PT19M39S,2020-02-18T02:30:00Z,False
I rated my viewers dogs and gave the best one $1000,145224,6563,351,PT15M41S,2020-02-16T22:00:12Z,False
Ludwig Reacts to Tik Toks that aren't actually tik toks,1138617,38737,1145,PT13M28S,2020-02-15T23:00:03Z,False
Only smart people can see this thumbnail,292045,12452,943,PT12M1S,2020-02-15T01:00:04Z,False
How I Got Top 10 in the World,377423,12875,389,PT14M57S,2020-02-14T02:30:02Z,False
Ludwig Takes a Lie Detector Test,3417242,124521,2146,PT12M58S,2020-02-12T21:45:00Z,False
Idiots in Cars Getting Coffee,260028,11148,302,PT10M29S,2020-02-12T01:00:23Z,False
How streaming ruined my life,135108,8208,315,PT13M51S,2020-02-11T05:30:02Z,False
If you want to make it big DON'T DO THIS,246068,13153,443,PT13M8S,2020-02-10T01:03:10Z,False
somebody hacked my stream...,202545,8239,301,PT11M53S,2020-02-09T07:48:17Z,False
this is why we don't talk anymore.,492616,14604,354,PT20M37S,2020-02-08T00:30:00Z,False
"I challenged 1,000 people to photoshop this image",533208,17823,566,PT16M13S,2020-02-07T02:15:00Z,False
WHICH ONE IS MORE EXPENSIVE,193407,9332,390,PT15M20S,2020-02-05T23:30:02Z,False
don't make fun of me for this.,269533,11478,395,PT11M16S,2020-02-05T01:00:00Z,False
Ludwig Reacts to Tik Toks that are FUNNY and IRONIC,1360641,38281,471,PT9M55S,2020-02-03T23:00:09Z,False
Someone stream sniped my Wikipedia speedrun...,787984,26748,496,PT14M41S,2020-02-02T21:00:13Z,False
"I asked 6,000 people the HARDEST Would You Rather questions",608885,24407,876,PT15M29S,2020-02-02T02:00:06Z,False
Are old YouTube videos still funny...?,865956,25942,879,PT23M22S,2020-02-01T00:00:04Z,False
How I accidentally sponsored the best smash player in the world,564258,22569,692,PT15M57S,2020-01-31T02:15:00Z,False
this question has finally been answered.,299656,12581,379,PT13M38S,2020-01-30T02:00:00Z,False
saying YES to everything chat asks me to do,1266907,43736,765,PT15M3S,2020-01-29T03:00:02Z,False
Betting BIG on Blackjack,503131,12198,613,PT17M16S,2020-01-28T02:00:01Z,False
How I accidentally won a poker tournament,782890,24367,881,PT17M30S,2020-01-27T00:00:01Z,False
I did not expect my viewers to look like this...,599651,21342,566,PT11M59S,2020-01-25T23:15:00Z,False
Ludwig Ranks Every Item at Taco Bell,2016106,48475,1746,PT25M41S,2020-01-24T23:00:05Z,False
Giving $2000 to a random streamer if they can answer THIS question,604922,23199,489,PT13M19S,2020-01-23T22:00:00Z,False
This is getting too easy...,224221,8786,345,PT13M4S,2020-01-23T07:59:19Z,False
WHY DO I SHOW UP WHEN YOU GOOGLE THIS,366974,14668,589,PT10M43S,2020-01-22T05:14:55Z,False
How I Became Top 25 in the World,451431,17393,372,PT15M24S,2020-01-21T03:30:00Z,False
The most EXPENSIVE mistake I've ever made,1095986,43943,1224,PT18M54S,2020-01-20T00:30:01Z,False
How I accidentally won a pokemon tournament,3917982,94421,2244,PT45M32S,2020-01-19T03:15:00Z,False
Ludwig Reacts to Tik Toks that made me fall out of my chair,582714,20298,433,PT11M3S,2020-01-18T01:00:00Z,False
WHO IS MORE FAMOUS,859120,26420,797,PT17M58S,2020-01-17T01:00:02Z,False
watch people ███ inside,1326075,42488,920,PT13M58S,2020-01-16T00:00:02Z,False
I challenged 600 people to photoshop this image,1156897,38619,871,PT18M53S,2020-01-14T23:00:12Z,False
press 1 if this is a dumb plan,514139,15513,1293,PT15M43S,2020-01-14T01:00:03Z,False
"I asked 6,000 people the internets HARDEST questions",1166867,43963,3748,PT15M9S,2020-01-12T22:00:05Z,False
So my family found my youtube channel...,730269,25749,535,PT14M58S,2020-01-12T01:00:02Z,False
The Scam is Simple,396915,18596,635,PT10M55S,2020-01-10T23:00:00Z,False
THE ULTIMATE TEST OF BRAINS,215820,10286,417,PT10M18S,2020-01-10T02:30:00Z,False
If I lose this battle I permanently ban 100 people...,663179,10495,355,PT43M2S,2020-01-08T23:00:06Z,False
YOU LAUGH YOU LOSE,2013529,51684,1194,PT19M13S,2020-01-08T01:00:04Z,False
I will do anything to avoid hydraulics.,338975,11860,456,PT12M20S,2020-01-07T01:00:02Z,False
So I let stream make my emotes...,279573,11912,498,PT11M40S,2020-01-06T01:30:00Z,False
So I let chat take control of the stream...,453773,15485,390,PT12M36S,2020-01-04T22:00:00Z,False
"Ludwig Reacts to Tik Toks that make you haha, LOL, and even lmao",887639,28012,639,PT11M29S,2020-01-04T02:45:02Z,False
I cannot believe that worked...,513285,16455,808,PT21M4S,2020-01-02T23:30:01Z,False
this is why I was on the news...,788421,28109,592,PT11M16S,2020-01-01T22:00:05Z,False
Best of Ludwig 2019,1219875,26816,818,PT56M28S,2020-01-01T00:00:03Z,False
How I finally beat the hardest mario game,246209,10449,379,PT11M2S,2019-12-30T23:00:16Z,False
Chat asks me anything but I actually tell the truth,543235,24627,821,PT17M11S,2019-12-30T00:00:09Z,False
my sister streams for the first time,1035280,26805,936,PT10M34S,2019-12-29T01:00:00Z,False
How I became the world's best wikipedia speedrunner,1874609,62158,1129,PT19M1S,2019-12-27T20:00:04Z,False
ULTIMATE TRY NOT TO LAUGH CHALLENGE,785547,27335,448,PT9M46S,2019-12-26T23:00:04Z,False
How I beat the hardest DLC ever made (Jump King),1360707,37583,1376,PT35M49S,2019-12-25T18:00:02Z,False
so my viewers sent me some christmas gifts...,214350,10034,211,PT10M7S,2019-12-24T20:00:00Z,False
"“I’m playing this game until I get gold.""",225299,6645,296,PT19M51S,2019-12-23T23:00:03Z,False
giving my friends tax advice.,385537,14635,357,PT14M19S,2019-12-22T23:00:05Z,False
Ludwig Reacts to Tik Toks that actually make you laugh,1797355,48877,622,PT11M27S,2019-12-22T02:09:55Z,False
STREAM GOES SHOPPING FOR $2300,239885,10055,426,PT10M6S,2019-12-21T02:00:00Z,False
So I made my friends play a rigged game show...,274324,9319,261,PT10M23S,2019-12-20T02:30:00Z,False
stop doing this.,206597,6809,320,PT16M50S,2019-12-19T03:15:02Z,False
I paid my roommate to talk instead of me for an entire stream.,577366,20012,437,PT14M40S,2019-12-18T00:00:03Z,False
If I talk the video ends.,706632,29243,570,PT12M19S,2019-12-17T00:00:02Z,False
IF I LAUGH THE VIDEO ENDS (MEDIASHARE EDITION),583340,23862,645,PT10M2S,2019-12-16T00:00:10Z,False
I think I have a problem...,163858,4837,286,PT16M18S,2019-12-15T00:00:01Z,False
someone stop this man.,592140,18198,481,PT15M12S,2019-12-14T02:00:02Z,False
YOU ARE NOT ALLOWED TO LAUGH,3590434,83889,1075,PT19M59S,2019-12-12T22:00:02Z,False
Ludwig Reacts to Tik Toks that make you belly laugh,827629,24288,300,PT10M5S,2019-12-12T02:00:00Z,False
If you play pokemon don't do this.,138595,4336,184,PT13M5S,2019-12-11T03:00:00Z,False
OPENING WHAT STREAM BOUGHT FOR CHRISTMAS,481290,14780,366,PT16M33S,2019-12-10T02:00:02Z,False
TWITCH CHAT PICKS THE MUSIC,444562,14818,614,PT17M49S,2019-12-08T22:00:04Z,False
Wait. That's illegal.,217301,5661,240,PT15M37S,2019-12-08T01:00:01Z,False
If you say this word the video ends,181794,7836,255,PT6M41S,2019-12-07T03:00:03Z,False
So I hosted my own Jeopardy show...,1264570,43954,1018,PT30M9S,2019-12-06T02:30:00Z,False
So I made my own talent show...,454879,14867,636,PT30M12S,2019-12-05T03:45:00Z,False
My secret to catching Pokémon,158104,4414,227,PT15M40S,2019-12-04T03:26:21Z,False
STREAM DOES MY CHRISTMAS SHOPPING ($1500),266867,9961,320,PT16M31S,2019-12-03T19:00:02Z,False
So I had to ban a few people...,858558,12595,428,PT59M15S,2019-12-02T04:07:35Z,False
"$1000 PVP, but we only have 90 minutes to level up",284595,7675,209,PT17M10S,2019-12-01T01:30:05Z,False
"""this game is too easy""",238920,6254,264,PT17M8S,2019-11-30T02:00:01Z,False
Ludwig Reacts to Tik Toks that make you chortle,667737,20779,344,PT10M7S,2019-11-28T23:00:09Z,False
Ludwig Reacts to old ludwig videos,100136,4989,281,PT13M11S,2019-11-28T02:00:02Z,False
I discovered the opposite of dynamaxing,217261,6754,377,PT26M36S,2019-11-27T03:29:39Z,False
i sent you my video please click.,417037,14069,423,PT15M5S,2019-11-26T01:00:00Z,False
Ludwig Reacts to his biggest blackjack win ever,463408,11209,398,PT16M18S,2019-11-25T01:00:08Z,False
How I became the best poker player on twitch,255311,9539,307,PT19M20S,2019-11-24T01:01:14Z,False
Ludwig Reacts to Tik Toks funnier than vines,697484,20327,371,PT10M5S,2019-11-23T03:00:00Z,False
"THIS HAS NEVER BEEN DONE BEFORE (Getting Over It, Pogostuck, Jump King)",743303,20770,494,PT19M42S,2019-11-22T02:30:02Z,False
The End.,518334,19510,847,PT23M44S,2019-11-21T01:00:00Z,False
this is fine.,263226,7034,329,PT11M47S,2019-11-20T01:00:01Z,False
So I let chat make my merch...,331579,13573,411,PT12M21S,2019-11-19T00:00:01Z,False
THIS STREAMER IS FUNNIER THAN ME,250000,6160,208,PT10M21S,2019-11-18T03:00:10Z,False
How I banned 200 people in my stream,186962,6619,355,PT15M39S,2019-11-17T00:00:09Z,False
I lost my run to a balloon.,347847,7625,277,PT19M5S,2019-11-16T02:15:00Z,False
I’m not proud of this.,216806,5132,151,PT15M48S,2019-11-15T01:00:01Z,False
Ludwig Reacts to Tik Toks that are actually funny,1228918,32164,493,PT11M5S,2019-11-14T01:00:04Z,False
LAST TO LAUGH WINS $2000,1678404,42917,553,PT11M28S,2019-11-13T01:00:05Z,False
I am not a boomer.,303548,6755,458,PT18M33S,2019-11-12T02:15:00Z,False
stop saying my name wrong.,846179,24296,618,PT14M55S,2019-11-11T00:00:00Z,False
MY SECRET BEST FRIEND,141640,3385,114,PT19M25S,2019-11-10T00:00:02Z,False
Ludwig Reacts to Videos from Chat,339198,8266,322,PT17M49S,2019-11-09T00:00:15Z,False
How I became the fastest masher in the world,1977008,57463,1445,PT10M1S,2019-11-08T01:00:05Z,False
Why I Quit the Ludlocke,331135,7402,308,PT18M59S,2019-11-07T01:00:03Z,False
this was a mistake.,237259,8816,325,PT11M8S,2019-11-06T01:00:08Z,False
IF I DONT BEAT POKEMON I DYE MY HAIR,260946,5874,212,PT16M15S,2019-11-05T02:36:52Z,False
STREAM TRIES TO SCARE ME,152438,5441,203,PT10M20S,2019-11-04T02:00:04Z,False
torturing my stream for 5 hours,283808,6796,247,PT14M43S,2019-11-02T23:00:06Z,False
I found out how old my viewers are,263240,8212,201,PT11M38S,2019-11-02T00:00:05Z,False
If I were a Pokémon I would be...,282184,5723,222,PT20M18S,2019-11-01T01:00:04Z,False
Ludwig Reacts to Tik Toks that are basically vines,710929,15560,305,PT10M48S,2019-10-31T01:24:16Z,False
TWITCH CHAT DECIDES WHAT I WATCH,452690,10636,314,PT15M8S,2019-10-30T01:00:00Z,False
If I laugh the video ends,1827466,70485,1230,PT7M47S,2019-10-29T01:00:02Z,False
The Legend of Chokewig,294859,5832,165,PT16M6S,2019-10-28T00:00:03Z,False
"If you beat me in Pokémon, you win $100",299794,5919,189,PT18M7S,2019-10-27T00:00:02Z,False
I am not a furry.,312642,6241,229,PT21M23S,2019-10-26T01:00:00Z,False
LUDWIG VS QTCINDERELLA,1155985,34963,483,PT15M59S,2019-10-25T00:00:00Z,False
YOU CANNOT LAUGH,3378397,72851,1045,PT18M36S,2019-10-24T00:30:00Z,False
LUDWIG VS GHETSIS,471682,8305,337,PT33M16S,2019-10-23T01:00:00Z,False
Why I will never wear a tanktop again,342627,6551,200,PT25M40S,2019-10-22T00:00:02Z,False
Ludwig Reacts to Tinder Accounts,547090,12860,284,PT21M2S,2019-10-20T23:00:01Z,False
"saving the run, but at what cost",330135,6067,214,PT24M18S,2019-10-20T00:00:01Z,False
Is it Possible to Beat Pokemon Black and White 2 with Just Splash?,255631,5711,189,PT24M38S,2019-10-19T02:00:05Z,False
LOSING MY BEST FRIEND OVER THE SIMS,54898,2442,110,PT22M26S,2019-10-18T22:00:02Z,False
LUDWIG REVEALS HEIGHT,351676,8483,224,PT13M50S,2019-10-18T00:00:07Z,False
LUDWIG VS MANG0,296251,5637,102,PT15M34S,2019-10-17T01:00:02Z,False
"If his pokemon dies, he deletes his account",277420,5600,287,PT28M11S,2019-10-16T01:12:16Z,False
Unboxing What Stream Bought,759135,22413,532,PT14M48S,2019-10-15T00:00:00Z,False
"Black and White 2, but all the Pokémon are from Gen 1",299290,5471,157,PT17M54S,2019-10-14T00:00:00Z,False
Ludwig Reacts to Tik Tok,886949,20733,607,PT11M45S,2019-10-13T00:00:07Z,False
he has to be pretending,291825,5305,141,PT13M39S,2019-10-12T00:00:05Z,False
no context ludwig,130161,5780,162,PT3M56S,2019-10-11T00:00:00Z,False
Ludwig Gets Bullied By His Reddit,356448,8478,158,PT14M35S,2019-10-10T00:00:00Z,False
STREAM GOES SHOPPING FOR $1000,820605,19282,406,PT24M,2019-10-09T00:00:00Z,False
My One Time,306346,5879,176,PT15M17S,2019-10-08T00:00:01Z,False
I Use a Masterball on the WRONG Pokémon,346316,6028,148,PT15M30S,2019-10-07T00:00:00Z,False
LUDWIG VS SIMPLEFLIPS,27178,948,98,PT7M17S,2019-10-05T23:03:53Z,False
TWITCH CHAT PICKS THE MUSIC,404052,7465,245,PT20M59S,2019-10-04T00:00:04Z,False
knockoff clint stevens,275419,6144,127,PT12M44S,2019-10-02T00:00:03Z,False
Stream WINS Who Wants to Be a Millionaire,228723,6131,138,PT18M39S,2019-10-01T00:00:01Z,False
The Legend of Darth Mald,326255,6268,136,PT19M25S,2019-09-30T00:00:02Z,False
My Worst Enemy,335287,6059,191,PT15M16S,2019-09-28T00:30:47Z,False
Ludwig Reviews Twitch Chats Tinder Accounts,1716485,43224,866,PT23M5S,2019-09-27T00:15:09Z,False
I BAN My Best Friend,344212,5812,108,PT16M27S,2019-09-26T00:00:02Z,False
Ludwig Reacts to the Roast of Bobby Scar,101279,3125,120,PT33M21S,2019-09-25T00:00:08Z,False
LUDWIG VS CHILLIN,192707,5256,239,PT19M8S,2019-09-24T00:00:05Z,False
$300 MONEY MATCH LUDWIG VS BLUR,199080,4396,185,PT24M35S,2019-09-21T00:00:00Z,False
Stream Makes Me Release my BEST Pokémon,370463,5847,145,PT15M15S,2019-09-20T01:00:01Z,False
Ludwig and Slime Commentary Highlights,158667,4074,106,PT25M45S,2019-09-19T01:00:05Z,False
BIG ANNOUNCEMENT,363263,6002,103,PT20M,2019-09-18T01:21:07Z,False
Ludwig Reacts to the Roast of Hugs86,202030,5072,120,PT18M,2019-09-17T00:00:03Z,False
Pokémon but all the items are randomized,465985,7830,110,PT18M11S,2019-09-15T22:00:04Z,False
Ludwig Reacts to his Reddit #2,150559,3486,84,PT9M1S,2019-09-15T01:32:03Z,False
"Twitch Jeopardy ft. CallMeCarson, Jschlatt, ConnorEatsPants, Slimecicle",1321723,46066,1036,PT34M22S,2019-09-12T23:00:05Z,False
The Legend of LudWIN,218073,4634,164,PT18M22S,2019-09-11T22:00:03Z,False
LUDWIG VS MANG0 Madden 05,166169,3242,109,PT20M49S,2019-09-10T20:57:23Z,False
STREAM GAVE ME THE WORST STARTER,895792,13843,349,PT21M53S,2019-09-09T22:00:00Z,False
LUDWIG VS TWITCH CHAT,275094,5751,90,PT28M58S,2019-09-08T22:30:01Z,False
BEST WAY TO PLAY MINECRAFT,60329,1602,51,PT13M32S,2019-09-06T22:58:37Z,False
Ludwig Reacts to Meeting QTCinderella,2077397,38240,1026,PT28M49S,2019-09-06T00:27:16Z,False
TWITCH CHAT DECIDES THE MUSIC,710658,21284,683,PT22M25S,2019-09-05T01:00:00Z,False
HIGH STAKES MONEY MATCH LUDWIG VS MANG0,316461,5693,100,PT30M52S,2019-09-02T23:30:15Z,False
Twitch Plays Poker (Real Money),285226,4868,113,PT21M34S,2019-09-01T21:00:06Z,False
Top 15 Salty Ludwig Moments,206936,5512,114,PT7M26S,2019-08-30T22:19:57Z,False
THE WORST GAMBLE IN SMASH HISTORY,33446,870,30,PT14M17S,2019-08-29T21:38:04Z,False
PB OR I LOSE $500,243691,5590,93,PT22M23S,2019-08-28T22:22:40Z,False
NEW WAY TO PLAY MELEE,32540,842,56,PT17M55S,2019-08-26T21:12:04Z,False
LUDWIG VS THE ENDER DRAGON,212226,5623,228,PT21M53S,2019-08-25T19:30:01Z,False
$100 MONEY MATCH LUDWIG VS MANG0,246957,4614,96,PT30M17S,2019-08-23T19:10:43Z,False
Stream Decides What I Do,149957,2796,58,PT20M10S,2019-08-22T20:29:48Z,False
Ludwig Plays Scary Game (WELCOME TO THE GAME 2),55479,2133,68,PT20M58S,2019-08-21T20:38:03Z,False
STREAM DECIDES THE MUSIC #2,207712,4672,105,PT14M16S,2019-08-20T20:15:03Z,False
PAYING CELEBRITIES $300 TO SAY TWITCH EMOTES,266811,10776,214,PT11M7S,2019-08-19T20:59:11Z,False
Ludwig Reacts to Twitch Chats Tinder Accounts with QTCinderella,824763,18451,252,PT19M52S,2019-08-16T19:15:01Z,False
Top 13 Most Viewed Ludwig Clips (July),100165,2342,36,PT6M15S,2019-08-15T19:00:00Z,False
CLUTCH GOD,80025,1987,70,PT12M14S,2019-08-13T23:00:06Z,False
CHECKING TWITCH CHAT LOGS,169427,3421,47,PT7M2S,2019-08-12T20:00:02Z,False
a nether hardcore minecraft survival run,73954,1989,69,PT16M45S,2019-08-11T20:22:17Z,False
Ludwig Reacts to his Reddit,175740,4927,103,PT20M1S,2019-08-09T22:24:15Z,False
hardcore minecraft is hard.,49235,1274,53,PT12M2S,2019-08-08T19:00:07Z,False
$150 Poker Hand vs mang0,141033,2143,70,PT24M50S,2019-08-06T21:00:05Z,False
All Dogs Go to Heaven (Hardcore Minecraft),77257,1968,85,PT18M25S,2019-08-05T19:00:00Z,False
Ludwig Reacts to Chats Twitch Streams,382986,10458,202,PT19M21S,2019-08-04T19:00:02Z,False
THE END OF THE BLACK AND WHITE LUDLOCKE,283627,5444,124,PT29M45S,2019-08-03T19:00:06Z,False
"Twitch Jeopardy ft. Trihex, Alpharad, Jschlatt, Connoreatspants",496258,17944,687,PT30M,2019-07-30T21:00:04Z,False
Ludcraft,112114,3123,115,PT12M3S,2019-07-29T22:00:04Z,False
The WORST Pokémon Rival,134014,2105,86,PT19M2S,2019-07-29T16:00:02Z,False
STREAM CONTROLS WHAT MUSIC I LISTEN TO,82390,1722,56,PT12M10S,2019-07-28T19:00:02Z,False
Donating $250 to Broke Smashers (Poker),98812,1931,73,PT20M44S,2019-07-27T19:00:00Z,False
LUDWIG RAGES AT STREAM,109277,2460,52,PT12M3S,2019-07-26T19:00:14Z,False
Ludwig Reads His Wiki Page,117682,3319,53,PT4M44S,2019-07-24T23:30:01Z,False
"Lets Play Pokemon Black/White (No Potion, Randomizer, Nuzlocke)",132262,2297,57,PT13M39S,2019-07-23T20:02:29Z,False
The End of the Pokemon Black/White Ludlocke,458035,6346,223,PT39M56S,2019-07-22T19:00:00Z,False
HIGH STAKES POKEMON BATTLE LUDWIG VS QTCINDERELLA,370326,6436,175,PT23M39S,2019-07-20T00:11:33Z,False
The Legend of Foldwig,149650,2578,65,PT21M57S,2019-07-19T00:00:04Z,False
Can You Beat Pokemon Black/White Without Being Good?,185756,2757,97,PT19M54S,2019-07-17T22:00:05Z,False
Unboxing What Stream Bought (Height Reveal),215428,5834,182,PT13M13S,2019-07-16T21:00:01Z,False
STREAM SPENDS $300 ON AMAZON,179768,4523,110,PT14M37S,2019-07-12T23:05:06Z,False
the ludlocke needs a hero,174286,2835,99,PT13M10S,2019-07-11T23:30:02Z,False
mang0 takes all my money,117233,1794,73,PT21M2S,2019-07-10T22:58:38Z,False
Ludwig Reacts to his First YouTube Video,118545,4452,180,PT10M25S,2019-07-08T19:00:01Z,False
Top 13 Most Viewed Ludwig Clips (June),37573,1257,47,PT6M11S,2019-07-06T19:00:01Z,False
The Story of Ludwig,345488,12045,194,PT17M46S,2019-07-04T21:00:04Z,False
LUDWIG LOSES $500 IN POKER,121088,1864,67,PT23M48S,2019-07-03T19:00:00Z,False
SCUFFED KARAOKE ft. QTCINDERELLA,432418,14626,482,PT18M12S,2019-07-02T20:00:01Z,False
FASTEST BUTTON MASHER IN THE WORLD (31.25 CPS),936854,26655,2055,PT4M58S,2019-06-29T22:30:00Z,False
LUDLOCKE,667318,11737,290,PT28M40S,2019-06-27T23:32:01Z,False
"$1650 POKER GAME ft. mang0, chillin, leffen",328864,4924,167,PT24M7S,2019-06-26T21:41:32Z,False
Ludwig Spends $475 on a Japanese Crane Game (Toreba),311853,8230,174,PT10M15S,2019-06-25T23:13:55Z,False
LUDWIG VS STREAM,61453,1275,40,PT14M37S,2019-06-24T19:00:00Z,False
The Ninja of Mario Battle Royale,358068,8249,220,PT18M41S,2019-06-22T19:00:00Z,False
Ludwig Reacts to Twitch Chats Tinder Accounts,433018,10830,195,PT11M14S,2019-06-20T19:00:00Z,False
Ludwig Beats Jump King (DLC) (which is very hard),279625,7590,179,PT21M35S,2019-06-19T22:23:20Z,False
Playing until I beat the game or raise $1000 for charity,160558,4044,87,PT22M54S,2019-06-18T21:43:00Z,False
$100 MONEY MATCH LUDWIG VS ZAIN,142233,3881,120,PT6M33S,2019-06-14T21:08:59Z,False
Ludwig Goes on a Date with QTCinderella,1906093,45149,1088,PT28M17S,2019-06-13T19:15:00Z,False
four stocked by simpleflips???,15211,377,38,PT22M44S,2019-06-11T19:00:09Z,False
THEY WON BY 1 POINT ft. Cheese and Simpleflips,50705,1319,56,PT20M19S,2019-06-06T23:06:59Z,False
the rudest smasher I've ever met,129093,4593,194,PT8M20S,2019-06-05T19:00:00Z,False
Melee with Simpleflips,29687,894,63,PT16M20S,2019-06-04T21:13:55Z,False
how to make a bad game playable,233254,5069,72,PT12M17S,2019-06-01T19:00:05Z,False
Stream Plays Who Wants to Be a Millionaire for $100,291360,6397,147,PT15M4S,2019-05-31T19:00:02Z,False
The Three-peat?,90400,2560,72,PT19M17S,2019-05-30T22:58:59Z,False
how i became top ten in the world,294413,5447,82,PT11M9S,2019-05-30T00:21:57Z,False
BLIND SUPER MARIO 64 RACE,141914,3050,63,PT16M11S,2019-05-24T20:41:17Z,False
Twitch Jeopardy,158057,4974,167,PT16M54S,2019-05-23T19:00:03Z,False
STREAM DECIDES THE MUSIC,179847,4910,128,PT12M10S,2019-05-22T19:30:00Z,False
Worlds Hardest Gaming Challenge,162881,4215,77,PT11M42S,2019-05-19T21:30:00Z,False
STREAM DECIDES WHAT I BUY,182429,5053,84,PT14M55S,2019-05-17T18:30:02Z,False
"1 Streamer vs 357,000 Scovilles",115123,4366,200,PT8M3S,2019-05-16T19:00:00Z,False
Jumping Over It with Ludwig,393447,9868,139,PT18M18S,2019-05-13T17:00:00Z,False
Ludwig Plays Akinator,339309,8553,140,PT9M48S,2019-05-09T23:53:49Z,False
TWITCH'S GOT TALENT,314238,10833,255,PT20M17S,2019-05-08T02:57:58Z,False
Top 10 Most Viewed Ludwig Clips,422070,11159,212,PT7M41S,2019-05-04T23:35:00Z,False
First Person to Count to 10 Wins,339948,8722,350,PT9M28S,2019-05-02T22:25:37Z,False
How I beat the hardest game ever made (Pogostuck),1986471,45832,1240,PT25M30S,2019-04-28T22:47:30Z,False
$200 UNO MATCH,193379,5042,77,PT9M30S,2019-04-27T22:25:04Z,False
The Deal,136356,3147,92,PT19M25S,2019-04-26T01:31:50Z,False
HIGH STAKES UNO WITH SLIME,82393,2300,43,PT7M10S,2019-04-22T17:10:05Z,False
Dyeing My Hair a RANDOM Color,255236,6048,158,PT10M56S,2019-04-21T21:18:50Z,False
Ludwig and Slime flip a coin for $100,27814,1064,50,PT4M16S,2019-04-20T19:00:02Z,False
How I Beat Vegas,36543,1352,60,PT3M46S,2019-04-19T19:00:04Z,False
LUDWIG TRIES NOT TO LAUGH,546767,12756,355,PT16M31S,2019-04-18T22:46:19Z,False
Stream Goes Shopping for $200!,120064,3068,159,PT15M28S,2019-04-16T21:35:44Z,False
Top 18 Best Tasting Sodas,466016,13738,1129,PT15M46S,2019-04-10T01:21:16Z,False
STREAM DECIDES WHAT CLOTHES I BUY,119462,3785,113,PT19M21S,2019-04-04T01:37:10Z,False
snake,26853,1001,127,PT1M,2019-03-07T16:16:54Z,False
smash ultimate combo video (very epic),28415,897,68,PT1M35S,2019-02-13T23:59:57Z,False
SFAT vs Axe || LACS Grand Finals,7099,123,22,PT35M19S,2019-01-01T01:20:43Z,False
Hottest Super Smash Bros Ultimate Characters,50912,1394,122,PT27M35S,2018-12-07T18:04:38Z,False
The Most Cursed Pokemon Minigame,50683,1428,106,PT13M44S,2018-11-20T21:46:33Z,False
Ludwig vs The Elite Four,143478,1977,99,PT52M56S,2018-10-21T00:55:35Z,False
GAMERS REACT to 7 Reasons Why I watch Ludwig Ahgren,187985,5616,188,PT6M58S,2018-07-26T10:36:43Z,False
SPEEDRUNNER GETS WORLD RECORD WHILE PEEING (SAVAGE!!),163363,3128,155,PT49M15S,2018-06-02T23:18:23Z,False
ELYSIUM COMMENTARY HIGHLIGHTS || Slime and Ludwig ft. Guntherz,37241,571,32,PT20M6S,2017-10-28T00:17:09Z,False
A Classy Reading of Smashboards Posts || Things I'd Rather do Then Brawl,7731,272,19,PT45S,2017-10-26T12:16:09Z,False
You Got a B0XX in Me || Hax $ Musical,40947,2148,216,PT2M5S,2017-10-13T18:07:50Z,False
Top 10 Hottest Smashers,114926,4084,677,PT7M50S,2017-10-10T16:20:59Z,False
"""I am NOT moving to North America."" -aMSa ||| Smash Highlights",22931,475,71,PT11M7S,2017-10-04T13:54:29Z,False
How to make a smash highlights video,21337,710,89,PT3M2S,2017-10-04T13:03:39Z,False
Top 10 Set Winning Combos in Smash,142704,2180,195,PT6M34S,2017-10-03T02:32:26Z,False
Slime and Ludwig Commentate Smash the Record,241518,6009,179,PT25M8S,2017-09-20T21:54:56Z,False
I miss the old MaNg0,1398768,45514,1716,PT1M2S,2017-04-10T21:42:58Z,False
Who the fuck is Prince Abu?,43130,540,57,PT2S,2016-12-28T06:28:20Z,False
How to prove you won a side bet,27653,1144,61,PT3M53S,2016-11-24T00:47:59Z,False
Press 1 for Hungrybox,30231,513,108,PT8M50S,2016-11-07T15:38:16Z,False
Smash is Anime: The Power of Friendship,35333,927,49,PT3M24S,2016-11-04T18:33:40Z,False
5 Minutes of Ice Climbers Losing,15306,486,72,PT4M45S,2016-10-17T15:10:43Z,False
Westballz DK doesn't care about you,53604,824,105,PT2M21S,2016-09-17T17:03:33Z,False
Tai (69) - TBH6 Compendium,6848,126,19,PT2M48S,2016-09-15T16:21:03Z,False
A Classy Readings of Tweets from EVO 2016,10079,393,44,PT2M28S,2016-07-21T15:04:55Z,False
Arguably the Best Player on Earth Right Now,36615,740,95,PT58S,2016-06-19T17:48:11Z,False
Top 10 Shine Spikes in Smash,192858,1407,147,PT5M23S,2016-05-29T18:17:38Z,False
Top 10 Taunt to Get Bodied Combos in Smash,434161,3120,220,PT6M36S,2016-05-27T16:14:35Z,False
"Hax is on the Comeback (Parody of ""I Can Go the Distance"") | Hax $ Musical",30894,787,77,PT3M43S,2016-05-23T17:00:02Z,False
The Best Smash 4 Player in AZ,13557,322,50,PT2M20S,2016-05-11T18:18:18Z,False
Top 10 Salty Ice Climber Moments in Smash,4284665,50243,7625,PT9M18S,2016-04-11T23:57:40Z,False
I am Hungrybox - Combo Video,49618,1056,148,PT3M49S,2016-04-07T17:44:52Z,False
A Classy Reading of Tweets from Pound 2016,8766,300,35,PT2M37S,2016-04-05T18:20:20Z,False
A Classy Reading of Tweets from Five Gods,12578,352,33,PT2M3S,2016-03-22T16:20:42Z,False
A Classy Reading of Tweets from B.E.A.S.T. 6,9399,279,34,PT1M58S,2016-02-23T00:44:06Z,False
The Adventures of East Coast Scar,95987,1603,92,PT4M21S,2016-02-18T19:53:21Z,False
The Champ - Armada Combo Video,88075,1364,124,PT4M59S,2016-01-23T05:19:57Z,False
Top 5 Most Embarrassing Moments in Smash,1120388,11565,1174,PT6M25S,2015-12-30T00:04:22Z,False
Mew2King Popoff with Crowd Reaction,15092,236,26,PT48S,2015-12-24T23:28:59Z,False
Determination - The Story of M2K in 2015,192999,3358,426,PT5M16S,2015-12-23T19:18:04Z,False
Hungrybox - Yeezus 2.0 ft. Scar (The People's Champ),65125,1249,47,PT1M,2015-12-20T15:02:53Z,False
Swing Swing Swing - PPMD Combo Video,79984,1079,117,PT3M38S,2015-12-14T15:55:18Z,False
Crowd Reacts to m2k beating Leffen at Paragon LA,5833,116,18,PT51S,2015-09-12T01:33:14Z,False
Paragon LA Crowd Reaction to MaNg0 Winning,4770,138,91,PT1M11S,2015-09-12T01:31:13Z,False
Paragon LA Crowd Clapping Dreamland Theme,47737,1234,71,PT28S,2015-09-12T01:27:44Z,False
Chudat having way too much fun wobbling,218548,6976,60,PT19S,2015-09-09T17:35:15Z,False
Ledgend - A Hungrybox Combo Video,84602,1310,152,PT2M10S,2015-07-17T01:36:59Z,False
"Actually, I don't feel like the ledge matters too much",48992,661,61,PT31S,2015-07-08T03:18:43Z,False
Hand speed of a top Super Smash Bros Melee Player,17625,223,52,PT28S,2015-04-23T07:45:24Z,False
Axe Popoff vs Mang0 at Sandstorm,9112,176,26,PT47S,2015-04-20T20:07:12Z,False
Leffen punishes grab with forward smash,234058,5309,65,PT10S,2015-04-20T20:04:38Z,False
Leffen doesn't hug randies,251423,7386,119,PT10S,2015-04-20T20:02:45Z,False
Hungrybox Popoff at Sandstorm,24788,465,53,PT59S,2015-04-20T19:50:15Z,False
MVG Sandstorm Grand Final Power Outage,110777,2042,394,PT41S,2015-04-20T18:51:51Z,False
