video_id,title,views,likes,comment_count,duration,upload_time,is_vod,thumbnail_url,video_url
BUcBbWF7Fi0,"🔴 DAY 2 🔴 100 HOUR CS2 MARATHON ft. THE YARD AND JOSHMAN 🔴 STARTED AT RANK 12,571 🔴 20 SECOND DELAY",237344,2032,8,PT11H16M32S,2026-08-20T09:15:08Z,True,https://i.ytimg.com/vi/BUcBbWF7Fi0/hqdefault.jpg,https://www.youtube.com/watch?v=BUcBbWF7Fi0
-epEJYk9OT0,"🔴 DAY 2 🔴 100 HOUR CS2 MARATHON ft. THE YARD AND JOSHMAN 🔴 STARTED AT RANK 12,571 🔴 20 SECOND DELAY",41481,583,0,P0D,2026-08-20T07:54:09Z,True,https://i.ytimg.com/vi/-epEJYk9OT0/hqdefault_live.jpg,https://www.youtube.com/watch?v=-epEJYk9OT0
hNHbi64TyXc,That’s one way to kill the vibes…,199877,5803,43,PT17S,2026-08-20T06:29:41Z,False,https://i.ytimg.com/vi/hNHbi64TyXc/hqdefault.jpg,https://www.youtube.com/watch?v=hNHbi64TyXc
ZDaBp3AhkhQ,🔴DAY 2🔴100 HOUR CS2 MARATHON ft. THE YARD AND JOSHMAN🔴,172595,1465,8,PT11H42M46S,2026-08-19T22:00:38Z,True,https://i.ytimg.com/vi/ZDaBp3AhkhQ/hqdefault.jpg,https://www.youtube.com/watch?v=ZDaBp3AhkhQ
8LU2dt7IPSQ,🔴 100 HOUR CS2 MARATHON ft. THE YARD AND JOSHMAN 🔴,279843,3279,22,PT10H40M6S,2026-08-19T10:14:49Z,True,https://i.ytimg.com/vi/8LU2dt7IPSQ/hqdefault.jpg,https://www.youtube.com/watch?v=8LU2dt7IPSQ
rmwjgwcn2ZY,You can't ragebait a professional...,1596003,58885,461,PT36S,2026-08-19T07:38:37Z,False,https://i.ytimg.com/vi/rmwjgwcn2ZY/hqdefault.jpg,https://www.youtube.com/watch?v=rmwjgwcn2ZY
ezvrie8NaXA,I just wanted to be more like my favorite streamer…,1133636,28993,130,PT19S,2026-08-18T05:39:47Z,False,https://i.ytimg.com/vi/ezvrie8NaXA/hqdefault.jpg,https://www.youtube.com/watch?v=ezvrie8NaXA
ZwU7BtZRg4k,I might have a future in voice acting...,910092,29412,158,PT54S,2026-08-16T23:02:44Z,False,https://i.ytimg.com/vi/ZwU7BtZRg4k/hqdefault.jpg,https://www.youtube.com/watch?v=ZwU7BtZRg4k
pXOPh-RZzDc,I don't think I'm good at this voice acting thing...,8501248,169407,722,PT12S,2026-08-16T02:25:13Z,False,https://i.ytimg.com/vi/pXOPh-RZzDc/hqdefault.jpg,https://www.youtube.com/watch?v=pXOPh-RZzDc
XXBiBW0AR7Y,🟠WORLDS GREATEST VOICE ACTOR🟠,188117,3136,115,PT3H10M19S,2026-08-16T00:35:45Z,True,https://i.ytimg.com/vi/XXBiBW0AR7Y/hqdefault.jpg,https://www.youtube.com/watch?v=XXBiBW0AR7Y
EtAqAubfAs4,do NOT put me in high stress situations...,497910,13055,139,PT28S,2026-08-15T06:12:10Z,False,https://i.ytimg.com/vi/EtAqAubfAs4/hqdefault.jpg,https://www.youtube.com/watch?v=EtAqAubfAs4
XhZrAd14MbM,They Remade My Favorite Childhood Game. It's impossible,771335,18760,704,PT58M11S,2026-08-15T03:45:17Z,False,https://i.ytimg.com/vi/XhZrAd14MbM/hqdefault.jpg,https://www.youtube.com/watch?v=XhZrAd14MbM
SPU_D4TdQj8,THE END🤥BEATING LIES OF P🤥 !LoP #sponsored,93810,1102,45,PT3H7M29S,2026-08-14T23:06:14Z,True,https://i.ytimg.com/vi/SPU_D4TdQj8/hqdefault.jpg,https://www.youtube.com/watch?v=SPU_D4TdQj8
So_Pfy4-2Z4,🤥STREAM ENDS WHEN I BEAT LIES OF P🤥 !LoP #sponsored,107560,936,11,PT11H54M50S,2026-08-14T20:16:41Z,True,https://i.ytimg.com/vi/So_Pfy4-2Z4/hqdefault.jpg,https://www.youtube.com/watch?v=So_Pfy4-2Z4
_kfS0HcSGEY,And don't EVER question my gaming skills.,194626,5204,67,PT37S,2026-08-14T16:48:47Z,False,https://i.ytimg.com/vi/_kfS0HcSGEY/hqdefault.jpg,https://www.youtube.com/watch?v=_kfS0HcSGEY
YO3QLYivSqQ,🤥STREAM ENDS WHEN I BEAT LIES OF P🤥 !LoP #sponsored,199374,1712,20,PT11H20M17S,2026-08-14T08:26:08Z,True,https://i.ytimg.com/vi/YO3QLYivSqQ/hqdefault.jpg,https://www.youtube.com/watch?v=YO3QLYivSqQ
kKswAaN6KIo,How well can streamers tell time??,1182888,23696,220,PT33S,2026-08-14T05:01:42Z,False,https://i.ytimg.com/vi/kKswAaN6KIo/hqdefault.jpg,https://www.youtube.com/watch?v=kKswAaN6KIo
6NhZorpetX8,🤥STREAM ENDS WHEN I BEAT LIES OF P🤥 !LoP #sponsored,146758,1284,5,PT11H22M17S,2026-08-13T21:09:13Z,True,https://i.ytimg.com/vi/6NhZorpetX8/hqdefault.jpg,https://www.youtube.com/watch?v=6NhZorpetX8
10Oe1j-jbzo,🤥STREAM ENDS WHEN I BEAT LIES OF P🤥 !LoP #sponsored,275739,2984,50,PT11H20S,2026-08-13T10:37:14Z,True,https://i.ytimg.com/vi/10Oe1j-jbzo/hqdefault.jpg,https://www.youtube.com/watch?v=10Oe1j-jbzo
88qFVdOX7DM,I dont know what I expected...,1925972,46776,253,PT18S,2026-08-13T04:37:53Z,False,https://i.ytimg.com/vi/88qFVdOX7DM/hqdefault.jpg,https://www.youtube.com/watch?v=88qFVdOX7DM
-iL7d7hfiok,Whatever it takes.,1073555,37115,148,PT40S,2026-08-12T16:42:07Z,False,https://i.ytimg.com/vi/-iL7d7hfiok/hqdefault.jpg,https://www.youtube.com/watch?v=-iL7d7hfiok
O8EkHBFHRdc,🚶BIG games WITH friends :) 🚶,174866,1854,21,PT5H51M18S,2026-08-12T01:05:42Z,True,https://i.ytimg.com/vi/O8EkHBFHRdc/hqdefault.jpg,https://www.youtube.com/watch?v=O8EkHBFHRdc
1oEODOBR1SQ,The one and only...,2261990,51966,207,PT30S,2026-08-11T03:08:36Z,False,https://i.ytimg.com/vi/1oEODOBR1SQ/hqdefault.jpg,https://www.youtube.com/watch?v=1oEODOBR1SQ
_BM1qD6Wkbk,💃GAMES WITH SQUEEX💃LESLIE💃RAE💃,251535,3546,56,PT5H39M33S,2026-08-11T01:52:45Z,True,https://i.ytimg.com/vi/_BM1qD6Wkbk/hqdefault.jpg,https://www.youtube.com/watch?v=_BM1qD6Wkbk
6VT1vsmrDCQ,Do you think he'll notice...?,1789479,67718,412,PT15S,2026-08-10T17:42:00Z,False,https://i.ytimg.com/vi/6VT1vsmrDCQ/hqdefault.jpg,https://www.youtube.com/watch?v=6VT1vsmrDCQ
rNlIC9nI3js,PRO GAMER REACTS,131340,1283,24,PT4H45M48S,2026-08-09T23:25:42Z,True,https://i.ytimg.com/vi/rNlIC9nI3js/hqdefault.jpg,https://www.youtube.com/watch?v=rNlIC9nI3js
S89F7GA-elE,🔴BIG REACTS🔴GETTING MY CS2 RANK🔴,152167,1615,31,PT4H57M55S,2026-08-09T04:07:25Z,True,https://i.ytimg.com/vi/S89F7GA-elE/hqdefault.jpg,https://www.youtube.com/watch?v=S89F7GA-elE
Sgv29wMkGvE,I Ran a Contest to Find the Best Minecraft Player in the World,971087,34576,926,PT34M34S,2026-08-09T04:05:57Z,False,https://i.ytimg.com/vi/Sgv29wMkGvE/hqdefault.jpg,https://www.youtube.com/watch?v=Sgv29wMkGvE
iTX_3RwA4HM,That's my fiancée bro...,939988,23956,130,PT22S,2026-08-08T10:49:13Z,False,https://i.ytimg.com/vi/iTX_3RwA4HM/hqdefault.jpg,https://www.youtube.com/watch?v=iTX_3RwA4HM
rt807x4DsIo,💀BIG REACTS💀BIG GAMES💀DEADLOCK TODAY💀,194101,2062,51,PT6H27M22S,2026-08-08T03:21:12Z,True,https://i.ytimg.com/vi/rt807x4DsIo/hqdefault.jpg,https://www.youtube.com/watch?v=rt807x4DsIo
xcw7dJbvTLA,I think he seriously misunderstands how this works…,2930355,74267,235,PT24S,2026-08-07T08:48:34Z,False,https://i.ytimg.com/vi/xcw7dJbvTLA/hqdefault.jpg,https://www.youtube.com/watch?v=xcw7dJbvTLA
e7cYbW3l0zo,🕸️ DOMINATING IN MARVEL Tōkon: Fighting Souls #ad 🕸️ !marvel,232515,2264,42,PT9H10M48S,2026-08-07T04:26:57Z,True,https://i.ytimg.com/vi/e7cYbW3l0zo/hqdefault.jpg,https://www.youtube.com/watch?v=e7cYbW3l0zo
zdr_iThxW2I,He almost got away with it...,3537917,86562,230,PT44S,2026-08-06T08:11:17Z,False,https://i.ytimg.com/vi/zdr_iThxW2I/hqdefault.jpg,https://www.youtube.com/watch?v=zdr_iThxW2I
Ap4F78hrI8k,🌍STREAMER GAMES RECAP🌍,179722,2907,126,PT3H4M39S,2026-08-06T04:12:43Z,True,https://i.ytimg.com/vi/Ap4F78hrI8k/hqdefault.jpg,https://www.youtube.com/watch?v=Ap4F78hrI8k
l2JD92z_qyM,How I Accidentally Became a Chinese Movie Star,961057,43659,1778,PT30M2S,2026-08-06T04:00:36Z,False,https://i.ytimg.com/vi/l2JD92z_qyM/hqdefault.jpg,https://www.youtube.com/watch?v=l2JD92z_qyM
2v8TsWxSie4,The Tungsten Cube Challenge is back at streamer games...,3952419,97414,1277,PT40S,2026-08-05T06:30:14Z,False,https://i.ytimg.com/vi/2v8TsWxSie4/hqdefault.jpg,https://www.youtube.com/watch?v=2v8TsWxSie4
GM1BiIVyRzA,You've never been a Penalty kick like this before...,2963937,42318,587,PT23S,2026-08-04T03:35:15Z,False,https://i.ytimg.com/vi/GM1BiIVyRzA/hqdefault.jpg,https://www.youtube.com/watch?v=GM1BiIVyRzA
4f3PNC8gv0Q,🌍STREAMER GAMES 2026🌍RED BULL🏆!ATT🥇!Alienware🏟,953851,15957,591,PT7H25M23S,2026-08-03T04:47:19Z,True,https://i.ytimg.com/vi/4f3PNC8gv0Q/hqdefault.jpg,https://www.youtube.com/watch?v=4f3PNC8gv0Q
rWbbLnS8NLo,Professional level Simon says is insane…,2671599,68666,471,PT31S,2026-08-03T02:29:50Z,False,https://i.ytimg.com/vi/rWbbLnS8NLo/hqdefault.jpg,https://www.youtube.com/watch?v=rWbbLnS8NLo
XCyTSOcY4GI,There’s levels to the tungsten cube toss…,2190940,47019,304,PT28S,2026-08-03T00:10:06Z,False,https://i.ytimg.com/vi/XCyTSOcY4GI/hqdefault.jpg,https://www.youtube.com/watch?v=XCyTSOcY4GI
QfRluZKu_CM,The bigger they are…,4102562,66207,299,PT26S,2026-08-02T07:56:05Z,False,https://i.ytimg.com/vi/QfRluZKu_CM/hqdefault.jpg,https://www.youtube.com/watch?v=QfRluZKu_CM
VtJ3dLr4CY0,🌍STREAMER GAMES 2026🌍RED BULL🏆!ATT🥇!Alienware🏟️,1122301,20177,818,PT6H56M18S,2026-08-02T04:32:53Z,True,https://i.ytimg.com/vi/VtJ3dLr4CY0/hqdefault.jpg,https://www.youtube.com/watch?v=VtJ3dLr4CY0
HUx-cB5BiIQ,I Played Meccha Chameleon in Real Life,1628371,91167,2428,PT17M8S,2026-08-01T00:29:47Z,False,https://i.ytimg.com/vi/HUx-cB5BiIQ/hqdefault.jpg,https://www.youtube.com/watch?v=HUx-cB5BiIQ
yq8AmPB4VbU,They're lucky i'm not competing this year...,1418069,50225,476,PT27S,2026-07-31T22:59:50Z,False,https://i.ytimg.com/vi/yq8AmPB4VbU/hqdefault.jpg,https://www.youtube.com/watch?v=yq8AmPB4VbU
lhXTY9ajyHI,I just didn't know what to do with myself...,2240313,61932,135,PT19S,2026-07-31T20:38:00Z,False,https://i.ytimg.com/vi/lhXTY9ajyHI/hqdefault.jpg,https://www.youtube.com/watch?v=lhXTY9ajyHI
MglMqV4-KPI,I really didn't know what to expect...,2984311,106868,555,PT39S,2026-07-31T07:40:57Z,False,https://i.ytimg.com/vi/MglMqV4-KPI/hqdefault.jpg,https://www.youtube.com/watch?v=MglMqV4-KPI
3NoLU1zGWDs,I found myself in Road to Empress 2...,2308026,67968,393,PT24S,2026-07-31T04:33:31Z,False,https://i.ytimg.com/vi/3NoLU1zGWDs/hqdefault.jpg,https://www.youtube.com/watch?v=3NoLU1zGWDs
r-8xMF8oI2k,WATCHING MY CHINESE ACTING 🎭 STREAMER GAMES DRAMA 🎭 !streamergames,193471,2800,78,PT4H34M4S,2026-07-31T01:19:09Z,True,https://i.ytimg.com/vi/r-8xMF8oI2k/hqdefault.jpg,https://www.youtube.com/watch?v=r-8xMF8oI2k
htUIXtDSc98,🐉BEATING ROAD TO EMPRESS 2 AND WATCHING MY SCENE 🐉 !streamergames,246888,3014,103,PT6H53M49S,2026-07-30T06:17:48Z,True,https://i.ytimg.com/vi/htUIXtDSc98/hqdefault.jpg,https://www.youtube.com/watch?v=htUIXtDSc98
5shj2HhIMUA,Someone's gotta show him how it's done,1368242,65979,516,PT41S,2026-07-30T06:16:49Z,False,https://i.ytimg.com/vi/5shj2HhIMUA/hqdefault.jpg,https://www.youtube.com/watch?v=5shj2HhIMUA
10QWdKu9bkc,🐉CONTINUING ROAD TO EMPRESS 2🐉 !streamergames,194333,2715,191,PT4H34M36S,2026-07-29T07:08:57Z,True,https://i.ytimg.com/vi/10QWdKu9bkc/hqdefault.jpg,https://www.youtube.com/watch?v=10QWdKu9bkc
-AK2_4kbH6g,What are friends for....,1177564,33410,123,PT33S,2026-07-29T06:55:11Z,False,https://i.ytimg.com/vi/-AK2_4kbH6g/hqdefault.jpg,https://www.youtube.com/watch?v=-AK2_4kbH6g
xq3sC7q8Oyo,I threw the worlds heaviest tungsten cube…,1734535,60186,374,PT36S,2026-07-28T08:40:49Z,False,https://i.ytimg.com/vi/xq3sC7q8Oyo/hqdefault.jpg,https://www.youtube.com/watch?v=xq3sC7q8Oyo
4-Bjb2efqgc,🐉ROAD TO EMPRESS 2🐉!Streamergames,229850,3581,125,PT3H21M41S,2026-07-28T02:48:22Z,True,https://i.ytimg.com/vi/4-Bjb2efqgc/hqdefault.jpg,https://www.youtube.com/watch?v=4-Bjb2efqgc
fReRok4JT0c,okay maybe that's my bad,4075876,138811,555,PT41S,2026-07-27T06:44:10Z,False,https://i.ytimg.com/vi/fReRok4JT0c/hqdefault.jpg,https://www.youtube.com/watch?v=fReRok4JT0c
cI1e8Kc1iy8,🕹️BETTER THAN SQUEEX AT MARVEL Tōkon: Fighting Souls🕹️!marvel #ad,119733,1267,41,PT2H29M57S,2026-07-27T04:11:18Z,True,https://i.ytimg.com/vi/cI1e8Kc1iy8/hqdefault.jpg,https://www.youtube.com/watch?v=cI1e8Kc1iy8
1x3Yn6mxMW8,Why didn't you tell me...,1798499,46476,670,PT17S,2026-07-26T07:24:10Z,False,https://i.ytimg.com/vi/1x3Yn6mxMW8/hqdefault.jpg,https://www.youtube.com/watch?v=1x3Yn6mxMW8
B1cIAXTDqkI,Forcing Pro Gamers to Compete on my Gameshow,1484352,53604,2447,PT53M34S,2026-07-26T04:45:45Z,False,https://i.ytimg.com/vi/B1cIAXTDqkI/hqdefault.jpg,https://www.youtube.com/watch?v=B1cIAXTDqkI
EaytuDOUVlw,Chat called me out. I proved them wrong,484753,13883,720,PT39M40S,2026-07-25T01:36:51Z,False,https://i.ytimg.com/vi/EaytuDOUVlw/hqdefault.jpg,https://www.youtube.com/watch?v=EaytuDOUVlw
81tqt0iiWy4,🖱️VALORANT VS THE WORLD🖱️ !streamergames,186433,1973,22,PT5H6M4S,2026-07-25T00:23:57Z,True,https://i.ytimg.com/vi/81tqt0iiWy4/hqdefault.jpg,https://www.youtube.com/watch?v=81tqt0iiWy4
qZM4MyJN_EE,It's got something for everyone!,1590092,29673,640,PT1M37S,2026-07-24T22:34:03Z,False,https://i.ytimg.com/vi/qZM4MyJN_EE/hqdefault.jpg,https://www.youtube.com/watch?v=qZM4MyJN_EE
5usYbC6-fwc,I thought I was good at games...,430788,16749,380,PT40S,2026-07-24T02:54:20Z,False,https://i.ytimg.com/vi/5usYbC6-fwc/hqdefault.jpg,https://www.youtube.com/watch?v=5usYbC6-fwc
2kqK2eNRrqg,Tyler1 Challenged Me. Big mistake.,918635,48021,1699,PT22M30S,2026-07-24T02:25:22Z,False,https://i.ytimg.com/vi/2kqK2eNRrqg/hqdefault.jpg,https://www.youtube.com/watch?v=2kqK2eNRrqg
DVEVwcqCjos,🏅STREAMER GAMES REVEAL🏅!Streamergames,180768,4178,386,PT55M20S,2026-07-24T02:07:58Z,True,https://i.ytimg.com/vi/DVEVwcqCjos/hqdefault.jpg,https://www.youtube.com/watch?v=DVEVwcqCjos
YHxStCsWx40,🕹️ SPEEDRUNNING EVERY VIDEO GAME EVER 🕹️ !streamergames,192046,2333,38,PT3H50M22S,2026-07-24T00:09:33Z,True,https://i.ytimg.com/vi/YHxStCsWx40/hqdefault.jpg,https://www.youtube.com/watch?v=YHxStCsWx40
9X1B3d8bPxQ,How to deal with hate farming,626805,24001,196,PT31S,2026-07-23T07:15:09Z,False,https://i.ytimg.com/vi/9X1B3d8bPxQ/hqdefault.jpg,https://www.youtube.com/watch?v=9X1B3d8bPxQ
RNqYuKAr2Ww,REACTS 🔴 FIRING OSCS🔴 !streamergames,310997,4119,59,PT5H2M22S,2026-07-23T05:15:50Z,True,https://i.ytimg.com/vi/RNqYuKAr2Ww/hqdefault.jpg,https://www.youtube.com/watch?v=RNqYuKAr2Ww
CwtSvODrVyY,How to Get Ahead of 99% of Streamers,371916,18526,843,PT1H49M17S,2026-07-22T17:38:33Z,False,https://i.ytimg.com/vi/CwtSvODrVyY/hqdefault.jpg,https://www.youtube.com/watch?v=CwtSvODrVyY
WEeycIRmR5Y,I guess that's my fault,1413163,47003,233,PT19S,2026-07-22T08:12:46Z,False,https://i.ytimg.com/vi/WEeycIRmR5Y/hqdefault.jpg,https://www.youtube.com/watch?v=WEeycIRmR5Y
zx_Q6qrriBc,👨‍🏫PROFESSOR L RECAPS STREAMER U 👨‍🏫GAMES WITH FUSLIE SQUEEX RAE 👨‍🏫!streamergames,348617,5953,101,PT4H53M16S,2026-07-22T05:30:25Z,True,https://i.ytimg.com/vi/zx_Q6qrriBc/hqdefault.jpg,https://www.youtube.com/watch?v=zx_Q6qrriBc
7RU4oOPMaF4,It was an honor being your Professor L,1665927,77659,352,PT39S,2026-07-21T03:05:36Z,False,https://i.ytimg.com/vi/7RU4oOPMaF4/hqdefault.jpg,https://www.youtube.com/watch?v=7RU4oOPMaF4
DahC8Shc2sU,NO ONE scams Professor L,4233558,141747,430,PT35S,2026-07-21T00:27:49Z,False,https://i.ytimg.com/vi/DahC8Shc2sU/hqdefault.jpg,https://www.youtube.com/watch?v=DahC8Shc2sU
skcFvZP0LeQ,🍎PROFESSOR L's LAST DAY AT STREAMER U🍎!Streamergames,667898,9213,132,PT9H30M30S,2026-07-20T01:28:35Z,True,https://i.ytimg.com/vi/skcFvZP0LeQ/hqdefault.jpg,https://www.youtube.com/watch?v=skcFvZP0LeQ
HiL5h4fvA7g,Learn from my mistakes,5286541,167894,702,PT33S,2026-07-20T01:09:27Z,False,https://i.ytimg.com/vi/HiL5h4fvA7g/hqdefault.jpg,https://www.youtube.com/watch?v=HiL5h4fvA7g
HPGKjgr9usE,I just didn’t expect to be so targeted…,1680470,36862,234,PT20S,2026-07-19T20:31:46Z,False,https://i.ytimg.com/vi/HPGKjgr9usE/hqdefault.jpg,https://www.youtube.com/watch?v=HPGKjgr9usE
z5OLeNHsTc0,Michael reeves big secret…,4696899,105529,285,PT28S,2026-07-19T10:49:19Z,False,https://i.ytimg.com/vi/z5OLeNHsTc0/hqdefault.jpg,https://www.youtube.com/watch?v=z5OLeNHsTc0
CH0uI-v2Cbc,🧑‍🏫PROFESSOR L 'S STREAMER U SURVIVAL GUIDE🧑‍🏫,689783,9337,125,PT11H19M,2026-07-19T03:03:33Z,True,https://i.ytimg.com/vi/CH0uI-v2Cbc/hqdefault.jpg,https://www.youtube.com/watch?v=CH0uI-v2Cbc
Dcde8k9Xwvo,A good artist copies…,2001688,62727,296,PT27S,2026-07-19T00:17:17Z,False,https://i.ytimg.com/vi/Dcde8k9Xwvo/hqdefault.jpg,https://www.youtube.com/watch?v=Dcde8k9Xwvo
TgJzUt2aIW0,I run a tight ship at streamer U…,2098359,51406,188,PT33S,2026-07-18T19:35:59Z,False,https://i.ytimg.com/vi/TgJzUt2aIW0/hqdefault.jpg,https://www.youtube.com/watch?v=TgJzUt2aIW0
CoRX_PduEJQ,I almost quit.,2184395,77815,323,PT34S,2026-07-18T08:50:37Z,False,https://i.ytimg.com/vi/CoRX_PduEJQ/hqdefault.jpg,https://www.youtube.com/watch?v=CoRX_PduEJQ
TlptNptn26A,I Regraded All My Pokemon Cards,1446664,37815,1813,PT49M4S,2026-07-18T01:53:02Z,False,https://i.ytimg.com/vi/TlptNptn26A/hqdefault.jpg,https://www.youtube.com/watch?v=TlptNptn26A
n1l1JDtSc4k,It’s harder than you’d think…,1711440,59000,332,PT38S,2026-07-17T23:00:01Z,False,https://i.ytimg.com/vi/n1l1JDtSc4k/hqdefault.jpg,https://www.youtube.com/watch?v=n1l1JDtSc4k
Y4_BRmaGLvE,I don’t want to be the one to say this but…,4157414,148610,985,PT31S,2026-07-17T20:12:27Z,False,https://i.ytimg.com/vi/Y4_BRmaGLvE/hqdefault.jpg,https://www.youtube.com/watch?v=Y4_BRmaGLvE
nqHxjfH_LX0,🤓PROFESSOR L IS IN TROUBLE🤓,371163,8401,190,PT4H32M9S,2026-07-17T18:57:15Z,True,https://i.ytimg.com/vi/nqHxjfH_LX0/hqdefault.jpg,https://www.youtube.com/watch?v=nqHxjfH_LX0
k9kcMGiOFPo,Every new streamer needs to know this.,2168606,85713,442,PT43S,2026-07-17T09:37:53Z,False,https://i.ytimg.com/vi/k9kcMGiOFPo/hqdefault.jpg,https://www.youtube.com/watch?v=k9kcMGiOFPo
HZZRmoeeO2Q,I’m already getting into fights at streamer U…,11257100,346225,1014,PT42S,2026-07-17T06:37:34Z,False,https://i.ytimg.com/vi/HZZRmoeeO2Q/hqdefault.jpg,https://www.youtube.com/watch?v=HZZRmoeeO2Q
8np0b7kt8ps,📝PROFESSOR L TAKES OVER STREAMER U📝 !secretsauce !gleep,560694,8976,150,PT7H57M49S,2026-07-16T22:27:52Z,True,https://i.ytimg.com/vi/8np0b7kt8ps/hqdefault.jpg,https://www.youtube.com/watch?v=8np0b7kt8ps
rPiRD3sz3uQ,I think he's not over the proposal...,740077,19585,84,PT15S,2026-07-16T08:31:00Z,False,https://i.ytimg.com/vi/rPiRD3sz3uQ/hqdefault.jpg,https://www.youtube.com/watch?v=rPiRD3sz3uQ
aOoSn6feuKA,They're a problem.,821970,24838,131,PT51S,2026-07-15T08:19:26Z,False,https://i.ytimg.com/vi/aOoSn6feuKA/hqdefault.jpg,https://www.youtube.com/watch?v=aOoSn6feuKA
vABuhYF-aIM,Forcing Artists to Play Meccha Chameleon is Awesome,1252320,31665,494,PT23M54S,2026-07-14T07:46:32Z,False,https://i.ytimg.com/vi/vABuhYF-aIM/hqdefault.jpg,https://www.youtube.com/watch?v=vABuhYF-aIM
gY7lakCYnd0,She can never know the truth…,3983296,103692,346,PT15S,2026-07-14T06:30:20Z,False,https://i.ytimg.com/vi/gY7lakCYnd0/hqdefault.jpg,https://www.youtube.com/watch?v=gY7lakCYnd0
8iDwT16WqN4,🏴‍☠️ DESTROYING MAN O' WAR SHIP🏴‍☠️,138639,1446,32,PT6H37M36S,2026-07-14T06:03:22Z,True,https://i.ytimg.com/vi/8iDwT16WqN4/hqdefault.jpg,https://www.youtube.com/watch?v=8iDwT16WqN4
2Hik6x3ALP4,I think it was kinda nice....,597022,17421,96,PT29S,2026-07-13T20:14:59Z,False,https://i.ytimg.com/vi/2Hik6x3ALP4/hqdefault.jpg,https://www.youtube.com/watch?v=2Hik6x3ALP4
3WA5bZMW6Kw,🔱ENGAGED IN DRAMA🔱EXPOSING ALL🔱,236529,2272,60,PT8H12M,2026-07-13T08:04:56Z,True,https://i.ytimg.com/vi/3WA5bZMW6Kw/hqdefault.jpg,https://www.youtube.com/watch?v=3WA5bZMW6Kw
S0QSzOrtBag,Maybe that part of the proposal could’ve been workshopped a bit…,2310831,40408,166,PT23S,2026-07-12T07:44:26Z,False,https://i.ytimg.com/vi/S0QSzOrtBag/hqdefault.jpg,https://www.youtube.com/watch?v=S0QSzOrtBag
w5A_KiVgf1c,I Tried Every YouTuber Product,1602531,37793,1173,PT31M57S,2026-07-12T04:13:07Z,False,https://i.ytimg.com/vi/w5A_KiVgf1c/hqdefault.jpg,https://www.youtube.com/watch?v=w5A_KiVgf1c
FGgzcjFKnC0,ENGAGED 💍 GAMING WITH ❤️ @Squeex  ❤️ .... and @fuslie  and @Valkyrae  ig !streamergames !secretsauce,351019,6399,202,PT5H8M52S,2026-07-11T03:33:02Z,True,https://i.ytimg.com/vi/FGgzcjFKnC0/hqdefault.jpg,https://www.youtube.com/watch?v=FGgzcjFKnC0
6uBrN7cc1sM,How I cheated my opening pitch...,4639955,121757,1028,PT40S,2026-07-10T04:35:18Z,False,https://i.ytimg.com/vi/6uBrN7cc1sM/hqdefault.jpg,https://www.youtube.com/watch?v=6uBrN7cc1sM
-xqg0P0sxJw,Teamwork makes the dream work,714665,17098,31,PT30S,2026-07-09T07:38:58Z,False,https://i.ytimg.com/vi/-xqg0P0sxJw/hqdefault.jpg,https://www.youtube.com/watch?v=-xqg0P0sxJw
cXuRW0K-14M,LEGO DRAMA ➡️ I GOT MY POKEMON CARDS GRADED !streamergames,210471,2638,95,PT8H44M39S,2026-07-09T04:48:50Z,True,https://i.ytimg.com/vi/cXuRW0K-14M/hqdefault.jpg,https://www.youtube.com/watch?v=cXuRW0K-14M
K6P1Vs2wqlE,There's 2 types of hiders...,298922,6178,24,PT25S,2026-07-07T03:31:30Z,False,https://i.ytimg.com/vi/K6P1Vs2wqlE/hqdefault.jpg,https://www.youtube.com/watch?v=K6P1Vs2wqlE
--f7leBCicQ,Maybe I deserved this…,452794,8486,55,PT22S,2026-07-05T03:34:09Z,False,https://i.ytimg.com/vi/--f7leBCicQ/hqdefault.jpg,https://www.youtube.com/watch?v=--f7leBCicQ
0RGU91JyyYo,🔫 VALORANT TRAINING ARC 🔫,195587,2001,40,PT4H58M11S,2026-07-04T00:12:22Z,True,https://i.ytimg.com/vi/0RGU91JyyYo/hqdefault.jpg,https://www.youtube.com/watch?v=0RGU91JyyYo
PGFDITWoAzY,How I got on the Jumbotron,817121,43062,520,PT1M26S,2026-07-03T09:03:22Z,False,https://i.ytimg.com/vi/PGFDITWoAzY/hqdefault.jpg,https://www.youtube.com/watch?v=PGFDITWoAzY
vKhY-g-YQlU,New spots just dropped…,1504819,34358,61,PT35S,2026-07-03T06:36:01Z,False,https://i.ytimg.com/vi/vKhY-g-YQlU/hqdefault.jpg,https://www.youtube.com/watch?v=vKhY-g-YQlU
fMz-DaSZy24,Your stream ideas suck,592555,18299,474,PT16M35S,2026-07-02T23:40:09Z,False,https://i.ytimg.com/vi/fMz-DaSZy24/hqdefault.jpg,https://www.youtube.com/watch?v=fMz-DaSZy24
ALV7c9qzEkk,🎨HYPER COMPETITIVE MECCHA CHAMELEON LOBBY🎨,261639,3314,81,PT2H50M33S,2026-07-02T22:49:21Z,True,https://i.ytimg.com/vi/ALV7c9qzEkk/hqdefault.jpg,https://www.youtube.com/watch?v=ALV7c9qzEkk
p4imOYDnrZ8,I've learned my lesson,1325254,31763,85,PT28S,2026-07-02T07:26:12Z,False,https://i.ytimg.com/vi/p4imOYDnrZ8/hqdefault.jpg,https://www.youtube.com/watch?v=p4imOYDnrZ8
KxKZs6xU7xg,You guys aren’t ready…,1519968,36130,160,PT24S,2026-07-01T06:44:09Z,False,https://i.ytimg.com/vi/KxKZs6xU7xg/hqdefault.jpg,https://www.youtube.com/watch?v=KxKZs6xU7xg
_-pRM9R3sU0,❤️ TRYING YOUTUBER PRODUCTS WITH MY lover ❤️,198839,3201,134,PT2H49M56S,2026-07-01T00:25:32Z,True,https://i.ytimg.com/vi/_-pRM9R3sU0/hqdefault.jpg,https://www.youtube.com/watch?v=_-pRM9R3sU0
dy2pya3MTj8,HOW GOOD AM I AT STREET FIGHTER REALLY?,114408,1817,79,PT3H2M31S,2026-06-30T05:03:54Z,True,https://i.ytimg.com/vi/dy2pya3MTj8/hqdefault.jpg,https://www.youtube.com/watch?v=dy2pya3MTj8
50VzzmqHU8o,I don’t know where I went wrong…,1534594,42289,126,PT32S,2026-06-30T03:47:17Z,False,https://i.ytimg.com/vi/50VzzmqHU8o/hqdefault.jpg,https://www.youtube.com/watch?v=50VzzmqHU8o
iWkM5kEH9PM,I Forced Artists to Play Meccha Chameleon,3786463,94467,1380,PT24M5S,2026-06-29T04:49:58Z,False,https://i.ytimg.com/vi/iWkM5kEH9PM/hqdefault.jpg,https://www.youtube.com/watch?v=iWkM5kEH9PM
sTjOLxmii8I,It’s on the tip of my tongue…,406395,9086,36,PT41S,2026-06-29T04:13:25Z,False,https://i.ytimg.com/vi/sTjOLxmii8I/hqdefault.jpg,https://www.youtube.com/watch?v=sTjOLxmii8I
gtfg2AIxmFk,Additional is hard…,557839,11625,322,PT35S,2026-06-28T10:37:08Z,False,https://i.ytimg.com/vi/gtfg2AIxmFk/hqdefault.jpg,https://www.youtube.com/watch?v=gtfg2AIxmFk
Hxok7X0l1ZI,🕹️ LIVE WITH RIVALS OF AETHER 2 AT EVO 2026 🕹️,72242,887,16,PT4H2M29S,2026-06-28T05:19:28Z,True,https://i.ytimg.com/vi/Hxok7X0l1ZI/hqdefault.jpg,https://www.youtube.com/watch?v=Hxok7X0l1ZI
_YqjsFgUNbQ,🕹️ FRIDAY NIGHT SHOWDOWN VS TYLER1 🕹️,104129,1743,122,PT2H18M49S,2026-06-27T04:57:04Z,True,https://i.ytimg.com/vi/_YqjsFgUNbQ/hqdefault.jpg,https://www.youtube.com/watch?v=_YqjsFgUNbQ
3Y1Rix7fAsQ,He talked trash and...,803599,30736,254,PT58S,2026-06-27T00:43:16Z,False,https://i.ytimg.com/vi/3Y1Rix7fAsQ/hqdefault.jpg,https://www.youtube.com/watch?v=3Y1Rix7fAsQ
i88NlLi30MM,That's one way to learn who your friends are...,2137765,60137,227,PT52S,2026-06-25T23:05:16Z,False,https://i.ytimg.com/vi/i88NlLi30MM/hqdefault.jpg,https://www.youtube.com/watch?v=i88NlLi30MM
ffCF2BqkCN0,🎨GIANT MECCHA CHAMELEON LOBBY WITH ARTISTS🎨5 PM PT,306684,3806,120,PT4H18M4S,2026-06-25T02:59:57Z,True,https://i.ytimg.com/vi/ffCF2BqkCN0/hqdefault.jpg,https://www.youtube.com/watch?v=ffCF2BqkCN0
w05VCHsXnGs,Playing Steam Games No One Plays,1108571,30016,989,PT28M23S,2026-06-24T15:00:25Z,False,https://i.ytimg.com/vi/w05VCHsXnGs/hqdefault.jpg,https://www.youtube.com/watch?v=w05VCHsXnGs
0B14eK4n9eM,It's at least a close second,2472254,61096,153,PT25S,2026-06-24T07:24:53Z,False,https://i.ytimg.com/vi/0B14eK4n9eM/hqdefault.jpg,https://www.youtube.com/watch?v=0B14eK4n9eM
vSFvrwLrQ3c,There's levels to this...,2598029,57368,209,PT24S,2026-06-23T07:01:29Z,False,https://i.ytimg.com/vi/vSFvrwLrQ3c/hqdefault.jpg,https://www.youtube.com/watch?v=vSFvrwLrQ3c
e-CnqM09umI,SMOSH broke my gameshow,2673241,115955,5202,PT1H51S,2026-06-23T00:23:51Z,False,https://i.ytimg.com/vi/e-CnqM09umI/hqdefault.jpg,https://www.youtube.com/watch?v=e-CnqM09umI
eta742Gvgzg,Maybe I'm a bad person...,719088,15809,61,PT34S,2026-06-22T18:27:02Z,False,https://i.ytimg.com/vi/eta742Gvgzg/hqdefault.jpg,https://www.youtube.com/watch?v=eta742Gvgzg
DYCKgrYN05c,I really thought it’d work…,1680884,37645,86,PT31S,2026-06-22T05:43:17Z,False,https://i.ytimg.com/vi/DYCKgrYN05c/hqdefault.jpg,https://www.youtube.com/watch?v=DYCKgrYN05c
Ggf7HD4GX54,"SEMI FINALS🏅MINECRAFT WORLD CHAMPIONSHIP🏅 Powered by Red Bull, !AT&T,@AlienwareChannel !sweeps",177697,2602,44,PT5H44M55S,2026-06-21T22:08:45Z,True,https://i.ytimg.com/vi/Ggf7HD4GX54/hqdefault.jpg,https://www.youtube.com/watch?v=Ggf7HD4GX54
nZuvPBb8RBQ,The sweats are RUINING this game...,2470561,53839,207,PT35S,2026-06-21T08:49:00Z,False,https://i.ytimg.com/vi/nZuvPBb8RBQ/hqdefault.jpg,https://www.youtube.com/watch?v=nZuvPBb8RBQ
MZdB6y2DuRo,"🏅MINECRAFT MCSR WORLD CHAMPIONSHIP🏅 Red Bull, !AT&T, @AlienwareChannel !sweeps !bracket",263861,2979,75,PT10H24M12S,2026-06-21T02:50:06Z,True,https://i.ytimg.com/vi/MZdB6y2DuRo/hqdefault.jpg,https://www.youtube.com/watch?v=MZdB6y2DuRo
3q0evnPECA0,I don't know how he keeps getting away with it...,323580,5508,28,PT26S,2026-06-20T09:24:32Z,False,https://i.ytimg.com/vi/3q0evnPECA0/hqdefault.jpg,https://www.youtube.com/watch?v=3q0evnPECA0
YAuJcuilFGE,I'm a Hide and Seek Champion,2184174,60171,606,PT24M7S,2026-06-20T03:34:23Z,False,https://i.ytimg.com/vi/YAuJcuilFGE/hqdefault.jpg,https://www.youtube.com/watch?v=YAuJcuilFGE
YqJssAyEgu4,"✨GAMING WITH LESLIE, RAE, AND SQUEEX✨",227608,2791,66,PT4H57M2S,2026-06-20T01:14:22Z,True,https://i.ytimg.com/vi/YqJssAyEgu4/hqdefault.jpg,https://www.youtube.com/watch?v=YqJssAyEgu4
v6qESjPQW50,What gave it away???,607063,8062,32,PT16S,2026-06-19T22:23:09Z,False,https://i.ytimg.com/vi/v6qESjPQW50/hqdefault.jpg,https://www.youtube.com/watch?v=v6qESjPQW50
Gte0ZuQVDE8,I might be blind…,399077,8439,55,PT30S,2026-06-19T08:51:34Z,False,https://i.ytimg.com/vi/Gte0ZuQVDE8/hqdefault.jpg,https://www.youtube.com/watch?v=Gte0ZuQVDE8
IjePyDs02ks,Wikipedia Speedruns are insane,1486845,35893,679,PT27M55S,2026-06-19T01:56:25Z,False,https://i.ytimg.com/vi/IjePyDs02ks/hqdefault.jpg,https://www.youtube.com/watch?v=IjePyDs02ks
pjYD_WNQWlo,🎨BIGGEST MECCHA CHAMELEON LOBBY 🎨,378992,4966,103,PT4H52M46S,2026-06-19T00:45:15Z,True,https://i.ytimg.com/vi/pjYD_WNQWlo/hqdefault.jpg,https://www.youtube.com/watch?v=pjYD_WNQWlo
BoyOENxxfLU,Possibly the best hiding spot i've ever made...,1435386,20907,43,PT20S,2026-06-18T23:34:01Z,False,https://i.ytimg.com/vi/BoyOENxxfLU/hqdefault.jpg,https://www.youtube.com/watch?v=BoyOENxxfLU
D89wINjmWmo,He won’t let me have any fun…,4310799,87639,135,PT19S,2026-06-18T08:32:29Z,False,https://i.ytimg.com/vi/D89wINjmWmo/hqdefault.jpg,https://www.youtube.com/watch?v=D89wINjmWmo
HGlIoPYZwPA,🎮 GOD GAMER GAUNTLET 🎮,142486,1344,46,PT5H23M17S,2026-06-18T04:24:35Z,True,https://i.ytimg.com/vi/HGlIoPYZwPA/hqdefault.jpg,https://www.youtube.com/watch?v=HGlIoPYZwPA
MfMGYbpUsIo,The game will never be the same.,535813,11474,56,PT24S,2026-06-18T03:50:34Z,False,https://i.ytimg.com/vi/MfMGYbpUsIo/hqdefault.jpg,https://www.youtube.com/watch?v=MfMGYbpUsIo
sX8X1aOOX20,🎨 MECCHA CHAMELEON WITH FRIENDS :) 🎨,287363,3892,170,PT5H45M34S,2026-06-17T04:37:22Z,True,https://i.ytimg.com/vi/sX8X1aOOX20/hqdefault.jpg,https://www.youtube.com/watch?v=sX8X1aOOX20
zqRnajytMdI,The most valuable thing I'll ever own...,3684550,70498,648,PT23S,2026-06-16T06:50:07Z,False,https://i.ytimg.com/vi/zqRnajytMdI/hqdefault.jpg,https://www.youtube.com/watch?v=zqRnajytMdI
ksrA59VjnzI,He might be the Lebron of this...,1100314,22888,95,PT25S,2026-06-15T06:31:03Z,False,https://i.ytimg.com/vi/ksrA59VjnzI/hqdefault.jpg,https://www.youtube.com/watch?v=ksrA59VjnzI
W545j9SkCpY,⚠️ BRO V BRO AGAINST A VIEWER ⚠️,124045,1860,57,PT2H15M,2026-06-15T00:50:47Z,True,https://i.ytimg.com/vi/W545j9SkCpY/hqdefault.jpg,https://www.youtube.com/watch?v=W545j9SkCpY
OkqXaDvtUNE,so we're just lying now...,4149586,118834,282,PT25S,2026-06-14T10:18:10Z,False,https://i.ytimg.com/vi/OkqXaDvtUNE/hqdefault.jpg,https://www.youtube.com/watch?v=OkqXaDvtUNE
wwjJ3rxjIgk,⚾UNBAN FORMS⚾REACT⚾GOD GAMER GAUNTLET⚾COOTER GOT HIS FASTBALL BACK⚾,94958,1100,18,PT4H21M36S,2026-06-14T03:37:14Z,True,https://i.ytimg.com/vi/wwjJ3rxjIgk/hqdefault.jpg,https://www.youtube.com/watch?v=wwjJ3rxjIgk
dfgd1hXzoCk,And that's what we call impact,1832849,41060,169,PT28S,2026-06-12T22:54:02Z,False,https://i.ytimg.com/vi/dfgd1hXzoCk/hqdefault.jpg,https://www.youtube.com/watch?v=dfgd1hXzoCk
pPZ2uW0pTPg,We've all got that one friend...,2313302,57711,244,PT25S,2026-06-12T05:37:24Z,False,https://i.ytimg.com/vi/pPZ2uW0pTPg/hqdefault.jpg,https://www.youtube.com/watch?v=pPZ2uW0pTPg
KsYxaU6p8EA,🤏GAMES WITH friends :)🤏COFFEEZILLA REACT🤏NEW GAME DROPPED🤏!ultrapool,173372,1987,74,PT6H5M43S,2026-06-12T01:08:17Z,True,https://i.ytimg.com/vi/KsYxaU6p8EA/hqdefault.jpg,https://www.youtube.com/watch?v=KsYxaU6p8EA
9tc1mvm6K1I,"For some reason I just don't believe him...,",5300253,150397,323,PT33S,2026-06-11T05:23:51Z,False,https://i.ytimg.com/vi/9tc1mvm6K1I/hqdefault.jpg,https://www.youtube.com/watch?v=9tc1mvm6K1I
4uZovliZQTo,🏳️‍🌈 GAMING WITH 🤢️ @fuslie  🤢️ ❤️ @Squeex  ❤️ AND 🤮 @Valkyrae  🤮 🏳️‍🌈  !ultrapool !roadtoempress,196495,2345,74,PT7H8M32S,2026-06-11T05:07:47Z,True,https://i.ytimg.com/vi/4uZovliZQTo/hqdefault.jpg,https://www.youtube.com/watch?v=4uZovliZQTo
9oS6Lt0Hzp0,Bet you didn't think about that possibility huh.,1184242,30178,165,PT26S,2026-06-10T08:33:16Z,False,https://i.ytimg.com/vi/9oS6Lt0Hzp0/hqdefault.jpg,https://www.youtube.com/watch?v=9oS6Lt0Hzp0
BKiwFqV67Bc,The Beat Off 2026,872915,33390,1494,PT55M32S,2026-06-10T06:49:17Z,False,https://i.ytimg.com/vi/BKiwFqV67Bc/hqdefault.jpg,https://www.youtube.com/watch?v=BKiwFqV67Bc
oja_wUOFAz8,🔑1V1 LEAGUE TOURNAMENT FT. tyler1🔑KINGDOM HEARTS 4🔑WOW🔑 !ultrapool !roadtoempress,138573,1221,39,PT6H17M52S,2026-06-10T01:16:41Z,True,https://i.ytimg.com/vi/oja_wUOFAz8/hqdefault.jpg,https://www.youtube.com/watch?v=oja_wUOFAz8
JXaqzKT9YF4,🏃 WIKI RACE DAY 🏃 !ultrapool,131057,1446,28,PT6H7M35S,2026-06-09T04:08:43Z,True,https://i.ytimg.com/vi/JXaqzKT9YF4/hqdefault.jpg,https://www.youtube.com/watch?v=JXaqzKT9YF4
9wxRxZvGSGg,okay hurtful...,3180005,60717,357,PT17S,2026-06-09T03:32:42Z,False,https://i.ytimg.com/vi/9wxRxZvGSGg/hqdefault.jpg,https://www.youtube.com/watch?v=9wxRxZvGSGg
DdQxMVp24uA,you'd think I'd learn my lesson by now,6390343,135290,322,PT26S,2026-06-08T06:49:38Z,False,https://i.ytimg.com/vi/DdQxMVp24uA/hqdefault.jpg,https://www.youtube.com/watch?v=DdQxMVp24uA
YvGVFI4GM8w,💎NEW GAME ANNOUNCEMENT💎GOD GAMER GAUNTLET RUN💎 !ultrapool,106988,1140,19,PT5H28M11S,2026-06-08T00:39:40Z,True,https://i.ytimg.com/vi/YvGVFI4GM8w/hqdefault.jpg,https://www.youtube.com/watch?v=YvGVFI4GM8w
M8FBS73-jCs,Maybe not the best snack choice...,1529068,33917,252,PT22S,2026-06-07T07:00:16Z,False,https://i.ytimg.com/vi/M8FBS73-jCs/hqdefault.jpg,https://www.youtube.com/watch?v=M8FBS73-jCs
q_Xz7XJQz9k,What are friends for ...,772057,13404,82,PT23S,2026-06-06T08:58:53Z,False,https://i.ytimg.com/vi/q_Xz7XJQz9k/hqdefault.jpg,https://www.youtube.com/watch?v=q_Xz7XJQz9k
jSiZX_15Nm0,🎱UNBAN FORMS🎱SUMMER GAME FEST BINGO !ultrapool,125471,1291,31,PT3H58M21S,2026-06-06T00:43:47Z,True,https://i.ytimg.com/vi/jSiZX_15Nm0/hqdefault.jpg,https://www.youtube.com/watch?v=jSiZX_15Nm0
_dOuJnccmGo,The greatest gift I’ve ever received…,1367355,51224,132,PT36S,2026-06-05T07:44:19Z,False,https://i.ytimg.com/vi/_dOuJnccmGo/hqdefault.jpg,https://www.youtube.com/watch?v=_dOuJnccmGo
faGxdusU2mE,🎱FSLR GAMING NIGHT 🎱 WE RELEASED A NEW GAME🎱!ultrapool,198070,2352,45,PT7H6M58S,2026-06-05T05:04:00Z,True,https://i.ytimg.com/vi/faGxdusU2mE/hqdefault.jpg,https://www.youtube.com/watch?v=faGxdusU2mE
PBZiO12DExs,You've either got it or you don't...,503775,10012,100,PT23S,2026-06-05T02:30:51Z,False,https://i.ytimg.com/vi/PBZiO12DExs/hqdefault.jpg,https://www.youtube.com/watch?v=PBZiO12DExs
y_SkfPJJPAg,"The $200,000 Lego Situation is Insane",1042720,29521,1858,PT2H27M17S,2026-06-04T19:00:40Z,False,https://i.ytimg.com/vi/y_SkfPJJPAg/hqdefault.jpg,https://www.youtube.com/watch?v=y_SkfPJJPAg
sQozPfULFRo,Maybe we're getting a bit ahead of ourselves here...,2503002,42658,89,PT20S,2026-06-04T03:14:33Z,False,https://i.ytimg.com/vi/sQozPfULFRo/hqdefault.jpg,https://www.youtube.com/watch?v=sQozPfULFRo
NuHxyfHVQOM,We gotta do something about this…,769057,15818,203,PT23S,2026-06-03T08:25:43Z,False,https://i.ytimg.com/vi/NuHxyfHVQOM/hqdefault.jpg,https://www.youtube.com/watch?v=NuHxyfHVQOM
NLtaqWtQGmg,GOD GAMER GAUNTLET THEN 1V1ING CHAT,112747,1158,29,PT5H20M,2026-06-03T06:16:53Z,True,https://i.ytimg.com/vi/NLtaqWtQGmg/hqdefault.jpg,https://www.youtube.com/watch?v=NLtaqWtQGmg
Xqa4svyIwDw,Confronting My Biggest Hater,1037141,30148,795,PT30M7S,2026-06-03T06:11:08Z,False,https://i.ytimg.com/vi/Xqa4svyIwDw/hqdefault.jpg,https://www.youtube.com/watch?v=Xqa4svyIwDw
Z5EHZeJ98Z0,I’m glad we finally got to talk about it…,3470217,66199,479,PT33S,2026-06-02T07:35:06Z,False,https://i.ytimg.com/vi/Z5EHZeJ98Z0/hqdefault.jpg,https://www.youtube.com/watch?v=Z5EHZeJ98Z0
hez_JWeDdGw,EXPLORING THE DRAMA OF LEGOS,231304,4027,342,PT5H59M31S,2026-06-02T05:33:21Z,True,https://i.ytimg.com/vi/hez_JWeDdGw/hqdefault.jpg,https://www.youtube.com/watch?v=hez_JWeDdGw
utLDF2cjkEU,REACT TIME,102011,931,20,PT3H55M21S,2026-06-01T00:17:12Z,True,https://i.ytimg.com/vi/utLDF2cjkEU/hqdefault.jpg,https://www.youtube.com/watch?v=utLDF2cjkEU
MCFNPlAiWCw,It’s like he’s got a devil on his shoulder,1280933,33058,103,PT34S,2026-05-31T08:14:39Z,False,https://i.ytimg.com/vi/MCFNPlAiWCw/hqdefault.jpg,https://www.youtube.com/watch?v=MCFNPlAiWCw
OcGoDrghi-c,It gets to a point…,159310,4672,32,PT36S,2026-05-30T09:02:36Z,False,https://i.ytimg.com/vi/OcGoDrghi-c/hqdefault.jpg,https://www.youtube.com/watch?v=OcGoDrghi-c
RqqIlNHliSA,GameCube's Hardest Game Almost Broke Me,702166,19185,708,PT33M41S,2026-05-30T05:02:16Z,False,https://i.ytimg.com/vi/RqqIlNHliSA/hqdefault.jpg,https://www.youtube.com/watch?v=RqqIlNHliSA
schum5gzMB0,TODAY WE WIN CS2 💥ATT ANNHILATOR CUP FINALE💥  !Leaderboard !Giveaway,231045,2168,83,PT8H3M31S,2026-05-29T05:11:50Z,True,https://i.ytimg.com/vi/schum5gzMB0/hqdefault.jpg,https://www.youtube.com/watch?v=schum5gzMB0
cBDBtM_9E0k,Finally speaking the truth,492251,7990,77,PT27S,2026-05-28T21:49:57Z,False,https://i.ytimg.com/vi/cBDBtM_9E0k/hqdefault.jpg,https://www.youtube.com/watch?v=cBDBtM_9E0k
Myq6UMno0e4,😈BRAND NEW GAME RELEASE😈CS2 PRACTICE WITH TEAM AFTER😈,101070,1155,27,PT4H2M37S,2026-05-28T05:09:26Z,True,https://i.ytimg.com/vi/Myq6UMno0e4/hqdefault.jpg,https://www.youtube.com/watch?v=Myq6UMno0e4
YZUL-TOCx-A,I finally proved them wrong...,343057,5524,138,PT41S,2026-05-28T03:34:13Z,False,https://i.ytimg.com/vi/YZUL-TOCx-A/hqdefault.jpg,https://www.youtube.com/watch?v=YZUL-TOCx-A
Eua_Sa0J83c,I discovered a secret,169031,3024,48,PT23S,2026-05-27T23:44:50Z,False,https://i.ytimg.com/vi/Eua_Sa0J83c/hqdefault.jpg,https://www.youtube.com/watch?v=Eua_Sa0J83c
PiXh-XVevuI,I guess that’s my fault…,2205234,56749,354,PT34S,2026-05-27T08:04:55Z,False,https://i.ytimg.com/vi/PiXh-XVevuI/hqdefault.jpg,https://www.youtube.com/watch?v=PiXh-XVevuI
wTRq16xEk4Q,HUSTLING DUMB STREAMERS InvincibleVS Available Now! !invincibleVS #sponsored,90859,1235,38,PT2H41M1S,2026-05-27T04:17:14Z,True,https://i.ytimg.com/vi/wTRq16xEk4Q/hqdefault.jpg,https://www.youtube.com/watch?v=wTRq16xEk4Q
OOWdmfRXtyU,My problem with tyler1,636729,15622,142,PT31S,2026-05-27T00:34:29Z,False,https://i.ytimg.com/vi/OOWdmfRXtyU/hqdefault.jpg,https://www.youtube.com/watch?v=OOWdmfRXtyU
WUBGLG7JGFY,Did I just make the song of the summer…?,1739715,46449,417,PT43S,2026-05-26T07:23:33Z,False,https://i.ytimg.com/vi/WUBGLG7JGFY/hqdefault.jpg,https://www.youtube.com/watch?v=WUBGLG7JGFY
sSlCZd2Iwag,🔮SLAY THE SPIRE 2 TOURNAMENT🔮I NEED YOUR HELP PLEASE IM SO ASS🔮,114908,1093,27,PT4H43M28S,2026-05-26T00:54:29Z,True,https://i.ytimg.com/vi/sSlCZd2Iwag/hqdefault.jpg,https://www.youtube.com/watch?v=sSlCZd2Iwag
UoRj36aQ49M,This was just a tough loss all around...,6853608,126785,418,PT16S,2026-05-25T06:52:43Z,False,https://i.ytimg.com/vi/UoRj36aQ49M/hqdefault.jpg,https://www.youtube.com/watch?v=UoRj36aQ49M
x7TjKQx9mFg,"How I Masterfully Won a $50,000 Geoguessr Tournament",1775540,49951,836,PT15M9S,2026-05-25T02:53:31Z,False,https://i.ytimg.com/vi/x7TjKQx9mFg/hqdefault.jpg,https://www.youtube.com/watch?v=x7TjKQx9mFg
074YONYT4Qg,👑MINECRAFT CHAMPIONSHIP LCQ👑ROCKET LEAGUE GRAND FINALS👑,77103,821,8,PT3H33M5S,2026-05-24T18:59:59Z,True,https://i.ytimg.com/vi/074YONYT4Qg/hqdefault.jpg,https://www.youtube.com/watch?v=074YONYT4Qg
XUGwKq7l9Tg,It’s like he doesn’t even care…,1413052,24789,265,PT38S,2026-05-24T07:45:02Z,False,https://i.ytimg.com/vi/XUGwKq7l9Tg/hqdefault.jpg,https://www.youtube.com/watch?v=XUGwKq7l9Tg
7LyO1FUamwU,🕹️GOD GAMER GAUNTLET 🕹️,133755,1434,28,PT5H26M20S,2026-05-23T22:49:15Z,True,https://i.ytimg.com/vi/7LyO1FUamwU/hqdefault.jpg,https://www.youtube.com/watch?v=7LyO1FUamwU
uQG7VbbYxz8,🔊SECOND ANNUAL YARD BEAT OFF🔊TRYING FOR REAL🎶FIRST PLACE GUARENTEED🎶,284235,4688,234,PT6H27M21S,2026-05-23T02:56:44Z,True,https://i.ytimg.com/vi/uQG7VbbYxz8/hqdefault.jpg,https://www.youtube.com/watch?v=uQG7VbbYxz8
_E9ti7N66mk,She called her mom during my gameshow???,764084,18886,369,PT35S,2026-05-22T07:23:42Z,False,https://i.ytimg.com/vi/_E9ti7N66mk/hqdefault.jpg,https://www.youtube.com/watch?v=_E9ti7N66mk
i7wexDmomjU,TODAY WE WIN 2XKO 💥ATT ANNHILATOR CUP💥  !Leaderboard !Giveaway,177458,1824,39,PT6H9M46S,2026-05-22T03:54:03Z,True,https://i.ytimg.com/vi/i7wexDmomjU/hqdefault.jpg,https://www.youtube.com/watch?v=i7wexDmomjU
fiRoPsM4Z20,I thought it was pretty self explanatory…,1852266,49234,296,PT38S,2026-05-21T08:02:33Z,False,https://i.ytimg.com/vi/fiRoPsM4Z20/hqdefault.jpg,https://www.youtube.com/watch?v=fiRoPsM4Z20
G8eoPhBLdQA,Forcing My Haters to Compete on my gameshow,1844359,64150,2864,PT49M46S,2026-05-20T22:17:33Z,False,https://i.ytimg.com/vi/G8eoPhBLdQA/hqdefault.jpg,https://www.youtube.com/watch?v=G8eoPhBLdQA
l1mn-ljt8Bc,UNBAN FORM BINGO💥REACTS💥GOD GAMER GAUNTLET RUNS💥,130542,1385,36,PT6H40M,2026-05-20T06:10:38Z,True,https://i.ytimg.com/vi/l1mn-ljt8Bc/hqdefault.jpg,https://www.youtube.com/watch?v=l1mn-ljt8Bc
_iQKpZvj7UQ,Maybe I shouldn't have lied to him...,17461523,315498,472,PT26S,2026-05-19T07:18:09Z,False,https://i.ytimg.com/vi/_iQKpZvj7UQ/hqdefault.jpg,https://www.youtube.com/watch?v=_iQKpZvj7UQ
FIVCwJnoR84,THE GREATEST FIGHTING GAME EVER MADE! InvincibleVS Available Now! !invincibleVS #sponsored,94824,1170,21,PT3H49M50S,2026-05-19T04:29:12Z,True,https://i.ytimg.com/vi/FIVCwJnoR84/hqdefault.jpg,https://www.youtube.com/watch?v=FIVCwJnoR84
T9xs1sw0Q-w,So maybe that was a bit rude.,2795050,76262,141,PT20S,2026-05-18T10:19:14Z,False,https://i.ytimg.com/vi/T9xs1sw0Q-w/hqdefault.jpg,https://www.youtube.com/watch?v=T9xs1sw0Q-w
wjqV8kO8c5g,FINAL DAY💎MINECRAFT PLAYOFFS ⛏️!minecraft💎,134226,1636,34,PT5H58M10S,2026-05-17T21:22:58Z,True,https://i.ytimg.com/vi/wjqV8kO8c5g/hqdefault.jpg,https://www.youtube.com/watch?v=wjqV8kO8c5g
IaUyu0zglSc,No mercy.,607149,11374,77,PT18S,2026-05-17T07:53:57Z,False,https://i.ytimg.com/vi/IaUyu0zglSc/hqdefault.jpg,https://www.youtube.com/watch?v=IaUyu0zglSc
sHzIrx3m5jw,Do Pro Gamers Have Good Aim IRL?,731668,24962,701,PT17M29S,2026-05-17T05:50:28Z,False,https://i.ytimg.com/vi/sHzIrx3m5jw/hqdefault.jpg,https://www.youtube.com/watch?v=sHzIrx3m5jw
nZ3BpZg_sgg,"TOP 8 | PIT STOP 2026 | RIVALS 2 $5,000 TOURNAMENT",28001,280,4,PT2H34M24S,2026-05-17T04:03:49Z,True,https://i.ytimg.com/vi/nZ3BpZg_sgg/hqdefault.jpg,https://www.youtube.com/watch?v=nZ3BpZg_sgg
hCUX1PF8Mvw,"PIT STOP 2026 | RIVALS 2 $5,000 TOURNAMENT",134956,1438,18,PT10H4M38S,2026-05-17T01:44:03Z,True,https://i.ytimg.com/vi/hCUX1PF8Mvw/hqdefault.jpg,https://www.youtube.com/watch?v=hCUX1PF8Mvw
2HEpAePeM-4,GAMES WITH friends :),201394,1701,43,PT11H37M,2026-05-16T07:18:41Z,True,https://i.ytimg.com/vi/2HEpAePeM-4/hqdefault.jpg,https://www.youtube.com/watch?v=2HEpAePeM-4
ovGkbc1xJBE,She fooled me...,7980834,240590,618,PT23S,2026-05-16T07:12:42Z,False,https://i.ytimg.com/vi/ovGkbc1xJBE/hqdefault.jpg,https://www.youtube.com/watch?v=ovGkbc1xJBE
bQGsos85-3Y,GAMES WITH friends :) 2,36114,597,26,PT7M39S,2026-05-16T06:55:43Z,True,https://i.ytimg.com/vi/bQGsos85-3Y/hqdefault.jpg,https://www.youtube.com/watch?v=bQGsos85-3Y
w-rkrhwKSsM,I messed up....,4869567,123775,804,PT31S,2026-05-15T08:39:28Z,False,https://i.ytimg.com/vi/w-rkrhwKSsM/hqdefault.jpg,https://www.youtube.com/watch?v=w-rkrhwKSsM
DtYMMpyMzzU,💪GAME DAY💪AT&T ANNIHILATOR CUP 💪WINNING THE LEAGUE OF LEGENDS TOURNAMENT💪 !Leaderboard !Giveaway,225505,2242,89,PT6H26M22S,2026-05-15T04:00:57Z,True,https://i.ytimg.com/vi/DtYMMpyMzzU/hqdefault.jpg,https://www.youtube.com/watch?v=DtYMMpyMzzU
_jmmbPIGvz4,Sometimes you need to take a leap of faith,641089,15362,61,PT45S,2026-05-14T08:13:50Z,False,https://i.ytimg.com/vi/_jmmbPIGvz4/hqdefault.jpg,https://www.youtube.com/watch?v=_jmmbPIGvz4
a5IAECZ4hl0,"IM BACK! PLATINUM LEVEL REACTOR, GAMER, ENTREPRENEUR GETTING ACTIVE",112805,1272,28,PT5H21M37S,2026-05-14T07:18:54Z,True,https://i.ytimg.com/vi/a5IAECZ4hl0/hqdefault.jpg,https://www.youtube.com/watch?v=a5IAECZ4hl0
Viha0ehEu_I,I immediately blew it,668349,18179,61,PT21S,2026-05-12T07:11:54Z,False,https://i.ytimg.com/vi/Viha0ehEu_I/hqdefault.jpg,https://www.youtube.com/watch?v=Viha0ehEu_I
IJ6f0o4p7Kw,"[DROPS ON]💰$1,000,000 JYNXZI LEAGUE OF LEGENDS TOURNAMENT 💰 PLATINUM LEGEND MAKES HIS RETURN 💰",250418,2050,52,PT6H46M13S,2026-05-12T03:57:59Z,True,https://i.ytimg.com/vi/IJ6f0o4p7Kw/hqdefault.jpg,https://www.youtube.com/watch?v=IJ6f0o4p7Kw
xKrJ76jwnJE,I might need some help with this…,1001676,23182,198,PT23S,2026-05-11T07:32:36Z,False,https://i.ytimg.com/vi/xKrJ76jwnJE/hqdefault.jpg,https://www.youtube.com/watch?v=xKrJ76jwnJE
mo6Vse2iDac,💎MINECRAFT PLAYOFFS ⛏️HIGH LEVEL COMMENTARY💎,115208,1235,18,PT3H59M8S,2026-05-10T20:09:13Z,True,https://i.ytimg.com/vi/mo6Vse2iDac/hqdefault.jpg,https://www.youtube.com/watch?v=mo6Vse2iDac
jRTivF22MW8,LilyPichu is ruining my life,553479,11398,180,PT18S,2026-05-09T20:50:52Z,False,https://i.ytimg.com/vi/jRTivF22MW8/hqdefault.jpg,https://www.youtube.com/watch?v=jRTivF22MW8
YS2Iv5Dv83g,MINECRAFT PLAYOFFS WATCHPARTY (HATING WHEN NECESSARY),113292,1443,36,PT3H37M31S,2026-05-09T20:36:31Z,True,https://i.ytimg.com/vi/YS2Iv5Dv83g/hqdefault.jpg,https://www.youtube.com/watch?v=YS2Iv5Dv83g
Pfeyc2EjMNo,Crossing Los Angeles With No Car (it's weirdly hard),1477494,55917,2914,PT27M2S,2026-05-09T07:07:06Z,False,https://i.ytimg.com/vi/Pfeyc2EjMNo/hqdefault.jpg,https://www.youtube.com/watch?v=Pfeyc2EjMNo
83iSVLbVafU,"AT&T ANNIHILATOR CUP !Giveaway | COD BLACK OPS 7 !Leaderboard SQUAD: Squeex, Fuslie, Scump, Lily",148684,1819,155,PT4H4M49S,2026-05-08T02:50:53Z,True,https://i.ytimg.com/vi/83iSVLbVafU/hqdefault.jpg,https://www.youtube.com/watch?v=83iSVLbVafU
ZaNd2rcUIXE,They were too confident...,3481147,79546,581,PT59S,2026-05-06T07:56:12Z,False,https://i.ytimg.com/vi/ZaNd2rcUIXE/hqdefault.jpg,https://www.youtube.com/watch?v=ZaNd2rcUIXE
ZMB9BiW9vfI,We had motion in China...,1587760,39005,198,PT24S,2026-05-05T07:35:21Z,False,https://i.ytimg.com/vi/ZMB9BiW9vfI/hqdefault.jpg,https://www.youtube.com/watch?v=ZMB9BiW9vfI
vrsN5OCG6bg,Streaming is different now...,1546953,31112,109,PT22S,2026-05-04T20:53:18Z,False,https://i.ytimg.com/vi/vrsN5OCG6bg/hqdefault.jpg,https://www.youtube.com/watch?v=vrsN5OCG6bg
YD2fN8fzf3E,Almost failed the skill check...,10066282,221676,570,PT25S,2026-05-03T09:22:52Z,False,https://i.ytimg.com/vi/YD2fN8fzf3E/hqdefault.jpg,https://www.youtube.com/watch?v=YD2fN8fzf3E
uFa0-37xevU,RIVALS 2 TOURNAMENT ! WINNER POV,164655,1507,17,PT8H5M56S,2026-05-02T03:29:55Z,True,https://i.ytimg.com/vi/uFa0-37xevU/hqdefault.jpg,https://www.youtube.com/watch?v=uFa0-37xevU
uHp-yvjs2-E,This is what I get for being multilingual...,7810067,199328,515,PT29S,2026-05-01T07:46:29Z,False,https://i.ytimg.com/vi/uHp-yvjs2-E/hqdefault.jpg,https://www.youtube.com/watch?v=uHp-yvjs2-E
lDFM9-grV_c,BIG DAY IM BACK,142340,1596,61,PT5H13M24S,2026-05-01T02:37:53Z,True,https://i.ytimg.com/vi/lDFM9-grV_c/hqdefault.jpg,https://www.youtube.com/watch?v=lDFM9-grV_c
rVGbELFNEUc,I think I mispoke...,2186821,70370,326,PT55S,2026-04-30T08:02:12Z,False,https://i.ytimg.com/vi/rVGbELFNEUc/hqdefault.jpg,https://www.youtube.com/watch?v=rVGbELFNEUc
K1p3HLP8MoM,and thats why I wont get one.,2112322,49468,720,PT25S,2026-04-29T08:28:02Z,False,https://i.ytimg.com/vi/K1p3HLP8MoM/hqdefault.jpg,https://www.youtube.com/watch?v=K1p3HLP8MoM
4nlimQl-_yA,what ACTUALLY happened during Tip2Tip,1058885,24189,817,PT1H59M18S,2026-04-29T04:27:37Z,False,https://i.ytimg.com/vi/4nlimQl-_yA/hqdefault.jpg,https://www.youtube.com/watch?v=4nlimQl-_yA
DqIIyxGcvWM,Couldn’t be me tbh.,4088899,125469,846,PT47S,2026-04-28T07:51:53Z,False,https://i.ytimg.com/vi/DqIIyxGcvWM/hqdefault.jpg,https://www.youtube.com/watch?v=DqIIyxGcvWM
sctAvOu-250,not a podcast ft. fslr,352645,7718,283,PT1H34M35S,2026-04-28T01:42:56Z,True,https://i.ytimg.com/vi/sctAvOu-250/hqdefault.jpg,https://www.youtube.com/watch?v=sctAvOu-250
vV5x52PbiCY,She just doesn't get it,2238027,52930,432,PT31S,2026-04-27T09:43:19Z,False,https://i.ytimg.com/vi/vV5x52PbiCY/hqdefault.jpg,https://www.youtube.com/watch?v=vV5x52PbiCY
B6HfVZmAQ0w,"THE CS MINOR (18+) Powered by Red Bull, !AT&T, !Alienware",457877,6483,264,PT8H54M45S,2026-04-27T04:23:46Z,True,https://i.ytimg.com/vi/B6HfVZmAQ0w/hqdefault.jpg,https://www.youtube.com/watch?v=B6HfVZmAQ0w
yT-yiPP6S38,I think I know what I'm talking about...,8457655,230244,875,PT48S,2026-04-26T09:23:16Z,False,https://i.ytimg.com/vi/yT-yiPP6S38/hqdefault.jpg,https://www.youtube.com/watch?v=yT-yiPP6S38
2tiI53rlDT0,practicing with my cs squad :),134541,1422,49,PT5H49M3S,2026-04-26T04:03:38Z,True,https://i.ytimg.com/vi/2tiI53rlDT0/hqdefault.jpg,https://www.youtube.com/watch?v=2tiI53rlDT0
U_tNTCQ7ou4,big news,270701,5444,136,PT26S,2026-04-25T02:51:17Z,False,https://i.ytimg.com/vi/U_tNTCQ7ou4/hqdefault.jpg,https://www.youtube.com/watch?v=U_tNTCQ7ou4
qN0HIJP8fD0,🗺️ GEOGUESSR TWITCH RIVALS TOURNAMENT WITH @Caedrel  🗺️,168798,2390,67,PT5H28M21S,2026-04-25T02:19:11Z,True,https://i.ytimg.com/vi/qN0HIJP8fD0/hqdefault.jpg,https://www.youtube.com/watch?v=qN0HIJP8fD0
vq40OHidi7Y,"No it’s fine, we just missed out on the memory of a lifetime or whatever",2865320,75573,249,PT28S,2026-04-23T07:52:33Z,False,https://i.ytimg.com/vi/vq40OHidi7Y/hqdefault.jpg,https://www.youtube.com/watch?v=vq40OHidi7Y
MsIwu4FE7Ms,You had to be there…,814163,19467,109,PT40S,2026-04-22T06:30:52Z,False,https://i.ytimg.com/vi/MsIwu4FE7Ms/hqdefault.jpg,https://www.youtube.com/watch?v=MsIwu4FE7Ms
25RR77DoIuI,I didn’t think it was that tough…,800601,13644,202,PT38S,2026-04-21T08:34:36Z,False,https://i.ytimg.com/vi/25RR77DoIuI/hqdefault.jpg,https://www.youtube.com/watch?v=25RR77DoIuI
-7TfJ4r4_p8,We finally watched Tip2Tip,1560572,39601,887,PT1H29M38S,2026-04-21T06:38:31Z,False,https://i.ytimg.com/vi/-7TfJ4r4_p8/hqdefault.jpg,https://www.youtube.com/watch?v=-7TfJ4r4_p8
qO2nK8qxUkI,FINAL TIP2TIP REACT STREAM FT. Niu Hanbau and P*$$y Burger,663857,8367,344,PT7H7M9S,2026-04-21T04:01:50Z,True,https://i.ytimg.com/vi/qO2nK8qxUkI/hqdefault.jpg,https://www.youtube.com/watch?v=qO2nK8qxUkI
b35SCrT07G0,"He's ruining my gameshow.,..",336965,5969,121,PT42S,2026-04-20T07:21:17Z,False,https://i.ytimg.com/vi/b35SCrT07G0/hqdefault.jpg,https://www.youtube.com/watch?v=b35SCrT07G0
czI3eFPflxs,10 MINUTES LEFT!!! 😱😱😱,155166,1879,50,PT5H19M5S,2026-04-20T06:22:20Z,True,https://i.ytimg.com/vi/czI3eFPflxs/hqdefault.jpg,https://www.youtube.com/watch?v=czI3eFPflxs
h6yLyQQhz-k,WATCHING SHOPIFY REBELLION TEAR UP THE RIFT | EARLY STREAM LAST DAY OF THE CHARITY RAFFLE !auction,90636,1044,18,PT5H34S,2026-04-19T21:52:21Z,True,https://i.ytimg.com/vi/h6yLyQQhz-k/hqdefault.jpg,https://www.youtube.com/watch?v=h6yLyQQhz-k
krb7e_pM6eM,What are we even doing here man…,697567,14338,187,PT31S,2026-04-19T07:10:01Z,False,https://i.ytimg.com/vi/krb7e_pM6eM/hqdefault.jpg,https://www.youtube.com/watch?v=krb7e_pM6eM
HAOqLAK7TKA,WINNERS POV | 800 PERSON RIVALS 2 TOURNAMENT !demonbluff !clippers !evo,104441,913,13,PT8H21M2S,2026-04-19T04:43:40Z,True,https://i.ytimg.com/vi/HAOqLAK7TKA/hqdefault.jpg,https://www.youtube.com/watch?v=HAOqLAK7TKA
CBdLJFXv_lA,I think that still counts,413219,5244,70,PT19S,2026-04-18T07:14:07Z,False,https://i.ytimg.com/vi/CBdLJFXv_lA/hqdefault.jpg,https://www.youtube.com/watch?v=CBdLJFXv_lA
Tpk0U6bHDRI,I Forced Twitch's Dumbest Streamers to Compete in my Gameshow,2540088,75838,4392,PT58M33S,2026-04-18T01:32:29Z,False,https://i.ytimg.com/vi/Tpk0U6bHDRI/hqdefault.jpg,https://www.youtube.com/watch?v=Tpk0U6bHDRI
V3NNjZml3DQ,slaying spires !demonbluff !clippers !redbullbossrush,121297,1240,24,PT5H27M19S,2026-04-18T00:23:33Z,True,https://i.ytimg.com/vi/V3NNjZml3DQ/hqdefault.jpg,https://www.youtube.com/watch?v=V3NNjZml3DQ
NIF43BR5y8o,It’s harder than it looks…,4411495,141163,612,PT37S,2026-04-17T08:01:15Z,False,https://i.ytimg.com/vi/NIF43BR5y8o/hqdefault.jpg,https://www.youtube.com/watch?v=NIF43BR5y8o
DQU71wqqkSE,REACTING TO WIFIES MINECRAFT VIDEO !clippers !demonbluff,168547,2354,143,PT2H58M44S,2026-04-17T05:44:47Z,True,https://i.ytimg.com/vi/DQU71wqqkSE/hqdefault.jpg,https://www.youtube.com/watch?v=DQU71wqqkSE
e_N6-SP7Vxc,I’m not even sure who they built this for…,117044,3500,27,PT27S,2026-04-16T10:03:54Z,False,https://i.ytimg.com/vi/e_N6-SP7Vxc/hqdefault.jpg,https://www.youtube.com/watch?v=e_N6-SP7Vxc
jmurSU6Lf3s,we got kicked out of China,1431043,68807,2948,PT38M55S,2026-04-15T15:30:34Z,False,https://i.ytimg.com/vi/jmurSU6Lf3s/hqdefault.jpg,https://www.youtube.com/watch?v=jmurSU6Lf3s
oZRTmeKoGmI,I told you i was fluent in Chinese.,1944237,53461,284,PT55S,2026-04-15T11:11:51Z,False,https://i.ytimg.com/vi/oZRTmeKoGmI/hqdefault.jpg,https://www.youtube.com/watch?v=oZRTmeKoGmI
FloQpBAOG5Q,REACTING TO TIP2TIP WITH MICHAEL AGAIN,798306,11167,363,PT7H5M24S,2026-04-15T02:40:01Z,True,https://i.ytimg.com/vi/FloQpBAOG5Q/hqdefault.jpg,https://www.youtube.com/watch?v=FloQpBAOG5Q
p4LAiIH90jc,How Ludwig got his ult,1256671,26818,293,PT35S,2026-04-14T07:35:31Z,False,https://i.ytimg.com/vi/p4LAiIH90jc/hqdefault.jpg,https://www.youtube.com/watch?v=p4LAiIH90jc
ciARzLrxGH8,I really thought I was speaking fluent…,1270488,32851,229,PT24S,2026-04-14T01:25:19Z,False,https://i.ytimg.com/vi/ciARzLrxGH8/hqdefault.jpg,https://www.youtube.com/watch?v=ciARzLrxGH8
HBGUdeb2WPA,FIGURING OUT WHERE WE SHOULD DO TIP3TIP,280272,4000,1182,PT1H59M55S,2026-04-13T03:13:19Z,True,https://i.ytimg.com/vi/HBGUdeb2WPA/hqdefault.jpg,https://www.youtube.com/watch?v=HBGUdeb2WPA
_p2FuVIIyiI,How I Scammed MrBeast Again,877034,27273,882,PT39M49S,2026-04-13T02:29:47Z,False,https://i.ytimg.com/vi/_p2FuVIIyiI/hqdefault.jpg,https://www.youtube.com/watch?v=_p2FuVIIyiI
7ykDMLSe1lM,it's not actually that bad is it,6067933,102696,498,PT16S,2026-04-12T07:34:42Z,False,https://i.ytimg.com/vi/7ykDMLSe1lM/hqdefault.jpg,https://www.youtube.com/watch?v=7ykDMLSe1lM
a-zVMDPOVQo,I hope I don't regret this,1474890,43687,167,PT18S,2026-04-11T06:16:42Z,False,https://i.ytimg.com/vi/a-zVMDPOVQo/hqdefault.jpg,https://www.youtube.com/watch?v=a-zVMDPOVQo
LTP0NjPrXv0,TIP2TIP REACT STREAM FT. Niu Hanbau and P*$$y Burger !auction !VS,1502849,25127,776,PT7H3M24S,2026-04-11T06:06:26Z,True,https://i.ytimg.com/vi/LTP0NjPrXv0/hqdefault.jpg,https://www.youtube.com/watch?v=LTP0NjPrXv0
xzmwEIIQTa4,He's just too cool,958672,22931,303,PT23S,2026-04-10T07:00:39Z,False,https://i.ytimg.com/vi/xzmwEIIQTa4/hqdefault.jpg,https://www.youtube.com/watch?v=xzmwEIIQTa4
kX8nTWFXxpI,I tried my best,1091234,25378,163,PT27S,2026-04-09T01:46:17Z,False,https://i.ytimg.com/vi/kX8nTWFXxpI/hqdefault.jpg,https://www.youtube.com/watch?v=kX8nTWFXxpI
GfqOCLJyTr0,We met the best English speaker in China...,1690031,58831,613,PT33S,2026-04-08T06:18:58Z,False,https://i.ytimg.com/vi/GfqOCLJyTr0/hqdefault.jpg,https://www.youtube.com/watch?v=GfqOCLJyTr0
QmhskSqnWa8,We Crossed China With No Map,1436220,109984,7667,PT29M7S,2026-04-07T22:58:15Z,False,https://i.ytimg.com/vi/QmhskSqnWa8/hqdefault.jpg,https://www.youtube.com/watch?v=QmhskSqnWa8
qiz6UFy2MmY,I just thought it'd be bigger...,2613797,65783,243,PT35S,2026-04-07T16:44:49Z,False,https://i.ytimg.com/vi/qiz6UFy2MmY/hqdefault.jpg,https://www.youtube.com/watch?v=qiz6UFy2MmY
0jA3LFUusIY,Michael discovers an infinite money glitch,4203766,119696,1467,PT28S,2026-04-07T04:43:44Z,False,https://i.ytimg.com/vi/0jA3LFUusIY/hqdefault.jpg,https://www.youtube.com/watch?v=0jA3LFUusIY
AuCUZ9bSbao,we got lost in China,1628529,71495,3517,PT46M46S,2026-04-06T20:31:25Z,False,https://i.ytimg.com/vi/AuCUZ9bSbao/hqdefault.jpg,https://www.youtube.com/watch?v=AuCUZ9bSbao
8dkEdEXecMs,MrBeast has too much money...,5051547,143598,470,PT37S,2026-04-06T05:49:51Z,False,https://i.ytimg.com/vi/8dkEdEXecMs/hqdefault.jpg,https://www.youtube.com/watch?v=8dkEdEXecMs
bIH0v-jbE0A,Michael wastes his ult,3196306,104765,375,PT19S,2026-04-06T00:27:41Z,False,https://i.ytimg.com/vi/bIH0v-jbE0A/hqdefault.jpg,https://www.youtube.com/watch?v=bIH0v-jbE0A
1NP6mmSp0QY,REACTING TO MRBEAST LIVE !briefcase !china,498354,6754,211,PT4H54M52S,2026-04-05T20:00:45Z,True,https://i.ytimg.com/vi/1NP6mmSp0QY/hqdefault.jpg,https://www.youtube.com/watch?v=1NP6mmSp0QY
VddSkJ5LxHQ,we went on a date,1672240,75224,2904,PT49M40S,2026-04-05T19:42:11Z,False,https://i.ytimg.com/vi/VddSkJ5LxHQ/hqdefault.jpg,https://www.youtube.com/watch?v=VddSkJ5LxHQ
aDkVwvpkx94,REACTING TO MRBEAST LIVE !briefcase !china,51137,551,17,PT47M5S,2026-04-05T16:50:57Z,True,https://i.ytimg.com/vi/aDkVwvpkx94/hqdefault.jpg,https://www.youtube.com/watch?v=aDkVwvpkx94
h5AvTPdd-24,Ludwig befriends a child in China,5336437,190764,701,PT32S,2026-04-05T06:12:37Z,False,https://i.ytimg.com/vi/h5AvTPdd-24/hqdefault.jpg,https://www.youtube.com/watch?v=h5AvTPdd-24
Al8lWmEc_XI,we joined a Chinese biker gang,1692337,69474,3077,PT45M17S,2026-04-04T22:20:44Z,False,https://i.ytimg.com/vi/Al8lWmEc_XI/hqdefault.jpg,https://www.youtube.com/watch?v=Al8lWmEc_XI
bPtJ9zMgFAA,I'm doing my part,1017871,29368,289,PT26S,2026-04-04T19:37:00Z,False,https://i.ytimg.com/vi/bPtJ9zMgFAA/hqdefault.jpg,https://www.youtube.com/watch?v=bPtJ9zMgFAA
M-bijSvr6Go,we were led astray...,451465,10573,44,PT31S,2026-04-04T07:27:37Z,False,https://i.ytimg.com/vi/M-bijSvr6Go/hqdefault.jpg,https://www.youtube.com/watch?v=M-bijSvr6Go
UhQvzduMOyU,Ludwig finds his big brother in China,516755,13987,121,PT19S,2026-04-04T01:35:56Z,False,https://i.ytimg.com/vi/UhQvzduMOyU/hqdefault.jpg,https://www.youtube.com/watch?v=UhQvzduMOyU
PAJ3B42tp10,best meal we’ve had in China,1760563,78151,3787,PT40M45S,2026-04-03T22:49:56Z,False,https://i.ytimg.com/vi/PAJ3B42tp10/hqdefault.jpg,https://www.youtube.com/watch?v=PAJ3B42tp10
dMS__LoWM7M,Ludwig is a professional negotiator,3215604,89857,943,PT23S,2026-04-03T01:00:27Z,False,https://i.ytimg.com/vi/dMS__LoWM7M/hqdefault.jpg,https://www.youtube.com/watch?v=dMS__LoWM7M
4UPYWw7wU_4,driving on China’s worst road,1754723,73432,3258,PT43M25S,2026-04-02T23:23:08Z,False,https://i.ytimg.com/vi/4UPYWw7wU_4/hqdefault.jpg,https://www.youtube.com/watch?v=4UPYWw7wU_4
8TcKGqYKb9A,Ludwig doesn't understand,995689,21575,91,PT14S,2026-04-02T18:16:40Z,False,https://i.ytimg.com/vi/8TcKGqYKb9A/hqdefault.jpg,https://www.youtube.com/watch?v=8TcKGqYKb9A
eXFFx6xFSFE,Michael owes Ludwig his life...,2639575,69481,257,PT33S,2026-04-02T07:54:55Z,False,https://i.ytimg.com/vi/eXFFx6xFSFE/hqdefault.jpg,https://www.youtube.com/watch?v=eXFFx6xFSFE
FByXghSy4gc,Ludwig haggles in perfect Chinese,1571145,47803,644,PT45S,2026-04-01T21:34:32Z,False,https://i.ytimg.com/vi/FByXghSy4gc/hqdefault.jpg,https://www.youtube.com/watch?v=FByXghSy4gc
-kEZicGTeoA,white guy haggles in perfect Chinese,1899854,84431,5304,PT42M57S,2026-04-01T17:22:16Z,False,https://i.ytimg.com/vi/-kEZicGTeoA/hqdefault.jpg,https://www.youtube.com/watch?v=-kEZicGTeoA
3ZXem7lmsb0,Ludwig and Michael are hopeless...,3992625,114407,692,PT33S,2026-04-01T06:15:12Z,False,https://i.ytimg.com/vi/3ZXem7lmsb0/hqdefault.jpg,https://www.youtube.com/watch?v=3ZXem7lmsb0
XahIOQzk4qM,Ludwig gets michael a special treat…,1325335,31467,225,PT32S,2026-03-31T18:00:16Z,False,https://i.ytimg.com/vi/XahIOQzk4qM/hqdefault.jpg,https://www.youtube.com/watch?v=XahIOQzk4qM
C2Spt9abaGw,Ludwig and Michael learn some Mandarin,13319554,411866,1090,PT20S,2026-03-31T07:56:27Z,False,https://i.ytimg.com/vi/C2Spt9abaGw/hqdefault.jpg,https://www.youtube.com/watch?v=C2Spt9abaGw
IkTqiTdOkS4,we tried every Chinese snack,2183392,84403,4773,PT38M31S,2026-03-30T18:05:38Z,False,https://i.ytimg.com/vi/IkTqiTdOkS4/hqdefault.jpg,https://www.youtube.com/watch?v=IkTqiTdOkS4
718lgLkJsBc,Michael has a special surprise...,861251,23638,174,PT19S,2026-03-30T08:52:06Z,False,https://i.ytimg.com/vi/718lgLkJsBc/hqdefault.jpg,https://www.youtube.com/watch?v=718lgLkJsBc
nfsDHHW18es,Ludwig ruins everything,1020465,27028,189,PT10S,2026-03-30T04:33:31Z,False,https://i.ytimg.com/vi/nfsDHHW18es/hqdefault.jpg,https://www.youtube.com/watch?v=nfsDHHW18es
0Kl9KHYZddM,we might have to leave China,1864032,82028,3559,PT28M15S,2026-03-29T16:49:46Z,False,https://i.ytimg.com/vi/0Kl9KHYZddM/hqdefault.jpg,https://www.youtube.com/watch?v=0Kl9KHYZddM
ugvJ-0bJtBM,I needed this confidence boost…,1695147,37678,214,PT18S,2026-03-29T03:26:32Z,False,https://i.ytimg.com/vi/ugvJ-0bJtBM/hqdefault.jpg,https://www.youtube.com/watch?v=ugvJ-0bJtBM
LFe7wewoZvU,we found a shortcut through China,1748943,80068,4189,PT26M5S,2026-03-28T17:15:34Z,False,https://i.ytimg.com/vi/LFe7wewoZvU/hqdefault.jpg,https://www.youtube.com/watch?v=LFe7wewoZvU
04T3LBrEYUI,I thought it would be easy,4258482,95491,283,PT22S,2026-03-28T09:52:59Z,False,https://i.ytimg.com/vi/04T3LBrEYUI/hqdefault.jpg,https://www.youtube.com/watch?v=04T3LBrEYUI
u8kj5uwfbUE,we adopted Chinese kids,1994888,98302,4533,PT36M37S,2026-03-27T17:40:45Z,False,https://i.ytimg.com/vi/u8kj5uwfbUE/hqdefault.jpg,https://www.youtube.com/watch?v=u8kj5uwfbUE
w8BJmf0Zcao,Why does this keep happening...,7335278,153494,799,PT17S,2026-03-27T07:18:09Z,False,https://i.ytimg.com/vi/w8BJmf0Zcao/hqdefault.jpg,https://www.youtube.com/watch?v=w8BJmf0Zcao
bjymP2RpESE,Chinese Mayor invites us to his home,2315308,121257,6263,PT36M58S,2026-03-26T17:51:33Z,False,https://i.ytimg.com/vi/bjymP2RpESE/hqdefault.jpg,https://www.youtube.com/watch?v=bjymP2RpESE
sgl5t4tDpT8,Ludwig and Michael might be hopeless.,1410214,29714,203,PT27S,2026-03-26T06:24:59Z,False,https://i.ytimg.com/vi/sgl5t4tDpT8/hqdefault.jpg,https://www.youtube.com/watch?v=sgl5t4tDpT8
J4QE73WfqWU,we got separated,2064327,93692,4502,PT29M45S,2026-03-25T16:24:05Z,False,https://i.ytimg.com/vi/J4QE73WfqWU/hqdefault.jpg,https://www.youtube.com/watch?v=J4QE73WfqWU
Uo4caqsgPzM,We don't even know how to read the MENU...,8633022,217915,643,PT25S,2026-03-25T08:11:09Z,False,https://i.ytimg.com/vi/Uo4caqsgPzM/hqdefault.jpg,https://www.youtube.com/watch?v=Uo4caqsgPzM
rm0u1isPEME,Pulled over in China,2186506,99445,4020,PT29M28S,2026-03-24T15:51:00Z,False,https://i.ytimg.com/vi/rm0u1isPEME/hqdefault.jpg,https://www.youtube.com/watch?v=rm0u1isPEME
u2I2mDbg92E,Making friends in China is HARD,1352890,27213,160,PT16S,2026-03-24T07:42:57Z,False,https://i.ytimg.com/vi/u2I2mDbg92E/hqdefault.jpg,https://www.youtube.com/watch?v=u2I2mDbg92E
98ncYUOPSHk,We picked up a hitchhiker,2496482,121829,6004,PT33M28S,2026-03-23T16:17:54Z,False,https://i.ytimg.com/vi/98ncYUOPSHk/hqdefault.jpg,https://www.youtube.com/watch?v=98ncYUOPSHk
fNEC1B3GzDs,Our China trip is going great...,481059,12781,129,PT32S,2026-03-23T08:37:03Z,False,https://i.ytimg.com/vi/fNEC1B3GzDs/hqdefault.jpg,https://www.youtube.com/watch?v=fNEC1B3GzDs
Ifbzdo1PBtQ,Trying the biggest coffee chain in China,1098793,33867,211,PT47S,2026-03-22T08:39:30Z,False,https://i.ytimg.com/vi/Ifbzdo1PBtQ/hqdefault.jpg,https://www.youtube.com/watch?v=Ifbzdo1PBtQ
_41P6UrwQKY,Crossing China with no map,4628801,182055,8478,PT41M30S,2026-03-22T03:23:52Z,False,https://i.ytimg.com/vi/_41P6UrwQKY/hqdefault.jpg,https://www.youtube.com/watch?v=_41P6UrwQKY
43PhATWd80g,Name a woman…,900305,15540,123,PT44S,2026-03-21T06:20:47Z,False,https://i.ytimg.com/vi/43PhATWd80g/hqdefault.jpg,https://www.youtube.com/watch?v=43PhATWd80g
4aRj4rAnfXQ,They’re RUINING my gameshow…,578033,12334,106,PT40S,2026-03-20T09:20:42Z,False,https://i.ytimg.com/vi/4aRj4rAnfXQ/hqdefault.jpg,https://www.youtube.com/watch?v=4aRj4rAnfXQ
lD6Kya-r2VY,These new streamers need to go,1218312,29330,907,PT31M12S,2026-03-20T06:37:02Z,False,https://i.ytimg.com/vi/lD6Kya-r2VY/hqdefault.jpg,https://www.youtube.com/watch?v=lD6Kya-r2VY
Cv0DXomEGDA,Can you guess the word??,519180,10784,113,PT1M3S,2026-03-19T08:30:11Z,False,https://i.ytimg.com/vi/Cv0DXomEGDA/hqdefault.jpg,https://www.youtube.com/watch?v=Cv0DXomEGDA
cmozUlMv4jc,My best friends ruined my gameshow,1756905,58432,2615,PT1H8M55S,2026-03-19T06:19:15Z,False,https://i.ytimg.com/vi/cmozUlMv4jc/hqdefault.jpg,https://www.youtube.com/watch?v=cmozUlMv4jc
Ekw6nZa_JNE,He just doesn’t get it.,547628,8525,123,PT24S,2026-03-18T07:42:50Z,False,https://i.ytimg.com/vi/Ekw6nZa_JNE/hqdefault.jpg,https://www.youtube.com/watch?v=Ekw6nZa_JNE
lOBVa4UHMfY,Can I win a high school basketball tournament?,457900,16021,537,PT29M45S,2026-03-18T03:30:29Z,False,https://i.ytimg.com/vi/lOBVa4UHMfY/hqdefault.jpg,https://www.youtube.com/watch?v=lOBVa4UHMfY
LgOrdBEW7xs,I'm officially a voice actor...,499034,15052,229,PT34S,2026-03-16T21:11:55Z,False,https://i.ytimg.com/vi/LgOrdBEW7xs/hqdefault.jpg,https://www.youtube.com/watch?v=LgOrdBEW7xs
BW4xO1zabps,Ludwig from Voice Acting,293103,9583,461,PT1H22M41S,2026-03-16T19:11:32Z,False,https://i.ytimg.com/vi/BW4xO1zabps/hqdefault.jpg,https://www.youtube.com/watch?v=BW4xO1zabps
zs_G01Auxp8,How many average gamers does it take to beat a Fortnite pro?,1029065,27825,2340,PT35M52S,2026-03-16T05:42:04Z,False,https://i.ytimg.com/vi/zs_G01Auxp8/hqdefault.jpg,https://www.youtube.com/watch?v=zs_G01Auxp8
QXWlsj8KmFE,Schlatt makes a quick call,5191052,200169,705,PT29S,2026-03-16T05:41:07Z,False,https://i.ytimg.com/vi/QXWlsj8KmFE/hqdefault.jpg,https://www.youtube.com/watch?v=QXWlsj8KmFE
Ot9OnBDkE0w,That's one way to lose a sponsor...,1166046,26504,116,PT22S,2026-03-15T07:09:45Z,False,https://i.ytimg.com/vi/Ot9OnBDkE0w/hqdefault.jpg,https://www.youtube.com/watch?v=Ot9OnBDkE0w
i8Cng9C3P_g,Squeex is a terrible parent...,443475,8849,65,PT29S,2026-03-14T08:15:30Z,False,https://i.ytimg.com/vi/i8Cng9C3P_g/hqdefault.jpg,https://www.youtube.com/watch?v=i8Cng9C3P_g
d9zKausd7Ds,LUDWIG MUSIC CONTEST FOR TIP2TIP!! FINAL STREAM,89748,1630,124,PT1H38M37S,2026-03-13T18:52:18Z,True,https://i.ytimg.com/vi/d9zKausd7Ds/hqdefault.jpg,https://www.youtube.com/watch?v=d9zKausd7Ds
14yzVcbEt8Y,Surely it was someone else,1762949,28474,205,PT21S,2026-03-13T09:42:07Z,False,https://i.ytimg.com/vi/14yzVcbEt8Y/hqdefault.jpg,https://www.youtube.com/watch?v=14yzVcbEt8Y
_HXinIbIXOQ,💎MINECRAFT BUT IT SWAPS PLAYERS EVERY 30 SECONDS👷‍♂️WORKING CLASS VS BOURGEOISIE🤑,156693,2056,47,PT4H54M55S,2026-03-13T04:54:54Z,True,https://i.ytimg.com/vi/_HXinIbIXOQ/hqdefault.jpg,https://www.youtube.com/watch?v=_HXinIbIXOQ
wwnQI-EV0Bo,Was it something I said ?,3006570,53165,330,PT17S,2026-03-12T09:58:26Z,False,https://i.ytimg.com/vi/wwnQI-EV0Bo/hqdefault.jpg,https://www.youtube.com/watch?v=wwnQI-EV0Bo
EFvKo4SVIcQ,Maybe a bit hurtful...,4619696,98957,192,PT19S,2026-03-11T11:19:22Z,False,https://i.ytimg.com/vi/EFvKo4SVIcQ/hqdefault.jpg,https://www.youtube.com/watch?v=EFvKo4SVIcQ
7Ani6fYmRyM,👊 BRO V BRO 👊 VS. STABLERONALDO !tip2tip,203504,3112,83,PT5H48M23S,2026-03-11T05:27:04Z,True,https://i.ytimg.com/vi/7Ani6fYmRyM/hqdefault.jpg,https://www.youtube.com/watch?v=7Ani6fYmRyM
PSyJx2z9sCY,"""Tell her I said hey""",1117918,17753,52,PT15S,2026-03-10T11:14:00Z,False,https://i.ytimg.com/vi/PSyJx2z9sCY/hqdefault.jpg,https://www.youtube.com/watch?v=PSyJx2z9sCY
PCqpGiqBFPw,🐉BIG ANNOUNCEMENT🐉GETTING MY ROCKET LEAGUE RANKING🐉POOKIE IS HERE,135901,1934,67,PT3H7M44S,2026-03-10T00:03:02Z,True,https://i.ytimg.com/vi/PCqpGiqBFPw/hqdefault.jpg,https://www.youtube.com/watch?v=PCqpGiqBFPw
WueonLqkvgg,Surely I can't be alone here,199156,3893,79,PT17S,2026-03-09T09:46:31Z,False,https://i.ytimg.com/vi/WueonLqkvgg/hqdefault.jpg,https://www.youtube.com/watch?v=WueonLqkvgg
Wv_VSET2h-U,I Spent 100 Days Speedrunning Minecraft. Here's what happened,1173693,37126,849,PT30M47S,2026-03-09T06:29:37Z,False,https://i.ytimg.com/vi/Wv_VSET2h-U/hqdefault.jpg,https://www.youtube.com/watch?v=Wv_VSET2h-U
gsgVY2usIZM,Thats my bad actually..,10334814,241973,1000,PT22S,2026-03-08T10:52:56Z,False,https://i.ytimg.com/vi/gsgVY2usIZM/hqdefault.jpg,https://www.youtube.com/watch?v=gsgVY2usIZM
eYKzzK3O-5E,HAHAHA I CANNOT BELIEVE THIS HAPPENED,87110,1488,118,PT1H17M13S,2026-03-08T04:15:57Z,True,https://i.ytimg.com/vi/eYKzzK3O-5E/hqdefault.jpg,https://www.youtube.com/watch?v=eYKzzK3O-5E
vk_DjpNXohE,It’s out there somewhere…,1282089,25487,189,PT22S,2026-03-07T09:40:49Z,False,https://i.ytimg.com/vi/vk_DjpNXohE/hqdefault.jpg,https://www.youtube.com/watch?v=vk_DjpNXohE
AiRqCQFGT_c,PLAYING FORTNITE WITH THE NETHERITE BOURGEOISIE,99826,1320,63,PT4H36M13S,2026-03-07T04:49:41Z,True,https://i.ytimg.com/vi/AiRqCQFGT_c/hqdefault.jpg,https://www.youtube.com/watch?v=AiRqCQFGT_c
6z54tGSXcJU,What happened to doing things for “the love of the game”,1218177,18299,115,PT21S,2026-03-06T07:14:43Z,False,https://i.ytimg.com/vi/6z54tGSXcJU/hqdefault.jpg,https://www.youtube.com/watch?v=6z54tGSXcJU
5tYEAiYbhDY,I Crossed Japan Without a Map,2328225,67818,2859,PT4H56M56S,2026-03-06T04:21:16Z,False,https://i.ytimg.com/vi/5tYEAiYbhDY/hqdefault.jpg,https://www.youtube.com/watch?v=5tYEAiYbhDY
KRL6IeY-cYM,"LETTING CHAT SPEND $10,000 ON POKEMON CARDS📉📉📉",137521,1563,46,PT5H6M46S,2026-03-05T07:14:32Z,True,https://i.ytimg.com/vi/KRL6IeY-cYM/hqdefault.jpg,https://www.youtube.com/watch?v=KRL6IeY-cYM
xecaackZ9wQ,I feel like there’s easier ways to do this…,2034199,39458,90,PT32S,2026-03-05T06:36:03Z,False,https://i.ytimg.com/vi/xecaackZ9wQ/hqdefault.jpg,https://www.youtube.com/watch?v=xecaackZ9wQ
_Pdc6nWl4Pk,This is the LAST TIME I let chat use TTS…,4728701,136690,506,PT27S,2026-03-04T08:31:38Z,False,https://i.ytimg.com/vi/_Pdc6nWl4Pk/hqdefault.jpg,https://www.youtube.com/watch?v=_Pdc6nWl4Pk
hFpCuO003gc,"💰 $50,000 FIRST TO 100 KILL FORTNITE BATTLE VS @Clix 💰",173867,2058,31,PT6H26M20S,2026-03-04T05:41:44Z,True,https://i.ytimg.com/vi/hFpCuO003gc/hqdefault.jpg,https://www.youtube.com/watch?v=hFpCuO003gc
u4G1kXdojLE,They've taken everything from me. . .,1991762,42542,201,PT19S,2026-03-03T07:51:52Z,False,https://i.ytimg.com/vi/u4G1kXdojLE/hqdefault.jpg,https://www.youtube.com/watch?v=u4G1kXdojLE
xO02PPiOFAU,🤯 FREE TEXT TO SPEECH🤯MUST BEAT MINECRAFT IN ONE HOUR OR SHAVE MY HEAD🤯,164571,2359,103,PT4H19M17S,2026-03-03T06:50:40Z,True,https://i.ytimg.com/vi/xO02PPiOFAU/hqdefault.jpg,https://www.youtube.com/watch?v=xO02PPiOFAU
X4nI4Kv_Tuk,How I Accidentally Won a Rocket League Tournament,1266068,33367,871,PT25M54S,2026-03-03T06:41:31Z,False,https://i.ytimg.com/vi/X4nI4Kv_Tuk/hqdefault.jpg,https://www.youtube.com/watch?v=X4nI4Kv_Tuk
VMsb2wl17xY,I WON BIG!! WE NEED TO TALK!! !CONTEST,161770,2070,70,PT4H55M58S,2026-03-02T06:16:14Z,True,https://i.ytimg.com/vi/VMsb2wl17xY/hqdefault.jpg,https://www.youtube.com/watch?v=VMsb2wl17xY
OdZQkfZaMTM,Everyone has a favorite,3394239,98574,476,PT1M,2026-03-02T06:10:45Z,False,https://i.ytimg.com/vi/OdZQkfZaMTM/hqdefault.jpg,https://www.youtube.com/watch?v=OdZQkfZaMTM
0f8j1B_ESOU,Just a lil friendly banter between besties !!,4297415,99920,414,PT26S,2026-03-01T08:44:22Z,False,https://i.ytimg.com/vi/0f8j1B_ESOU/hqdefault.jpg,https://www.youtube.com/watch?v=0f8j1B_ESOU
2qlAZ4CEaNA,No leaks here...,1064043,25790,333,PT49S,2026-02-28T08:06:33Z,False,https://i.ytimg.com/vi/2qlAZ4CEaNA/hqdefault.jpg,https://www.youtube.com/watch?v=2qlAZ4CEaNA
sF-BgBAyHmU,SURPRISE STREAM FROM THE BIGGEST STREAMER IN NORTH AMERICA,142408,2556,150,PT1H31M38S,2026-02-27T18:47:55Z,True,https://i.ytimg.com/vi/sF-BgBAyHmU/hqdefault.jpg,https://www.youtube.com/watch?v=sF-BgBAyHmU
xBjBB4H39L4,He's ruining my life...,342646,9262,92,PT34S,2026-02-27T08:52:33Z,False,https://i.ytimg.com/vi/xBjBB4H39L4/hqdefault.jpg,https://www.youtube.com/watch?v=xBjBB4H39L4
oleTFZlM48o,Idiot Minecrafters Get What They Deserve,843497,22803,616,PT41M55S,2026-02-27T06:29:33Z,False,https://i.ytimg.com/vi/oleTFZlM48o/hqdefault.jpg,https://www.youtube.com/watch?v=oleTFZlM48o
Tl9HNvi77qQ,#PlayGalaxy Cup: PUBG MOBILE Global Open hosted by Samsung Galaxy,16786213,2485,134,PT2H30M18S,2026-02-27T00:10:38Z,True,https://i.ytimg.com/vi/Tl9HNvi77qQ/hqdefault.jpg,https://www.youtube.com/watch?v=Tl9HNvi77qQ
0vtYFRunW4s,This says a lot about my self esteem…,151903,4924,40,PT37S,2026-02-26T09:24:47Z,False,https://i.ytimg.com/vi/0vtYFRunW4s/hqdefault.jpg,https://www.youtube.com/watch?v=0vtYFRunW4s
wGabQPyHS7s,THE INAUGURAL MCSR JERK-OFFS  EVENT! WE GO FAST AND HARD!,297646,3107,80,PT8H48S,2026-02-25T07:44:55Z,True,https://i.ytimg.com/vi/wGabQPyHS7s/hqdefault.jpg,https://www.youtube.com/watch?v=wGabQPyHS7s
4mzOOa3o_S8,Maybe we gotta change these expressions a bit...,1739748,32154,92,PT38S,2026-02-25T06:38:31Z,False,https://i.ytimg.com/vi/4mzOOa3o_S8/hqdefault.jpg,https://www.youtube.com/watch?v=4mzOOa3o_S8
1CppEOctwJo,I let a wheel control my life for 24 hours,1272942,38644,819,PT40M25S,2026-02-24T06:54:42Z,False,https://i.ytimg.com/vi/1CppEOctwJo/hqdefault.jpg,https://www.youtube.com/watch?v=1CppEOctwJo
IdeA-KNqG3M,"give your prime, not to infume, but to me",161937,2041,64,PT5H31M20S,2026-02-24T05:57:02Z,True,https://i.ytimg.com/vi/IdeA-KNqG3M/hqdefault.jpg,https://www.youtube.com/watch?v=IdeA-KNqG3M
Xz8pg3HhCC0,Maybe I'm the problem...,1346403,28292,162,PT18S,2026-02-23T07:29:18Z,False,https://i.ytimg.com/vi/Xz8pg3HhCC0/hqdefault.jpg,https://www.youtube.com/watch?v=Xz8pg3HhCC0
B9SZrRgxHYc,we lost the battle but not the war... the netherite's chosen one will be taken down. ⌨️🚬🔫,329037,3497,66,PT8H42M55S,2026-02-23T02:19:57Z,True,https://i.ytimg.com/vi/B9SZrRgxHYc/hqdefault.jpg,https://www.youtube.com/watch?v=B9SZrRgxHYc
z8gdYuSI4CE,I'm tired of these streamers...,1165022,23522,136,PT25S,2026-02-22T10:11:28Z,False,https://i.ytimg.com/vi/z8gdYuSI4CE/hqdefault.jpg,https://www.youtube.com/watch?v=z8gdYuSI4CE
CK7l-T_exF4,⌨️ LOSERS RUN! LOST BATTLE VS THE NETHERITE CHOSEN ONE! ⌨️ MIDOFFS! COACHES: @KyleEfff & @NerdiYT,285784,3642,68,PT6H18M4S,2026-02-21T23:45:18Z,True,https://i.ytimg.com/vi/CK7l-T_exF4/hqdefault.jpg,https://www.youtube.com/watch?v=CK7l-T_exF4
bT6mjEvZ9Y8,Everyone is praying on my downfall.,695489,21539,166,PT38S,2026-02-21T10:50:59Z,False,https://i.ytimg.com/vi/bT6mjEvZ9Y8/hqdefault.jpg,https://www.youtube.com/watch?v=bT6mjEvZ9Y8
2I05AWEcQjE,TODAY'S THE DAY!!! MIDOFFS TOURNAMENT!! COACHES: @KyleEfff & @NerdiYT,377985,4370,56,PT10H3M15S,2026-02-21T04:15:07Z,True,https://i.ytimg.com/vi/2I05AWEcQjE/hqdefault.jpg,https://www.youtube.com/watch?v=2I05AWEcQjE
aBV4JhU5FDE,MIDOFFS TOMORROW!! WORKING CLASS GAMERS WILL RISE UP!! COACHES: @KyleEfff & @NerdiYT,150600,1784,36,PT5H35M35S,2026-02-20T08:46:50Z,True,https://i.ytimg.com/vi/aBV4JhU5FDE/hqdefault.jpg,https://www.youtube.com/watch?v=aBV4JhU5FDE
v-Q3zvKLuYY,How many points you gunna score?,825561,15572,130,PT57S,2026-02-20T02:39:25Z,False,https://i.ytimg.com/vi/v-Q3zvKLuYY/hqdefault.jpg,https://www.youtube.com/watch?v=v-Q3zvKLuYY
4PNAfvH1hRk,Did you know...,210066,4488,50,PT20S,2026-02-19T08:56:56Z,False,https://i.ytimg.com/vi/4PNAfvH1hRk/hqdefault.jpg,https://www.youtube.com/watch?v=4PNAfvH1hRk
hqSmQzMvvN8,1V1 AGAINST @SimplyN64 LOSER QUITS STREAMING FOREVER COACH:  @KyleEfff   & @NerdiYT,121301,1460,38,PT3H15M54S,2026-02-19T05:27:13Z,True,https://i.ytimg.com/vi/hqSmQzMvvN8/hqdefault.jpg,https://www.youtube.com/watch?v=hqSmQzMvvN8
1o_HJ58U5FM,Can’t a 30 year old get excited about Minecraft???,4649947,127175,445,PT19S,2026-02-18T10:39:15Z,False,https://i.ytimg.com/vi/1o_HJ58U5FM/hqdefault.jpg,https://www.youtube.com/watch?v=1o_HJ58U5FM
dQN7LM8yBfc,1V1 AGAINST @supertf  LOSER QUITS STREAMING FOREVER COACH: @KyleEfff & @NerdiYT,187177,2133,38,PT5H16M16S,2026-02-18T07:51:52Z,True,https://i.ytimg.com/vi/dQN7LM8yBfc/hqdefault.jpg,https://www.youtube.com/watch?v=dQN7LM8yBfc
Y2oBQ-GHSFA,Maybe I should stick to minecraft...,972545,17405,127,PT18S,2026-02-17T11:58:17Z,False,https://i.ytimg.com/vi/Y2oBQ-GHSFA/hqdefault.jpg,https://www.youtube.com/watch?v=Y2oBQ-GHSFA
aR_WSN1UBjg,PRACTICE WITH @KyleEfff  | BROS VS BROS WITH STANZ :D and feinberg...,240482,2575,46,PT8H9M34S,2026-02-17T07:35:17Z,True,https://i.ytimg.com/vi/aR_WSN1UBjg/hqdefault.jpg,https://www.youtube.com/watch?v=aR_WSN1UBjg
3aQywQVdzIE,Ranking Every YouTuber Food Again,1357107,34233,1259,PT41M4S,2026-02-17T07:13:16Z,False,https://i.ytimg.com/vi/3aQywQVdzIE/hqdefault.jpg,https://www.youtube.com/watch?v=3aQywQVdzIE
TSxs8kZOboQ,These minecrafters better count their days...,1913319,41450,168,PT42S,2026-02-16T08:22:43Z,False,https://i.ytimg.com/vi/TSxs8kZOboQ/hqdefault.jpg,https://www.youtube.com/watch?v=TSxs8kZOboQ
EuUmhu6b5-0,MINECRAFT PRACTICE | ROCKET LEAGUE CHAMPION,190922,2217,52,PT5H46M51S,2026-02-16T06:28:15Z,True,https://i.ytimg.com/vi/EuUmhu6b5-0/hqdefault.jpg,https://www.youtube.com/watch?v=EuUmhu6b5-0
ex0mdBD62b8,I told you it was worth it…,978830,18548,140,PT21S,2026-02-15T08:57:21Z,False,https://i.ytimg.com/vi/ex0mdBD62b8/hqdefault.jpg,https://www.youtube.com/watch?v=ex0mdBD62b8
qn_vswihogI,Never stop shooting.,706547,15534,182,PT26S,2026-02-14T07:29:54Z,False,https://i.ytimg.com/vi/qn_vswihogI/hqdefault.jpg,https://www.youtube.com/watch?v=qn_vswihogI
MF5BE2KXPZk,🏀 LUDWIG'S BASKETBALL JAM 🏀 Presented by @ATT  Powered by Red Bull !AT&T,271880,4032,182,PT6H59M51S,2026-02-14T01:33:11Z,True,https://i.ytimg.com/vi/MF5BE2KXPZk/hqdefault.jpg,https://www.youtube.com/watch?v=MF5BE2KXPZk
RVWmL6CV9Tk,"Be honest, where you sitting…",4803700,111673,552,PT34S,2026-02-13T08:17:38Z,False,https://i.ytimg.com/vi/RVWmL6CV9Tk/hqdefault.jpg,https://www.youtube.com/watch?v=RVWmL6CV9Tk
qbFS6_Fj_KI,IF IM NOT FIRST PICK I GIVE UP🏀 DRAFT NIGHT!!! 🏀,140847,1705,36,PT3H20M54S,2026-02-13T05:08:02Z,True,https://i.ytimg.com/vi/qbFS6_Fj_KI/hqdefault.jpg,https://www.youtube.com/watch?v=qbFS6_Fj_KI
H0_vzW1Gt7w,🔫AM I THE GOAT GAMER?🔫YES AND ILL PROVE IT🔫,155123,1991,44,PT5H29M14S,2026-02-12T07:37:21Z,True,https://i.ytimg.com/vi/H0_vzW1Gt7w/hqdefault.jpg,https://www.youtube.com/watch?v=H0_vzW1Gt7w
mA1cMoOI7uk,I feel like this is kinda my fault...,904430,27468,337,PT44S,2026-02-12T05:52:50Z,False,https://i.ytimg.com/vi/mA1cMoOI7uk/hqdefault.jpg,https://www.youtube.com/watch?v=mA1cMoOI7uk
6sH3oGEczYI,"I spent $70,000 for this...",2757005,73027,796,PT34S,2026-02-11T06:07:16Z,False,https://i.ytimg.com/vi/6sH3oGEczYI/hqdefault.jpg,https://www.youtube.com/watch?v=6sH3oGEczYI
PpnCHGG0kWk,⛏️back to minecraft⛏️HOT FRESH DRAMA,138018,1900,53,PT4H45M54S,2026-02-11T01:14:51Z,True,https://i.ytimg.com/vi/PpnCHGG0kWk/hqdefault.jpg,https://www.youtube.com/watch?v=PpnCHGG0kWk
sVNHyd3apsM,I Made a Secret Minecraft Account to Destroy My Chat,725987,38876,1304,PT22M3S,2026-02-11T01:09:56Z,False,https://i.ytimg.com/vi/sVNHyd3apsM/hqdefault.jpg,https://www.youtube.com/watch?v=sVNHyd3apsM
dMZ3T-lp2cg,🔥VIRAL SENSATION IS BACK🔥CHUD GAMER OF THE YEAR🔥LETS TALK🔥,183085,2201,26,PT5H27M57S,2026-02-10T06:21:36Z,True,https://i.ytimg.com/vi/dMZ3T-lp2cg/hqdefault.jpg,https://www.youtube.com/watch?v=dMZ3T-lp2cg
s1hUwSbjK0w,that's actually my bad...,12161240,263809,803,PT21S,2026-02-09T21:47:10Z,False,https://i.ytimg.com/vi/s1hUwSbjK0w/hqdefault.jpg,https://www.youtube.com/watch?v=s1hUwSbjK0w
HcS6fAb5NYk,Maybe I'm just built different...,844482,37600,484,PT56S,2026-02-09T06:43:46Z,False,https://i.ytimg.com/vi/HcS6fAb5NYk/hqdefault.jpg,https://www.youtube.com/watch?v=HcS6fAb5NYk
HOU-0SBG-HQ,How many average gamers does it take to beat a Rocket League pro?,1511339,46870,1263,PT25M1S,2026-02-08T18:07:56Z,False,https://i.ytimg.com/vi/HOU-0SBG-HQ/hqdefault.jpg,https://www.youtube.com/watch?v=HOU-0SBG-HQ
-TRwAUfhCYA,🎡LETTING A WHEEL CONTROL MY LIFE FOR 24 HOURS🎡!SF #StateFarmPartner,128012,2060,79,PT3H43M32S,2026-02-08T09:05:55Z,True,https://i.ytimg.com/vi/-TRwAUfhCYA/hqdefault.jpg,https://www.youtube.com/watch?v=-TRwAUfhCYA
2l22YpfS9UY,🎡LETTING A WHEEL CONTROL MY LIFE FOR 24 HOURS🎡!SF #StateFarmPartner,803243,4065,67,PT11H38S,2026-02-08T05:42:29Z,True,https://i.ytimg.com/vi/2l22YpfS9UY/hqdefault.jpg,https://www.youtube.com/watch?v=2l22YpfS9UY
CEQkVDm3SEU,Why leave tomorrow for who you should be today,958949,49141,794,PT44S,2026-02-07T02:52:08Z,False,https://i.ytimg.com/vi/CEQkVDm3SEU/hqdefault.jpg,https://www.youtube.com/watch?v=CEQkVDm3SEU
NJ3XDdK32dU,🏆TODAY IS THE DAY🏆GOLD IN MCSR🏆FINALLY!!!!!!🏆,269867,4757,164,PT6H12M33S,2026-02-06T07:23:35Z,True,https://i.ytimg.com/vi/NJ3XDdK32dU/hqdefault.jpg,https://www.youtube.com/watch?v=NJ3XDdK32dU
ftFzLI58FD0,This Might be a Mistake,1303038,37630,2518,PT33S,2026-02-06T06:54:53Z,False,https://i.ytimg.com/vi/ftFzLI58FD0/hqdefault.jpg,https://www.youtube.com/watch?v=ftFzLI58FD0
pTOyjn7E8Dk,FEELING POWERFUL! TAKING DOWN EVERYONE IN MY WAY!,283396,3645,81,PT7H34M17S,2026-02-05T10:52:55Z,True,https://i.ytimg.com/vi/pTOyjn7E8Dk/hqdefault.jpg,https://www.youtube.com/watch?v=pTOyjn7E8Dk
hFgsdsQXJWQ,How hard are field goals?,558617,18221,177,PT50S,2026-02-04T18:22:42Z,False,https://i.ytimg.com/vi/hFgsdsQXJWQ/hqdefault.jpg,https://www.youtube.com/watch?v=hFgsdsQXJWQ
wgE3gxVfygs,"I finally met my biggest fan :,)",1258965,30586,106,PT26S,2026-02-04T10:43:39Z,False,https://i.ytimg.com/vi/wgE3gxVfygs/hqdefault.jpg,https://www.youtube.com/watch?v=wgE3gxVfygs
BTpl5FxnPxA,BACK TO MCSR! BACK TO COAL! HAHAHA IM DOOMED TO FAIL!!!,246793,3483,149,PT4H54M46S,2026-02-04T08:03:55Z,True,https://i.ytimg.com/vi/BTpl5FxnPxA/hqdefault.jpg,https://www.youtube.com/watch?v=BTpl5FxnPxA
kPD-5w4xtPI,RANKING YOUTUBER PRODUCTS,163191,2645,66,PT3H28M40S,2026-02-03T06:43:22Z,True,https://i.ytimg.com/vi/kPD-5w4xtPI/hqdefault.jpg,https://www.youtube.com/watch?v=kPD-5w4xtPI
O1MozE32EbM,Oh so now I'M the problem??,3022357,79589,321,PT14S,2026-02-02T22:06:08Z,False,https://i.ytimg.com/vi/O1MozE32EbM/hqdefault.jpg,https://www.youtube.com/watch?v=O1MozE32EbM
CDC4y5gpZ_4,Can I Beat a Minecraft Speedrunner With 1 Inventory Slot,1035457,34494,1143,PT37M3S,2026-02-02T06:20:21Z,False,https://i.ytimg.com/vi/CDC4y5gpZ_4/hqdefault.jpg,https://www.youtube.com/watch?v=CDC4y5gpZ_4
xhufqQdG1to,🌟GOLD DAY🌟ITS HAPPENING🌟4 WINS AWAY🌟!MCplaylist !submit,362270,4534,106,PT8H6M31S,2026-02-02T02:44:51Z,True,https://i.ytimg.com/vi/xhufqQdG1to/hqdefault.jpg,https://www.youtube.com/watch?v=xhufqQdG1to
8xtrn8BfYBs,i'm not THAT bad at minecraft...,1324183,46170,401,PT1M15S,2026-02-02T00:09:26Z,False,https://i.ytimg.com/vi/8xtrn8BfYBs/hqdefault.jpg,https://www.youtube.com/watch?v=8xtrn8BfYBs
DgoapBd62KE,I think she's getting tired of me...,5575932,126092,1252,PT22S,2026-01-31T22:41:00Z,False,https://i.ytimg.com/vi/DgoapBd62KE/hqdefault.jpg,https://www.youtube.com/watch?v=DgoapBd62KE
wq7LiqJtakM,Stop saying I sound like this...,3031299,92712,190,PT12S,2026-01-31T00:28:53Z,False,https://i.ytimg.com/vi/wq7LiqJtakM/hqdefault.jpg,https://www.youtube.com/watch?v=wq7LiqJtakM
nBUPFIaffB4,Jynxzi makes a big bet,2851416,68053,363,PT29S,2026-01-31T00:26:52Z,False,https://i.ytimg.com/vi/nBUPFIaffB4/hqdefault.jpg,https://www.youtube.com/watch?v=nBUPFIaffB4
LQHNRTLGoMU,Can I beat Minecraft before she kills us?,1368312,41514,1250,PT45M35S,2026-01-30T00:37:21Z,False,https://i.ytimg.com/vi/LQHNRTLGoMU/hqdefault.jpg,https://www.youtube.com/watch?v=LQHNRTLGoMU
Xtv7Syp7Zrc,The Viral Minecraft Fail,2173469,67723,413,PT42S,2026-01-30T00:30:28Z,False,https://i.ytimg.com/vi/Xtv7Syp7Zrc/hqdefault.jpg,https://www.youtube.com/watch?v=Xtv7Syp7Zrc
wdWyJlIRaoo,CHUDWIG MAKES HIS BIG BREAK TO GOLD,487085,6036,312,PT11H55M1S,2026-01-28T11:43:28Z,True,https://i.ytimg.com/vi/wdWyJlIRaoo/hqdefault.jpg,https://www.youtube.com/watch?v=wdWyJlIRaoo
tTTp7u28TXs,IM IN DRAMA🔕DONT CARE TIME FOR GOLD🗝️,310996,4058,104,PT5H33M20S,2026-01-27T10:23:57Z,True,https://i.ytimg.com/vi/tTTp7u28TXs/hqdefault.jpg,https://www.youtube.com/watch?v=tTTp7u28TXs
I0iUo_5vKlY,Hustling Dumb Streamers for $$$,5192567,128214,508,PT29S,2026-01-27T01:10:30Z,False,https://i.ytimg.com/vi/I0iUo_5vKlY/hqdefault.jpg,https://www.youtube.com/watch?v=I0iUo_5vKlY
Y_5RVqoQR6Y,How did I end up here,368536,9165,128,PT59S,2026-01-26T07:33:45Z,False,https://i.ytimg.com/vi/Y_5RVqoQR6Y/hqdefault.jpg,https://www.youtube.com/watch?v=Y_5RVqoQR6Y
K2-qGhpHFtw,PATS/SHOPIFY WATCH PARTY! PATRIOTS GO THE SUPER??  $10K BET WITH LACY!,169077,1893,21,PT5H26M45S,2026-01-25T23:34:44Z,True,https://i.ytimg.com/vi/K2-qGhpHFtw/hqdefault.jpg,https://www.youtube.com/watch?v=K2-qGhpHFtw
Z6t4HL6MPMQ,Breaking News🚨,1641265,30452,436,PT8S,2026-01-25T08:51:38Z,False,https://i.ytimg.com/vi/Z6t4HL6MPMQ/hqdefault.jpg,https://www.youtube.com/watch?v=Z6t4HL6MPMQ
s11BT5Mmvk4,iron lolcow of minecraft,158755,2042,51,PT5H36M1S,2026-01-25T01:57:18Z,True,https://i.ytimg.com/vi/s11BT5Mmvk4/hqdefault.jpg,https://www.youtube.com/watch?v=s11BT5Mmvk4
qAqsJ9y8Axk,The Greatest Game of RPS,3844753,115777,541,PT40S,2026-01-24T09:29:10Z,False,https://i.ytimg.com/vi/qAqsJ9y8Axk/hqdefault.jpg,https://www.youtube.com/watch?v=qAqsJ9y8Axk
uP9NghR1gUA,💎⛏️LUDWIG VS FEINBERG💎⛏️LOSER QUITS MINECRAFT,189056,2833,91,PT4H7M59S,2026-01-24T03:48:18Z,True,https://i.ytimg.com/vi/uP9NghR1gUA/hqdefault.jpg,https://www.youtube.com/watch?v=uP9NghR1gUA
WypnoEdpNmQ,Speedrunning the World's Hardest Terms of Service,576597,19352,399,PT25M5S,2026-01-24T03:39:33Z,False,https://i.ytimg.com/vi/WypnoEdpNmQ/hqdefault.jpg,https://www.youtube.com/watch?v=WypnoEdpNmQ
8n-bBclietQ,The Worst Gamer in the World,1378474,29129,176,PT22S,2026-01-22T08:35:52Z,False,https://i.ytimg.com/vi/8n-bBclietQ/hqdefault.jpg,https://www.youtube.com/watch?v=8n-bBclietQ
BGf9tbAuWHQ,BRO VS BRO VS MY ARCH RIVAL SMALLANT !! FINALLY BEATING HIM TODAY,141036,1688,71,PT4H49M28S,2026-01-22T03:13:25Z,True,https://i.ytimg.com/vi/BGf9tbAuWHQ/hqdefault.jpg,https://www.youtube.com/watch?v=BGf9tbAuWHQ
8wBtK8kkSd8,PROVING IM GOOD AT MY OWN GAME,162162,1954,30,PT6H59M26S,2026-01-21T05:15:27Z,True,https://i.ytimg.com/vi/8wBtK8kkSd8/hqdefault.jpg,https://www.youtube.com/watch?v=8wBtK8kkSd8
VOLFibh6td0,I tried speedrunning luck,705832,23482,473,PT16M10S,2026-01-21T04:55:49Z,False,https://i.ytimg.com/vi/VOLFibh6td0/hqdefault.jpg,https://www.youtube.com/watch?v=VOLFibh6td0
9WRzI6_q6rs,I’m a gamer😈,342177,7658,65,PT27S,2026-01-20T18:06:53Z,False,https://i.ytimg.com/vi/9WRzI6_q6rs/hqdefault.jpg,https://www.youtube.com/watch?v=9WRzI6_q6rs
YkDjl3qPGcU,The Disrespect is Crazy,1626778,42471,150,PT20S,2026-01-19T22:37:16Z,False,https://i.ytimg.com/vi/YkDjl3qPGcU/hqdefault.jpg,https://www.youtube.com/watch?v=YkDjl3qPGcU
gqVVX7iEoc0,This Game is Harder Than You Think,905405,24837,339,PT26S,2026-01-19T05:19:04Z,False,https://i.ytimg.com/vi/gqVVX7iEoc0/hqdefault.jpg,https://www.youtube.com/watch?v=gqVVX7iEoc0
Oke3PcL2KBc,They Thought I Couldn’t Speedrun Minecraft,1017277,39734,960,PT23M27S,2026-01-18T21:07:11Z,False,https://i.ytimg.com/vi/Oke3PcL2KBc/hqdefault.jpg,https://www.youtube.com/watch?v=Oke3PcL2KBc
Hgb92dK_qrE,I tried speed running Minecraft…,349894,7306,59,PT28S,2026-01-18T20:57:01Z,False,https://i.ytimg.com/vi/Hgb92dK_qrE/hqdefault.jpg,https://www.youtube.com/watch?v=Hgb92dK_qrE
y_i6gReh7ek,FINAL DAY🏅MINECRAFT RANKED CHAMPIONSHIP🏅WHO WILL WIN🏅,166027,2668,57,PT4H14M45S,2026-01-18T20:47:33Z,True,https://i.ytimg.com/vi/y_i6gReh7ek/hqdefault.jpg,https://www.youtube.com/watch?v=y_i6gReh7ek
QgrXqZ9lP24,There’s a 0.1% chance to beat this game,1802634,49282,252,PT16S,2026-01-17T22:46:13Z,False,https://i.ytimg.com/vi/QgrXqZ9lP24/hqdefault.jpg,https://www.youtube.com/watch?v=QgrXqZ9lP24
F2692kL4dkA,MINECRAFT RANKed PLAYOFFS HATWATCH!🎥 REVIEWING MY FAVORITE CREATORS 🎥,169280,2389,32,PT5H36M3S,2026-01-17T22:00:13Z,True,https://i.ytimg.com/vi/F2692kL4dkA/hqdefault.jpg,https://www.youtube.com/watch?v=F2692kL4dkA
VIlYLXuHyaA,PROVING I'M THE BEST RACER IN GRAN TURISMO 7 WITH THE NEW POWER PACK DLC !GT7 #ad,150544,1972,31,PT5H26M42S,2026-01-17T03:24:19Z,True,https://i.ytimg.com/vi/VIlYLXuHyaA/hqdefault.jpg,https://www.youtube.com/watch?v=VIlYLXuHyaA
PlvSCUJz3tY,😤MINECRAFT SHARED HEALTHBAR😤DEFEATING IT TODAY😤FSLR ON TOP😤,348272,4705,108,PT9H48M49S,2026-01-16T07:41:46Z,True,https://i.ytimg.com/vi/PlvSCUJz3tY/hqdefault.jpg,https://www.youtube.com/watch?v=PlvSCUJz3tY
La97BGHs9H0,My richest viewer,2792718,115738,502,PT1M21S,2026-01-15T05:10:02Z,False,https://i.ytimg.com/vi/La97BGHs9H0/hqdefault.jpg,https://www.youtube.com/watch?v=La97BGHs9H0
V4hgiIJwYGo,💢LUDWIG VS FEINBERG💢LUDWIG VS RADU C💢 THEYRE OUT TO GET ME💢BIG MISTAKE💢,192966,2366,36,PT6H27M12S,2026-01-14T06:24:41Z,True,https://i.ytimg.com/vi/V4hgiIJwYGo/hqdefault.jpg,https://www.youtube.com/watch?v=V4hgiIJwYGo
zuu1RclnIjo,🦾IRON TODAY OR 500 GIFTED🦾,204081,2931,100,PT3H56M12S,2026-01-12T22:03:31Z,True,https://i.ytimg.com/vi/zuu1RclnIjo/hqdefault.jpg,https://www.youtube.com/watch?v=zuu1RclnIjo
k4liWWrppUk,DAY 2🏆MINECRAFT WORLD CHAMPIONSHIP🏆HATEWATCHING🏆MAY THEY ALL LOSE🏆,211510,2833,41,PT6H11M16S,2026-01-11T22:29:39Z,True,https://i.ytimg.com/vi/k4liWWrppUk/hqdefault.jpg,https://www.youtube.com/watch?v=k4liWWrppUk
pf8-jhb52sE,Trash Talking YouTuber Gets Embarassed,1121714,31664,814,PT42M43S,2026-01-11T22:24:31Z,False,https://i.ytimg.com/vi/pf8-jhb52sE/hqdefault.jpg,https://www.youtube.com/watch?v=pf8-jhb52sE
Am6ntzpC18k,🏆MINECRAFT WORLD CHAMPIONSHIP🏆HATEWATCHING🏆MAY THEY ALL LOSE🏆,227120,3176,79,PT5H56M44S,2026-01-10T22:17:09Z,True,https://i.ytimg.com/vi/Am6ntzpC18k/hqdefault.jpg,https://www.youtube.com/watch?v=Am6ntzpC18k
Z8Rk4e3Rj5M,🍀DEBUNKING VIDEOS🍀BETTER TO BE THE LUCKY FOOL THAN THE SKILLED MAN🍀,114404,1383,32,PT4H39M33S,2026-01-10T03:21:18Z,True,https://i.ytimg.com/vi/Z8Rk4e3Rj5M/hqdefault.jpg,https://www.youtube.com/watch?v=Z8Rk4e3Rj5M
hwIX2PbqMeA,This YouTuber Sucks,1347898,37708,232,PT35S,2026-01-09T02:45:59Z,False,https://i.ytimg.com/vi/hwIX2PbqMeA/hqdefault.jpg,https://www.youtube.com/watch?v=hwIX2PbqMeA
4TD4bckVS6M,I streamed until I beat EVERY Dark Souls. Big mistake.,1906104,32109,1352,PT2H57M28S,2026-01-09T01:33:39Z,False,https://i.ytimg.com/vi/4TD4bckVS6M/hqdefault.jpg,https://www.youtube.com/watch?v=4TD4bckVS6M
-dPjoSBh48U,🏃‍♂️‍➡️GETTING MY FIRST SUB 30🏃‍♂️‍➡️TURNING PRO IN CS2🏃‍♂️‍➡️YES WE DO THAT🏃‍♂️‍➡️,180300,2171,61,PT6H46M26S,2026-01-08T08:34:49Z,True,https://i.ytimg.com/vi/-dPjoSBh48U/hqdefault.jpg,https://www.youtube.com/watch?v=-dPjoSBh48U
2pBnW-PyVK0,Teaching chat even more French,9450892,224638,559,PT14S,2026-01-07T09:19:34Z,False,https://i.ytimg.com/vi/2pBnW-PyVK0/hqdefault.jpg,https://www.youtube.com/watch?v=2pBnW-PyVK0
Fc8JorlTqFQ,📈GETTING MY NEW COUNTER-STRIKE RANK📈UNRANKED DAYS ARE OVER📈YEAR OF THE GAMER📈,213237,3015,49,PT6H39M1S,2026-01-07T07:59:32Z,True,https://i.ytimg.com/vi/Fc8JorlTqFQ/hqdefault.jpg,https://www.youtube.com/watch?v=Fc8JorlTqFQ
59EOzAFT5Mc,"💔 SHARED HEALTH MINECRAFT  💔WITH LESLIE, SQUEEX, AND RAE💔",275074,3402,77,PT7H32M37S,2026-01-06T08:03:30Z,True,https://i.ytimg.com/vi/59EOzAFT5Mc/hqdefault.jpg,https://www.youtube.com/watch?v=59EOzAFT5Mc
d0WoBI8lj3M,Teaching Chat Some French,7467730,174857,602,PT12S,2026-01-05T07:35:02Z,False,https://i.ytimg.com/vi/d0WoBI8lj3M/hqdefault.jpg,https://www.youtube.com/watch?v=d0WoBI8lj3M
O2UMNSlyFvI,I Tried Playing Among Us in 2026,1124196,28154,230,PT23S,2026-01-04T07:42:49Z,False,https://i.ytimg.com/vi/O2UMNSlyFvI/hqdefault.jpg,https://www.youtube.com/watch?v=O2UMNSlyFvI
kEgvGjAsdDs,COURT IS IN SESSION✨EDUCATING THE YOUTH✨,153759,2169,78,PT4H59M24S,2026-01-04T05:51:18Z,True,https://i.ytimg.com/vi/kEgvGjAsdDs/hqdefault.jpg,https://www.youtube.com/watch?v=kEgvGjAsdDs
9OznhgQrDfw,The Worst Minecraft Player Ever,1233222,31943,264,PT35S,2026-01-03T07:23:01Z,False,https://i.ytimg.com/vi/9OznhgQrDfw/hqdefault.jpg,https://www.youtube.com/watch?v=9OznhgQrDfw
s75rU3u0JRw,"HARDCORE MINECRAFT BUT I SHARE A HEALTHBAR FUSLIE, RAE, AND SQUEEX",263139,3548,137,PT6H20M59S,2026-01-03T06:21:29Z,True,https://i.ytimg.com/vi/s75rU3u0JRw/hqdefault.jpg,https://www.youtube.com/watch?v=s75rU3u0JRw
9VmnTs4FNDw,MINECRAFT SPEEDRUNNING ENDS TODAY!! DESTROYING THE COMPETITION,162824,2337,83,PT4H13M53S,2026-01-02T01:19:48Z,True,https://i.ytimg.com/vi/9VmnTs4FNDw/hqdefault.jpg,https://www.youtube.com/watch?v=9VmnTs4FNDw
6J8jJLYUKXU,DAILY GAME CHALLENGE VS @Smallant,106997,1338,38,PT4H44M37S,2026-01-01T03:03:48Z,True,https://i.ytimg.com/vi/6J8jJLYUKXU/hqdefault.jpg,https://www.youtube.com/watch?v=6J8jJLYUKXU
etaaGDkWA94,You CANNOT Disagree,938145,16551,79,PT35S,2025-12-31T08:01:28Z,False,https://i.ytimg.com/vi/etaaGDkWA94/hqdefault.jpg,https://www.youtube.com/watch?v=etaaGDkWA94
CYw-UdyA3_c,END OF YEAR PREDICTIONS🎇GAMING🎇2026 IS OUR YEAR,125018,1654,47,PT5H21M24S,2025-12-31T05:58:34Z,True,https://i.ytimg.com/vi/CYw-UdyA3_c/hqdefault.jpg,https://www.youtube.com/watch?v=CYw-UdyA3_c
E4WVHHQLxBg,BEAT ME IN MINECRAFT WIN $500💥ASSOFFS💥 !rules,165599,2463,123,PT5H20M51S,2025-12-30T03:07:07Z,True,https://i.ytimg.com/vi/E4WVHHQLxBg/hqdefault.jpg,https://www.youtube.com/watch?v=E4WVHHQLxBg
EeXGu9jRytI,I think we need to address the real problem here,1080849,20964,375,PT19S,2025-12-29T10:03:52Z,False,https://i.ytimg.com/vi/EeXGu9jRytI/hqdefault.jpg,https://www.youtube.com/watch?v=EeXGu9jRytI
7a-rc4XDjTE,ACTUALLY WINNING💥ACTUALLY REACTING💥ACTUALLY GAMING,113016,1419,49,PT3H54M39S,2025-12-29T03:28:29Z,True,https://i.ytimg.com/vi/7a-rc4XDjTE/hqdefault.jpg,https://www.youtube.com/watch?v=7a-rc4XDjTE
opUfvgHzOD4,He found the worst possible answer...,3397082,68550,537,PT25S,2025-12-28T09:23:44Z,False,https://i.ytimg.com/vi/opUfvgHzOD4/hqdefault.jpg,https://www.youtube.com/watch?v=opUfvgHzOD4
oq76kOrO83w,BIG NEWS💥BIG REACTS💥BIG GAMES,136550,2025,62,PT4H24M55S,2025-12-28T05:20:40Z,True,https://i.ytimg.com/vi/oq76kOrO83w/hqdefault.jpg,https://www.youtube.com/watch?v=oq76kOrO83w
El3BqLgSn3Y,Sometimes the worse player wins ...,554161,12857,73,PT30S,2025-12-27T09:44:54Z,False,https://i.ytimg.com/vi/El3BqLgSn3Y/hqdefault.jpg,https://www.youtube.com/watch?v=El3BqLgSn3Y
ovTWNNHoRIM,Can't even count on my own friends anymore :/,649285,13012,91,PT19S,2025-12-25T06:52:51Z,False,https://i.ytimg.com/vi/ovTWNNHoRIM/hqdefault.jpg,https://www.youtube.com/watch?v=ovTWNNHoRIM
2pgvVqC70nw,i can explain,446487,18983,878,PT20M53S,2025-12-24T22:32:02Z,False,https://i.ytimg.com/vi/2pgvVqC70nw/hqdefault.jpg,https://www.youtube.com/watch?v=2pgvVqC70nw
5S7e1Xf2fak,HOUSEKEEPING THEN FIGHTING OUT OF COAL 1,236086,3111,96,PT9H17M26S,2025-12-24T11:06:19Z,True,https://i.ytimg.com/vi/5S7e1Xf2fak/hqdefault.jpg,https://www.youtube.com/watch?v=5S7e1Xf2fak
m_tpBJaU88w,YOU FELL FOR IT! REVEALING THE !TRUTH,178592,3061,154,PT4H54M37S,2025-12-23T08:22:06Z,True,https://i.ytimg.com/vi/m_tpBJaU88w/hqdefault.jpg,https://www.youtube.com/watch?v=m_tpBJaU88w
CrYPfLtxNrc,My friends finally learn the truth...,1227422,22273,131,PT28S,2025-12-21T22:14:19Z,False,https://i.ytimg.com/vi/CrYPfLtxNrc/hqdefault.jpg,https://www.youtube.com/watch?v=CrYPfLtxNrc
4PiMOIqzEAU,stream ends when i lose in mcsr,106984,1696,65,PT2H30M50S,2025-12-20T06:50:12Z,True,https://i.ytimg.com/vi/4PiMOIqzEAU/hqdefault.jpg,https://www.youtube.com/watch?v=4PiMOIqzEAU
MR17n0BQW4o,MY RETURN TO MINECRAFT ampmSnackSquad #sponsored,134140,2378,97,PT5H16M36S,2025-12-18T08:26:46Z,True,https://i.ytimg.com/vi/MR17n0BQW4o/hqdefault.jpg,https://www.youtube.com/watch?v=MR17n0BQW4o
AXb5q5CQn8c,This TikToker thought he was better than me so I proved him wrong,1965330,52186,1358,PT42M2S,2025-12-18T08:06:40Z,False,https://i.ytimg.com/vi/AXb5q5CQn8c/hqdefault.jpg,https://www.youtube.com/watch?v=AXb5q5CQn8c
9CiOZnIzulI,Squeex finally admits how he feels...,383689,10390,50,PT31S,2025-12-17T09:40:58Z,False,https://i.ytimg.com/vi/9CiOZnIzulI/hqdefault.jpg,https://www.youtube.com/watch?v=9CiOZnIzulI
F7-5W-Kys2o,He just always wants to be involved,1791036,38626,121,PT17S,2025-12-14T11:45:16Z,False,https://i.ytimg.com/vi/F7-5W-Kys2o/hqdefault.jpg,https://www.youtube.com/watch?v=F7-5W-Kys2o
X2ak3wC05HQ,Is there any hope for our relationship...?,428977,11654,48,PT47S,2025-12-13T02:59:18Z,False,https://i.ytimg.com/vi/X2ak3wC05HQ/hqdefault.jpg,https://www.youtube.com/watch?v=X2ak3wC05HQ
U2Tx08ntdOk,There's 2 types of streamers....,1606200,42496,146,PT34S,2025-12-12T07:21:17Z,False,https://i.ytimg.com/vi/U2Tx08ntdOk/hqdefault.jpg,https://www.youtube.com/watch?v=U2Tx08ntdOk
QiqvbxKWJPc,Bro really thought he had it this year 😭😭😭,1891704,38034,346,PT14S,2025-12-11T04:21:31Z,False,https://i.ytimg.com/vi/QiqvbxKWJPc/hqdefault.jpg,https://www.youtube.com/watch?v=QiqvbxKWJPc
uonYLAdJJxY,I Tried Speedrunning Minecraft. It broke me.,1086472,37782,1069,PT20M11S,2025-12-05T07:53:25Z,False,https://i.ytimg.com/vi/uonYLAdJJxY/hqdefault.jpg,https://www.youtube.com/watch?v=uonYLAdJJxY
aIA_smhiW8c,BRO VS BRO AGAINST @fuslie,206529,2796,102,PT5H33M45S,2025-12-05T06:19:21Z,True,https://i.ytimg.com/vi/aIA_smhiW8c/hqdefault.jpg,https://www.youtube.com/watch?v=aIA_smhiW8c
61EsxGUnmKM,GAMES WITH MY FAVORITE STREAMER POOKIE @Squeex & 2 ppl whos funerals i wont attend @Valkyrae @fuslie,211101,2512,53,PT5H52M44S,2025-12-04T05:39:39Z,True,https://i.ytimg.com/vi/61EsxGUnmKM/hqdefault.jpg,https://www.youtube.com/watch?v=61EsxGUnmKM
_e79SlF4GmE,the lolcow of minecraft plays mcsr,276098,3145,79,PT9H37M37S,2025-12-03T05:52:54Z,True,https://i.ytimg.com/vi/_e79SlF4GmE/hqdefault.jpg,https://www.youtube.com/watch?v=_e79SlF4GmE
ur2LioZre0I,devastating news and now minecraft,155626,2419,185,PT1H45M36S,2025-12-02T06:14:58Z,True,https://i.ytimg.com/vi/ur2LioZre0I/hqdefault.jpg,https://www.youtube.com/watch?v=ur2LioZre0I
9c-HvkmJjrE,we became professional racers ,813473,36256,1372,PT1H6M48S,2025-12-02T06:09:53Z,False,https://i.ytimg.com/vi/9c-HvkmJjrE/hqdefault.jpg,https://www.youtube.com/watch?v=9c-HvkmJjrE
NyH8wbixvXI,The only game too hard for me,533648,13626,311,PT44S,2025-12-01T06:41:07Z,False,https://i.ytimg.com/vi/NyH8wbixvXI/hqdefault.jpg,https://www.youtube.com/watch?v=NyH8wbixvXI
8uTUS3TTCL8,BRO V BRO VS @AgentTheGamer | SO MANY PBS IN MINECRAFT,318471,3848,68,PT11H54M57S,2025-12-01T06:27:22Z,True,https://i.ytimg.com/vi/8uTUS3TTCL8/hqdefault.jpg,https://www.youtube.com/watch?v=8uTUS3TTCL8
nh-_jNgXGXE,I had to sign a waiver for this,1179414,45616,2187,PT1M8S,2025-11-30T08:11:08Z,False,https://i.ytimg.com/vi/nh-_jNgXGXE/hqdefault.jpg,https://www.youtube.com/watch?v=nh-_jNgXGXE
v6qHzLjqghc,The Best Game of 2025,737063,16909,586,PT2H37M11S,2025-11-30T07:08:37Z,False,https://i.ytimg.com/vi/v6qHzLjqghc/hqdefault.jpg,https://www.youtube.com/watch?v=v6qHzLjqghc
CZseMC3MObE,༄💨༄.°༄˖°.🍃.ೃ࿔*:･ EXPLORING AND EXPERIENCING WHERE WINDS MEET ༄💨༄.°༄˖°.🍃.ೃ࿔*:･ !WWM #sponsored,159436,2547,64,PT4H45M15S,2025-11-30T06:30:15Z,True,https://i.ytimg.com/vi/CZseMC3MObE/hqdefault.jpg,https://www.youtube.com/watch?v=CZseMC3MObE
tPbuDGKjQEg,how many kills are you gonna get?,842154,20546,42,PT52S,2025-11-29T21:30:56Z,False,https://i.ytimg.com/vi/tPbuDGKjQEg/hqdefault.jpg,https://www.youtube.com/watch?v=tPbuDGKjQEg
oWeIR2AZ77g,🇫🇷 TWO BALD FRENCH MEN CONTINUE RAGEBAITING YOU WITH THEIR GAMEPLAY (THEIR AVERAGE AGE IS 33) 🇫🇷,254949,3407,101,PT10H33M2S,2025-11-29T08:51:09Z,True,https://i.ytimg.com/vi/oWeIR2AZ77g/hqdefault.jpg,https://www.youtube.com/watch?v=oWeIR2AZ77g
68kru9DqUS4,༄💨༄.°༄˖°.🍃.ೃ࿔*:･ EXPLORING AND EXPERIENCING WHERE WINDS MEET ༄💨༄.°༄˖°.🍃.ೃ࿔*:･ !WWM #sponsored,130896,1687,51,PT3H29M40S,2025-11-27T23:09:04Z,True,https://i.ytimg.com/vi/68kru9DqUS4/hqdefault.jpg,https://www.youtube.com/watch?v=68kru9DqUS4
orSy2rYYz1Q,🇫🇷 TWO BALD FRENCH MEN CONTINUE THEIR  EXPEDITION (THEIR AVERAGE AGE IS 33) 🇫🇷,226099,2675,102,PT8H19M10S,2025-11-27T07:39:59Z,True,https://i.ytimg.com/vi/orSy2rYYz1Q/hqdefault.jpg,https://www.youtube.com/watch?v=orSy2rYYz1Q
oCipaAb_Y4g,surprising my oldest viewer,315788,11589,161,PT55S,2025-11-26T18:06:46Z,False,https://i.ytimg.com/vi/oCipaAb_Y4g/hqdefault.jpg,https://www.youtube.com/watch?v=oCipaAb_Y4g
dcl0YzuI3js,🇫🇷 TWO BALD FRENCH MEN PLAY EXPEDITION 33 🇫🇷,300946,3890,163,PT7H52M1S,2025-11-26T07:34:52Z,True,https://i.ytimg.com/vi/dcl0YzuI3js/hqdefault.jpg,https://www.youtube.com/watch?v=dcl0YzuI3js
9X22nPCOMas,S-RANKED STREAMER PLAYING SOLO LEVELING: ARISE OVERDRIVE !SLAO #ad,195624,2843,45,PT6H41M10S,2025-11-25T06:50:51Z,True,https://i.ytimg.com/vi/9X22nPCOMas/hqdefault.jpg,https://www.youtube.com/watch?v=9X22nPCOMas
TtfqXGfayDQ,I Tried Minecraft's Harcore Challenge,317829,10797,203,PT44S,2025-11-23T22:15:01Z,False,https://i.ytimg.com/vi/TtfqXGfayDQ/hqdefault.jpg,https://www.youtube.com/watch?v=TtfqXGfayDQ
gn3VdOENG9I,This Streamer's a Bad Guy,590862,14243,67,PT38S,2025-11-23T09:01:35Z,False,https://i.ytimg.com/vi/gn3VdOENG9I/hqdefault.jpg,https://www.youtube.com/watch?v=gn3VdOENG9I
7gtUHuRwhsQ,"they wanted to sponsor me, i said no and reviewed their games anyway",1319536,35398,717,PT41M36S,2025-11-23T08:11:13Z,False,https://i.ytimg.com/vi/7gtUHuRwhsQ/hqdefault.jpg,https://www.youtube.com/watch?v=7gtUHuRwhsQ
9tas2o5cpdA,GAMES WITH @valkyrae @fuslie @squeex | BEAT MINECRAFT (DREAM CAME TRUE),287776,4933,78,PT8H9M53S,2025-11-23T03:54:04Z,True,https://i.ytimg.com/vi/9tas2o5cpdA/hqdefault.jpg,https://www.youtube.com/watch?v=9tas2o5cpdA
MSwWdDTActA,The Best Basketball Player You've Never Heard Of,1163620,24151,86,PT35S,2025-11-22T18:00:32Z,False,https://i.ytimg.com/vi/MSwWdDTActA/hqdefault.jpg,https://www.youtube.com/watch?v=MSwWdDTActA
04iUxTEMWjE,The Problem with Dispatch,205986,5171,76,PT37S,2025-11-21T18:00:03Z,False,https://i.ytimg.com/vi/04iUxTEMWjE/hqdefault.jpg,https://www.youtube.com/watch?v=04iUxTEMWjE
zeoaomtMeWg,STREAM ENDS WHEN I BEAT MINECRAFT (NO CLICKBAIT),345292,5528,152,PT9H8M13S,2025-11-21T08:18:40Z,True,https://i.ytimg.com/vi/zeoaomtMeWg/hqdefault.jpg,https://www.youtube.com/watch?v=zeoaomtMeWg
IDmwv34VFno,Red Bull Gamer btw,1039322,21965,129,PT17S,2025-11-21T04:00:30Z,False,https://i.ytimg.com/vi/IDmwv34VFno/hqdefault.jpg,https://www.youtube.com/watch?v=IDmwv34VFno
qk4irng-ZiM,this is still my worst idea ever,688942,22748,112,PT45S,2025-11-20T20:12:40Z,False,https://i.ytimg.com/vi/qk4irng-ZiM/hqdefault.jpg,https://www.youtube.com/watch?v=qk4irng-ZiM
STnVALqp9wE,beating minecraft today.,234272,3636,87,PT8H46M20S,2025-11-20T07:22:06Z,True,https://i.ytimg.com/vi/STnVALqp9wE/hqdefault.jpg,https://www.youtube.com/watch?v=STnVALqp9wE
35hkphS1Z04,If somebody says the word I end my stream,1719448,46871,701,PT22M9S,2025-11-20T06:55:22Z,False,https://i.ytimg.com/vi/35hkphS1Z04/hqdefault.jpg,https://www.youtube.com/watch?v=35hkphS1Z04
FU7wazkxvAQ,stream ends when i beat hardcore minecraft or die,245153,3193,54,PT11H29M5S,2025-11-19T07:59:01Z,True,https://i.ytimg.com/vi/FU7wazkxvAQ/hqdefault.jpg,https://www.youtube.com/watch?v=FU7wazkxvAQ
4Y4LIrNpVW8,How hard is driving an F4 car?,218109,4859,59,PT27S,2025-11-18T22:16:12Z,False,https://i.ytimg.com/vi/4Y4LIrNpVW8/hqdefault.jpg,https://www.youtube.com/watch?v=4Y4LIrNpVW8
ehFqAp2Ywlo,I can’t believe she kissed me,168411,4488,55,PT31S,2025-11-18T07:59:59Z,False,https://i.ytimg.com/vi/ehFqAp2Ywlo/hqdefault.jpg,https://www.youtube.com/watch?v=ehFqAp2Ywlo
KmfeDuv5r10,streamer awards ➡️ arc raiders ➡️ game awards,139585,1929,58,PT5H30M55S,2025-11-18T05:55:07Z,True,https://i.ytimg.com/vi/KmfeDuv5r10/hqdefault.jpg,https://www.youtube.com/watch?v=KmfeDuv5r10
q-TGBTLkDCg,I never said thank you,1428805,75326,1013,PT55S,2025-11-17T17:51:08Z,False,https://i.ytimg.com/vi/q-TGBTLkDCg/hqdefault.jpg,https://www.youtube.com/watch?v=q-TGBTLkDCg
2774Re0YbR0,NRG VS G2 Red Bull Home Ground [DROPS ON] | Day 4,79850,1017,12,PT5H42M46S,2025-11-17T00:17:29Z,True,https://i.ytimg.com/vi/2774Re0YbR0/hqdefault.jpg,https://www.youtube.com/watch?v=2774Re0YbR0
FIp8rSsh1QE,The Best Video of 2025,2018271,56123,701,PT36S,2025-11-16T18:54:22Z,False,https://i.ytimg.com/vi/FIp8rSsh1QE/hqdefault.jpg,https://www.youtube.com/watch?v=FIp8rSsh1QE
UN2h00v1rjU,Im on the list,537390,13189,51,PT27S,2025-11-16T02:13:05Z,False,https://i.ytimg.com/vi/UN2h00v1rjU/hqdefault.jpg,https://www.youtube.com/watch?v=UN2h00v1rjU
2B_2cA8S0qU,I Tried Minecraft's HARDEST Challenge,1642242,46756,891,PT56M21S,2025-11-15T06:07:27Z,False,https://i.ytimg.com/vi/2B_2cA8S0qU/hqdefault.jpg,https://www.youtube.com/watch?v=2B_2cA8S0qU
L0URcdTx5tQ,🏳️‍⚧️SPEEDRUNNING LUDWIG🏳️‍⚧️CHARITY STREAM🏳️‍⚧️ AT $100K I DYE MY HAIR BLONDE 🏳️‍⚧️ !charity,89182,2140,83,PT3H54M36S,2025-11-15T04:02:56Z,True,https://i.ytimg.com/vi/L0URcdTx5tQ/hqdefault.jpg,https://www.youtube.com/watch?v=L0URcdTx5tQ
Re6V2ELaIsg,🏳️‍⚧️SPEEDRUNNING LUDWIG🏳️‍⚧️CHARITY STREAM🏳️‍⚧️ AT $100K I DYE MY HAIR BLONDE 🏳️‍⚧️ !charity,187355,3744,169,PT11H9M6S,2025-11-14T09:36:23Z,True,https://i.ytimg.com/vi/Re6V2ELaIsg/hqdefault.jpg,https://www.youtube.com/watch?v=Re6V2ELaIsg
oKXtQQHFciI,Streamers Make TOO Much Money,2189730,72403,350,PT39S,2025-11-13T06:47:25Z,False,https://i.ytimg.com/vi/oKXtQQHFciI/hqdefault.jpg,https://www.youtube.com/watch?v=oKXtQQHFciI
q6dRj14cg8M,I Hired a Pro Gamer to Destroy Faze Clan AGAIN,734418,28529,630,PT10M9S,2025-11-13T05:16:35Z,False,https://i.ytimg.com/vi/q6dRj14cg8M/hqdefault.jpg,https://www.youtube.com/watch?v=q6dRj14cg8M
SXt0m08uGCc,DISPATCH FINALE!!! THEN TRYING ROBLOX,184983,3033,165,PT6H57M46S,2025-11-13T03:48:01Z,True,https://i.ytimg.com/vi/SXt0m08uGCc/hqdefault.jpg,https://www.youtube.com/watch?v=SXt0m08uGCc
5sCIPlzPk0c,💵THE STREAM ENDS WHEN SOMEONE SAYS THE WORD💵,163197,2522,63,PT3H46M13S,2025-11-12T06:19:22Z,True,https://i.ytimg.com/vi/5sCIPlzPk0c/hqdefault.jpg,https://www.youtube.com/watch?v=5sCIPlzPk0c
SsgZlEkNKsM,The Infamous Trolley Problem,4244620,119455,527,PT26S,2025-11-12T00:46:18Z,False,https://i.ytimg.com/vi/SsgZlEkNKsM/hqdefault.jpg,https://www.youtube.com/watch?v=SsgZlEkNKsM
Oa9dgJ3CSLg,😱TRYING 10 FODDIAN GAMES😡YOUVE NEVER HEARD OF,133859,1965,52,PT5H31M16S,2025-11-11T07:24:59Z,True,https://i.ytimg.com/vi/Oa9dgJ3CSLg/hqdefault.jpg,https://www.youtube.com/watch?v=Oa9dgJ3CSLg
BnOyF4G-3PA,WATCHING THE GREATEST MINECRAFT VIDEO OF THE YEAR?,191636,2982,181,PT3H40M50S,2025-11-10T06:02:56Z,True,https://i.ytimg.com/vi/BnOyF4G-3PA/hqdefault.jpg,https://www.youtube.com/watch?v=BnOyF4G-3PA
qyzRtElvB_g,Why You Should Never Lie,7405308,211427,424,PT42S,2025-11-09T22:52:40Z,False,https://i.ytimg.com/vi/qyzRtElvB_g/hqdefault.jpg,https://www.youtube.com/watch?v=qyzRtElvB_g
16hR5b9yU8E,This Game Rewards Breaking the Law,676855,15580,103,PT34S,2025-11-09T06:58:20Z,False,https://i.ytimg.com/vi/16hR5b9yU8E/hqdefault.jpg,https://www.youtube.com/watch?v=16hR5b9yU8E
7-cYTF2vzB4,⚔️STREAM ENDS WHEN I BEAT MINECRAFT OR DIE 🗡️ !charity,177549,2317,54,PT7H22M37S,2025-11-09T02:34:52Z,True,https://i.ytimg.com/vi/7-cYTF2vzB4/hqdefault.jpg,https://www.youtube.com/watch?v=7-cYTF2vzB4
5J-YUPdbYoQ,Speedrunning Every Video Game,2222509,57626,1063,PT29M58S,2025-11-09T02:26:32Z,False,https://i.ytimg.com/vi/5J-YUPdbYoQ/hqdefault.jpg,https://www.youtube.com/watch?v=5J-YUPdbYoQ
07kMZS-Ncdw,I might not make it in Parkour Civilization...,3303225,71806,216,PT15S,2025-11-08T03:31:08Z,False,https://i.ytimg.com/vi/07kMZS-Ncdw/hqdefault.jpg,https://www.youtube.com/watch?v=07kMZS-Ncdw
4eJd-N6PakE,BEATING HARDEST MINECRAFT CHALLENGE,268999,6139,156,PT4H33M12S,2025-11-08T02:45:23Z,True,https://i.ytimg.com/vi/4eJd-N6PakE/hqdefault.jpg,https://www.youtube.com/watch?v=4eJd-N6PakE
-eD7mHDbUuw,GETTING TO SECOND BASE WITH INVISIGAL,176129,2605,53,PT7H24M40S,2025-11-07T05:51:23Z,True,https://i.ytimg.com/vi/-eD7mHDbUuw/hqdefault.jpg,https://www.youtube.com/watch?v=-eD7mHDbUuw
MVHqrvsavdk,SPEEDRUNNING DISPATCH,257716,4465,188,PT7H19M58S,2025-11-06T07:33:16Z,True,https://i.ytimg.com/vi/MVHqrvsavdk/hqdefault.jpg,https://www.youtube.com/watch?v=MVHqrvsavdk
UGnp0Q8GMTg,Who is the dumbest streamer ever?,2460109,73810,638,PT54S,2025-11-05T22:55:23Z,False,https://i.ytimg.com/vi/UGnp0Q8GMTg/hqdefault.jpg,https://www.youtube.com/watch?v=UGnp0Q8GMTg
XevePjbN7Rk,I bought EVERY stupid TikTok ad. They’re actually good…,1748311,49230,859,PT35M5S,2025-11-05T08:18:13Z,False,https://i.ytimg.com/vi/XevePjbN7Rk/hqdefault.jpg,https://www.youtube.com/watch?v=XevePjbN7Rk
5VRwp75Hldg,WATCHING THE GREATEST MINECRAFT VIDEO EVER? STREAMING EVERYDAY THIS MONTH,108301,1801,122,PT2H57M49S,2025-11-05T08:14:03Z,True,https://i.ytimg.com/vi/5VRwp75Hldg/hqdefault.jpg,https://www.youtube.com/watch?v=5VRwp75Hldg
W2MdN4z5Nfk,🏆lots to talk about🏆,98689,1875,71,PT3H7M40S,2025-11-04T07:26:17Z,True,https://i.ytimg.com/vi/W2MdN4z5Nfk/hqdefault.jpg,https://www.youtube.com/watch?v=W2MdN4z5Nfk
drbQos2cDQU,what's your kda gunna be?,3822165,114813,444,PT51S,2025-11-04T03:05:06Z,False,https://i.ytimg.com/vi/drbQos2cDQU/hqdefault.jpg,https://www.youtube.com/watch?v=drbQos2cDQU
wCmLyJFP7QI,This is The Only Foddian Game I Almost Quit...,1483474,35619,705,PT1H2M14S,2025-10-31T06:28:09Z,False,https://i.ytimg.com/vi/wCmLyJFP7QI/hqdefault.jpg,https://www.youtube.com/watch?v=wCmLyJFP7QI
vS34YmcUsVM,do the circumstances surrounding your birth determine where you end up ?#BitLifePartner !BitLife,118386,1683,66,PT3H59M53S,2025-10-31T03:37:26Z,True,https://i.ytimg.com/vi/vS34YmcUsVM/hqdefault.jpg,https://www.youtube.com/watch?v=vS34YmcUsVM
6oBxaFMtvM0,WATCHING THE LAST HALO WORLD CHAMPIONSHIP (rooting for shopify rebellion :3),132661,1347,73,PT4H38M13S,2025-10-27T01:04:34Z,True,https://i.ytimg.com/vi/6oBxaFMtvM0/hqdefault.jpg,https://www.youtube.com/watch?v=6oBxaFMtvM0
FEl4zngZ3qU,"🤑 $100,000 🤑 MONEY 💲 MATCH 🎮 THE RUNBACK: PRESENTED BY !AT&T",133992,1914,47,PT5H37M34S,2025-10-26T03:54:46Z,True,https://i.ytimg.com/vi/FEl4zngZ3qU/hqdefault.jpg,https://www.youtube.com/watch?v=FEl4zngZ3qU
qk0i98oqbLg,I Played China's Most Popular game. It's actually amazing.,1442879,48725,1561,PT1H32M49S,2025-10-25T07:28:22Z,False,https://i.ytimg.com/vi/qk0i98oqbLg/hqdefault.jpg,https://www.youtube.com/watch?v=qk0i98oqbLg
4GudW8RmfNc,"LETS TALK🔫BRO VS BRO VS @SilkyLive  🔫PSL LIVE🔫$100,000 RUNBACK VS FAZE TOMORROW",128373,1600,101,PT8H31M41S,2025-10-25T06:09:54Z,True,https://i.ytimg.com/vi/4GudW8RmfNc/hqdefault.jpg,https://www.youtube.com/watch?v=4GudW8RmfNc
Pp0NcgwMySY,DRAMA IS BACK ON THE MENU⭐RATING TIK TOK SHOP ITEMS⭐SPEEDRUNNING FRENCH⭐HORROR GAMES,178679,2451,425,PT6H30M1S,2025-10-22T05:44:21Z,True,https://i.ytimg.com/vi/Pp0NcgwMySY/hqdefault.jpg,https://www.youtube.com/watch?v=Pp0NcgwMySY
bY06mfC0Bpc,WE NEED TO TALK,144787,2287,72,PT2H50M34S,2025-10-21T03:47:02Z,True,https://i.ytimg.com/vi/bY06mfC0Bpc/hqdefault.jpg,https://www.youtube.com/watch?v=bY06mfC0Bpc
WBTVFH7YJ2E,I Unbanned Every Twitch Viewer. Big mistake,919435,27889,646,PT18M6S,2025-10-20T04:05:45Z,False,https://i.ytimg.com/vi/WBTVFH7YJ2E/hqdefault.jpg,https://www.youtube.com/watch?v=WBTVFH7YJ2E
Y0_RFDkorqQ,He spoke it into reality,646863,9645,54,PT8S,2025-10-17T08:00:04Z,False,https://i.ytimg.com/vi/Y0_RFDkorqQ/hqdefault.jpg,https://www.youtube.com/watch?v=Y0_RFDkorqQ
jBx4qIGd7BE,"This streamer called me out so we put $10,000 on the line",1787167,49452,1034,PT32M8S,2025-10-17T06:47:50Z,False,https://i.ytimg.com/vi/jBx4qIGd7BE/hqdefault.jpg,https://www.youtube.com/watch?v=jBx4qIGd7BE
lJc3t_Exvyw,I WANNA SEE THE END OF THIS GAME,41720,772,21,PT35M52S,2025-10-17T06:45:46Z,True,https://i.ytimg.com/vi/lJc3t_Exvyw/hqdefault.jpg,https://www.youtube.com/watch?v=lJc3t_Exvyw
tCFWB6GGQW4,🏃‍♂️ SPEEDRUNNING 🏃‍♂️ EVERY 🕹 GAME 🎮 WITH 👨‍🦲 @Squeex 👴 THEN FINALLY BEATING BABY STEPS,180420,2099,71,PT8H39M7S,2025-10-17T06:10:02Z,True,https://i.ytimg.com/vi/tCFWB6GGQW4/hqdefault.jpg,https://www.youtube.com/watch?v=tCFWB6GGQW4
qPPEZ5Kyil0,Fastest streamer on twitch,748868,13886,105,PT14S,2025-10-16T08:18:28Z,False,https://i.ytimg.com/vi/qPPEZ5Kyil0/hqdefault.jpg,https://www.youtube.com/watch?v=qPPEZ5Kyil0
MK8ertL0MXk,💎💎BEATING BABY STEPS (FOR REAL)💎💎,89872,1270,52,PT3H44M38S,2025-10-16T01:20:13Z,True,https://i.ytimg.com/vi/MK8ertL0MXk/hqdefault.jpg,https://www.youtube.com/watch?v=MK8ertL0MXk
NavCBEtuEBE,Baby Steps is an evil game,313187,5902,26,PT12S,2025-10-15T18:16:09Z,False,https://i.ytimg.com/vi/NavCBEtuEBE/hqdefault.jpg,https://www.youtube.com/watch?v=NavCBEtuEBE
-IumRw8Z-XI,How many people does it take to beat the Geoguessr World Champion?,1561979,42576,801,PT27M26S,2025-10-15T02:23:32Z,False,https://i.ytimg.com/vi/-IumRw8Z-XI/hqdefault.jpg,https://www.youtube.com/watch?v=-IumRw8Z-XI
Q1NEDUvqx0g,👴BOOMER VS ZOOMER👶ft. @PremierTwo,110956,1740,61,PT3H27M46S,2025-10-15T01:25:48Z,True,https://i.ytimg.com/vi/Q1NEDUvqx0g/hqdefault.jpg,https://www.youtube.com/watch?v=Q1NEDUvqx0g
EIvqx-whOso,⛩️TODAY I BECOME EMPRESS🏮,149750,2516,183,PT3H15M21S,2025-10-14T03:41:41Z,True,https://i.ytimg.com/vi/EIvqx-whOso/hqdefault.jpg,https://www.youtube.com/watch?v=EIvqx-whOso
GnGgVPy_2tM,⛩️GREATEST CONCUBINE THE TANG DYNASTY HAS EVER SEEN🏮,152638,2585,123,PT3H27M44S,2025-10-13T06:06:23Z,True,https://i.ytimg.com/vi/GnGgVPy_2tM/hqdefault.jpg,https://www.youtube.com/watch?v=GnGgVPy_2tM
2wymnB3S1IE,"This cost $30,000",7853587,187390,756,PT1M,2025-10-12T08:23:18Z,False,https://i.ytimg.com/vi/2wymnB3S1IE/hqdefault.jpg,https://www.youtube.com/watch?v=2wymnB3S1IE
7KUEN_odC-g,⛩️BIG STREAM🏮UNBAN FORMS🐉JOINING A CONCUBINE⛩️NEW EVENT LEAK🐉,193194,2920,165,PT6H38M45S,2025-10-11T05:25:20Z,True,https://i.ytimg.com/vi/7KUEN_odC-g/hqdefault.jpg,https://www.youtube.com/watch?v=7KUEN_odC-g
RP4jQBYsJEo,How much my Pokemon collection is ACTUALLY worth,1087004,22996,954,PT29M32S,2025-10-11T05:15:34Z,False,https://i.ytimg.com/vi/RP4jQBYsJEo/hqdefault.jpg,https://www.youtube.com/watch?v=RP4jQBYsJEo
GjPyc9h0v-c,💎💎BEATING BABY STEPS💎💎,81869,1266,45,PT2H29M5S,2025-10-10T05:54:25Z,True,https://i.ytimg.com/vi/GjPyc9h0v-c/hqdefault.jpg,https://www.youtube.com/watch?v=GjPyc9h0v-c
6F3hhss4e3Q,💎BACK AND CHANGING THE GAME💎REACTING💎TRYING GHOST OF YŌTEI #ad 💎GAMER ERA💎,73213,964,21,PT2H57M8S,2025-10-09T22:02:56Z,True,https://i.ytimg.com/vi/6F3hhss4e3Q/hqdefault.jpg,https://www.youtube.com/watch?v=6F3hhss4e3Q
VI-ooQxIxWE,Trying a yoda impression,187728,4477,36,PT22S,2025-10-09T07:55:02Z,False,https://i.ytimg.com/vi/VI-ooQxIxWE/hqdefault.jpg,https://www.youtube.com/watch?v=VI-ooQxIxWE
ChvGzz9NS60,GREATEST RACER ON EARTH IS BACK | REACTING TO GP EXPLORER THEN LEGO PARTY,171117,2278,32,PT7H29M21S,2025-10-09T02:57:03Z,True,https://i.ytimg.com/vi/ChvGzz9NS60/hqdefault.jpg,https://www.youtube.com/watch?v=ChvGzz9NS60
x7-oYxN6fDM,I finally got a world record,1239158,37997,186,PT42S,2025-10-04T06:23:20Z,False,https://i.ytimg.com/vi/x7-oYxN6fDM/hqdefault.jpg,https://www.youtube.com/watch?v=x7-oYxN6fDM
JyyXsgFcgEQ,World‘s most accurate driving Sim￼,153529,3126,43,PT13S,2025-10-02T06:31:42Z,False,https://i.ytimg.com/vi/JyyXsgFcgEQ/hqdefault.jpg,https://www.youtube.com/watch?v=JyyXsgFcgEQ
WEizdGAWr9E,Why im learning Chinese,478139,12254,437,PT25S,2025-10-01T11:26:57Z,False,https://i.ytimg.com/vi/WEizdGAWr9E/hqdefault.jpg,https://www.youtube.com/watch?v=WEizdGAWr9E
I6l9QQPgCH4,"If I Say the Word, I Burn $100",689589,24496,464,PT17M21S,2025-10-01T06:12:15Z,False,https://i.ytimg.com/vi/I6l9QQPgCH4/hqdefault.jpg,https://www.youtube.com/watch?v=I6l9QQPgCH4
stXG5IHWA6o,The hardest challenge I’ve ever attempted,2844939,80148,268,PT33S,2025-09-29T08:46:53Z,False,https://i.ytimg.com/vi/stXG5IHWA6o/hqdefault.jpg,https://www.youtube.com/watch?v=stXG5IHWA6o
J60fkcTYvzI,🟩 FAST 52 🟦 !DONATE 🟩 !SCHEDULE 🟦 !AUCTION 🟩 SPONSORS:@redbull @AlienwareChannel !RedBull !Alienware,138684,1795,30,PT6H24M52S,2025-09-28T21:48:39Z,True,https://i.ytimg.com/vi/J60fkcTYvzI/hqdefault.jpg,https://www.youtube.com/watch?v=J60fkcTYvzI
RZenmtNbHi0,🟩 FAST 52 🟦 !DONATE 🟩 !SCHEDULE 🟦 !AUCTION 🟩 SPONSORS:@redbull @AlienwareChannel !RedBull !Alienware,159224,1677,20,PT11H33M25S,2025-09-28T16:08:22Z,True,https://i.ytimg.com/vi/RZenmtNbHi0/hqdefault.jpg,https://www.youtube.com/watch?v=RZenmtNbHi0
LtZUnmN-tx0,🟩 FAST 52 🟦 !DONATE 🟩 !SCHEDULE 🟦 !AUCTION 🟩 SPONSORS:@redbull @AlienwareChannel !RedBull !Alienware,238363,2307,25,PT11H54M23S,2025-09-28T04:04:13Z,True,https://i.ytimg.com/vi/LtZUnmN-tx0/hqdefault.jpg,https://www.youtube.com/watch?v=LtZUnmN-tx0
D-4yX6QDfzA,🟩 FAST 52 🟦 !DONATE 🟩 !SCHEDULE 🟦 !AUCTION 🟩 SPONSORS:@redbull @AlienwareChannel !RedBull !Alienware,171670,1977,12,PT11H18M56S,2025-09-27T16:07:59Z,True,https://i.ytimg.com/vi/D-4yX6QDfzA/hqdefault.jpg,https://www.youtube.com/watch?v=D-4yX6QDfzA
MrlyUEfqybs,🟩 FAST 52 🟦 !DONATE 🟩 !SCHEDULE 🟦 !AUCTION 🟩 SPONSORS:@redbull @AlienwareChannel !RedBull !Alienware,245894,3194,44,PT11H24M26S,2025-09-27T04:47:12Z,True,https://i.ytimg.com/vi/MrlyUEfqybs/hqdefault.jpg,https://www.youtube.com/watch?v=MrlyUEfqybs
ZTGSWSEXV_g,We Raced Cars (and crashed),1606705,64591,1628,PT35M8S,2025-09-26T06:20:27Z,False,https://i.ytimg.com/vi/ZTGSWSEXV_g/hqdefault.jpg,https://www.youtube.com/watch?v=ZTGSWSEXV_g
UnIDbftolFM,🥇STREAM ENDS WHEN I BREAK THE TRACK RECORD🥇1:43:00,159953,2092,96,PT3H38M31S,2025-09-26T05:36:43Z,True,https://i.ytimg.com/vi/UnIDbftolFM/hqdefault.jpg,https://www.youtube.com/watch?v=UnIDbftolFM
PYSoCbIEuw0,"I Won $100,000… again",968733,32004,578,PT20M19S,2025-09-25T06:21:31Z,False,https://i.ytimg.com/vi/PYSoCbIEuw0/hqdefault.jpg,https://www.youtube.com/watch?v=PYSoCbIEuw0
eZhAACTlQZk,🥇B̶E̶A̶T̶I̶N̶G̶ ̶B̶A̶B̶Y̶ ̶S̶T̶E̶P̶S̶🥇WORLD CHAMP CLIMBER🥇!AETHERMANCER OUT NOW GO GET IT,134571,1688,36,PT4H42M46S,2025-09-25T04:54:51Z,True,https://i.ytimg.com/vi/eZhAACTlQZk/hqdefault.jpg,https://www.youtube.com/watch?v=eZhAACTlQZk
Ke26mgj2VoQ,📢STREAM ENDS WHEN I SAY THE WORD📢,146389,2208,34,PT4H35M47S,2025-09-24T06:56:11Z,True,https://i.ytimg.com/vi/Ke26mgj2VoQ/hqdefault.jpg,https://www.youtube.com/watch?v=Ke26mgj2VoQ
yhom9XcXKRM,The Problem with Pokémon Cards,407682,14476,166,PT51S,2025-09-23T06:43:33Z,False,https://i.ytimg.com/vi/yhom9XcXKRM/hqdefault.jpg,https://www.youtube.com/watch?v=yhom9XcXKRM
dsSkMonlJ30,RAGE GAME GUY‼️THEY FINALLY MADE 3D GETTING OVER IT‼️FAST 52 THIS WEEKEND‼️AETHERMANCER DROPS TOMO,147039,1952,39,PT4H30M24S,2025-09-23T05:32:48Z,True,https://i.ytimg.com/vi/dsSkMonlJ30/hqdefault.jpg,https://www.youtube.com/watch?v=dsSkMonlJ30
quFqz3NykLc,FaZe Riddler,1071297,24762,180,PT11S,2025-09-22T19:17:40Z,False,https://i.ytimg.com/vi/quFqz3NykLc/hqdefault.jpg,https://www.youtube.com/watch?v=quFqz3NykLc
JVbZiEkFkyU,Speedrunning the World's Hardest Captcha,2316688,63144,1350,PT30M40S,2025-09-21T01:35:43Z,False,https://i.ytimg.com/vi/JVbZiEkFkyU/hqdefault.jpg,https://www.youtube.com/watch?v=JVbZiEkFkyU
rCRSmEFS0YY,Math is hard,1066222,25133,554,PT22S,2025-09-20T09:23:27Z,False,https://i.ytimg.com/vi/rCRSmEFS0YY/hqdefault.jpg,https://www.youtube.com/watch?v=rCRSmEFS0YY
-rECieNLZPU,How to pick up a controller,140566,2421,34,PT19S,2025-09-19T08:23:41Z,False,https://i.ytimg.com/vi/-rECieNLZPU/hqdefault.jpg,https://www.youtube.com/watch?v=-rECieNLZPU
vAITtipfUSk,📉HOW MUCH MONEY DID I LOSE BUY EVERY POKEMON PACK EVER?,150288,2067,108,PT3H2M31S,2025-09-19T05:23:43Z,True,https://i.ytimg.com/vi/vAITtipfUSk/hqdefault.jpg,https://www.youtube.com/watch?v=vAITtipfUSk
awygeIKnShU,whos faster than me?,1379672,52178,529,PT1M,2025-09-18T21:04:26Z,False,https://i.ytimg.com/vi/awygeIKnShU/hqdefault.jpg,https://www.youtube.com/watch?v=awygeIKnShU
UnzO36O6FoA,everyone ragequit this game. so i decided to beat it,3177581,78999,1615,PT59M24S,2025-09-18T05:27:51Z,False,https://i.ytimg.com/vi/UnzO36O6FoA/hqdefault.jpg,https://www.youtube.com/watch?v=UnzO36O6FoA
BwPA4MK827o,INNOVATING LIVESTREAMING,153887,2043,62,PT6H3M41S,2025-09-17T03:54:19Z,True,https://i.ytimg.com/vi/BwPA4MK827o/hqdefault.jpg,https://www.youtube.com/watch?v=BwPA4MK827o
XS4E5UPEPUs,I used to be somebody,273152,5586,66,PT22S,2025-09-16T06:46:20Z,False,https://i.ytimg.com/vi/XS4E5UPEPUs/hqdefault.jpg,https://www.youtube.com/watch?v=XS4E5UPEPUs
PeRz5cVS9qk,LACY SUCKS🤣SPILLING THE TEA🤣REACTING IMPRESSIVELY🤣,73780,1396,56,PT2H12M58S,2025-09-16T05:56:25Z,True,https://i.ytimg.com/vi/PeRz5cVS9qk/hqdefault.jpg,https://www.youtube.com/watch?v=PeRz5cVS9qk
qnWyTrP-vHU,IF MY TEAM LOSES THIS GAME I QUIT STREAMING,64392,891,57,PT35M27S,2025-09-15T00:14:34Z,True,https://i.ytimg.com/vi/qnWyTrP-vHU/hqdefault.jpg,https://www.youtube.com/watch?v=qnWyTrP-vHU
lipUaMkiXTw,⚽ROCKET LEAGUE WORLD CHAMPIONSHIP⚽WATCHING WITH @CDawgVA ⚽#epicpartner,81444,1141,35,PT3H29M21S,2025-09-14T18:43:40Z,True,https://i.ytimg.com/vi/lipUaMkiXTw/hqdefault.jpg,https://www.youtube.com/watch?v=lipUaMkiXTw
_IdVh3zX0ts,I am so sorry,2710561,53220,297,PT8S,2025-09-13T08:13:51Z,False,https://i.ytimg.com/vi/_IdVh3zX0ts/hqdefault.jpg,https://www.youtube.com/watch?v=_IdVh3zX0ts
FqarpDRs6Lg,"🏆$10,000 DUEL AGAINST JASON🏆PROVING IM THE BEST GAMER ON TWITCH🏆",185894,2629,63,PT5H39M58S,2025-09-12T02:01:22Z,True,https://i.ytimg.com/vi/FqarpDRs6Lg/hqdefault.jpg,https://www.youtube.com/watch?v=FqarpDRs6Lg
Lzr9M51N698,Twitch Chat Made Me Crash Out,6361650,375844,3367,PT46S,2025-09-11T07:53:16Z,False,https://i.ytimg.com/vi/Lzr9M51N698/hqdefault.jpg,https://www.youtube.com/watch?v=Lzr9M51N698
aHKqv0_hoKw,🔥TIKTOK BINGO🔥TIP2TIP NEWS🔥BREAKING LEAGUE SOBRIETY???,100782,1616,117,PT3H57M8S,2025-09-11T04:47:44Z,True,https://i.ytimg.com/vi/aHKqv0_hoKw/hqdefault.jpg,https://www.youtube.com/watch?v=aHKqv0_hoKw
WZxy6OZRqAE,Smartest One Piece Fan Alive,814058,15435,75,PT16S,2025-09-10T08:38:36Z,False,https://i.ytimg.com/vi/WZxy6OZRqAE/hqdefault.jpg,https://www.youtube.com/watch?v=WZxy6OZRqAE
yrFW8O246uo,🚨🐮CANCELLING MR BEAST AND EXPOSING THE TRUTH,139756,2458,85,PT4H36M15S,2025-09-10T05:30:54Z,True,https://i.ytimg.com/vi/yrFW8O246uo/hqdefault.jpg,https://www.youtube.com/watch?v=yrFW8O246uo
S4sy6sAJZzs,My Wisest Chatter,300820,9843,86,PT13S,2025-09-08T08:08:35Z,False,https://i.ytimg.com/vi/S4sy6sAJZzs/hqdefault.jpg,https://www.youtube.com/watch?v=S4sy6sAJZzs
VIiQNNoTDLc,BEATING THIS GAME TODAY!,242375,2929,78,PT11H36M4S,2025-09-07T08:43:17Z,True,https://i.ytimg.com/vi/VIiQNNoTDLc/hqdefault.jpg,https://www.youtube.com/watch?v=VIiQNNoTDLc
CAnyzTyiewM,Germany’s Hardest Game Broke Me,957738,35338,794,PT30M30S,2025-09-06T05:46:56Z,False,https://i.ytimg.com/vi/CAnyzTyiewM/hqdefault.jpg,https://www.youtube.com/watch?v=CAnyzTyiewM
uUuTbtFucJE,🏆TODAY I BEAT THE GAME🏆,65302,1073,14,PT2H32M37S,2025-09-06T03:18:24Z,True,https://i.ytimg.com/vi/uUuTbtFucJE/hqdefault.jpg,https://www.youtube.com/watch?v=uUuTbtFucJE
GBnnTe4-z9w,I HAVE 4 HOURS TO BEAT THIS GAME OR ELSE,123479,1885,44,PT4H27M32S,2025-09-05T05:39:29Z,True,https://i.ytimg.com/vi/GBnnTe4-z9w/hqdefault.jpg,https://www.youtube.com/watch?v=GBnnTe4-z9w
jGCPZh8S9k4,jason ruined my game show,613216,13210,96,PT29S,2025-09-04T08:39:49Z,False,https://i.ytimg.com/vi/jGCPZh8S9k4/hqdefault.jpg,https://www.youtube.com/watch?v=jGCPZh8S9k4
kXV5iygAwr8,ANOTHER FOOTBALL FANTASY DRAFT? YES!,78563,1100,29,PT2H39M48S,2025-09-04T04:51:47Z,True,https://i.ytimg.com/vi/kXV5iygAwr8/hqdefault.jpg,https://www.youtube.com/watch?v=kXV5iygAwr8
gu8Pqg8a-H8,🌭DRAMA🌭HE CALLED ME OUT🌭DEFENDING MYSELF🌭SORRY NOT SORRY🌭,71279,1470,74,PT47M53S,2025-09-03T03:25:06Z,True,https://i.ytimg.com/vi/gu8Pqg8a-H8/hqdefault.jpg,https://www.youtube.com/watch?v=gu8Pqg8a-H8
FeXu26j4jFw,how far can a streamer kick a field goal?,3700723,142249,482,PT55S,2025-09-03T02:31:02Z,False,https://i.ytimg.com/vi/FeXu26j4jFw/hqdefault.jpg,https://www.youtube.com/watch?v=FeXu26j4jFw
Q2yZNITfiME,Testing Streamers Reaction Time,1614514,29378,251,PT44S,2025-09-02T06:47:47Z,False,https://i.ytimg.com/vi/Q2yZNITfiME/hqdefault.jpg,https://www.youtube.com/watch?v=Q2yZNITfiME
-7R2saCS74I,💰SCAMMING STREAMERS💰HELP ME💰FANTASY FOOTBALL DRAFT💰,92480,1197,63,PT3H34M48S,2025-09-02T04:17:23Z,True,https://i.ytimg.com/vi/-7R2saCS74I/hqdefault.jpg,https://www.youtube.com/watch?v=-7R2saCS74I
uvZq8mlnCfc,THE FACE OF NORTH AMERICAN LEAGUE WATCHES HIS TEAM DESTROY THE COMPETITION,81541,1103,22,PT3H33M25S,2025-09-01T00:01:36Z,True,https://i.ytimg.com/vi/uvZq8mlnCfc/hqdefault.jpg,https://www.youtube.com/watch?v=uvZq8mlnCfc
kP290jGh7uA,how fast can you eat a hotdog?,339575,8365,116,PT34S,2025-08-31T08:40:36Z,False,https://i.ytimg.com/vi/kP290jGh7uA/hqdefault.jpg,https://www.youtube.com/watch?v=kP290jGh7uA
SMOLH8jF9O8,GAMES WITH POOKIE :3 @Squeex,172310,2413,37,PT8H35M41S,2025-08-31T03:42:18Z,True,https://i.ytimg.com/vi/SMOLH8jF9O8/hqdefault.jpg,https://www.youtube.com/watch?v=SMOLH8jF9O8
VvKFJ2rd-vg,🤧JORDAN FLU GAME🤧FINALE OF THE STATE FARM GAMERHOOD🤧#statefarmpartner 🤧 !StateFarm,55479,1298,62,PT1H17M19S,2025-08-29T23:18:49Z,True,https://i.ytimg.com/vi/VvKFJ2rd-vg/hqdefault.jpg,https://www.youtube.com/watch?v=VvKFJ2rd-vg
hzEDxt_I5PM,I Made a Secret Channel to Answer This Question,2068227,87957,3126,PT22M3S,2025-08-29T07:38:35Z,False,https://i.ytimg.com/vi/hzEDxt_I5PM/hqdefault.jpg,https://www.youtube.com/watch?v=hzEDxt_I5PM
qvP0JHf6HPY,The Luckiest Pokémon Battle,245486,7273,69,PT1M3S,2025-08-28T05:50:54Z,False,https://i.ytimg.com/vi/qvP0JHf6HPY/hqdefault.jpg,https://www.youtube.com/watch?v=qvP0JHf6HPY
E27rxmCUjAk,This Video Cost $1000,561593,26116,6981,PT39S,2025-08-27T16:37:14Z,False,https://i.ytimg.com/vi/E27rxmCUjAk/hqdefault.jpg,https://www.youtube.com/watch?v=E27rxmCUjAk
UxUkWxIDCTo,She embarrassed me on stream so I got revenge,1683642,42136,691,PT44M35S,2025-08-26T05:14:18Z,False,https://i.ytimg.com/vi/UxUkWxIDCTo/hqdefault.jpg,https://www.youtube.com/watch?v=UxUkWxIDCTo
mo4q2h-xYq8,I spoke too soon 😬,245743,4423,37,PT23S,2025-08-25T11:46:15Z,False,https://i.ytimg.com/vi/mo4q2h-xYq8/hqdefault.jpg,https://www.youtube.com/watch?v=mo4q2h-xYq8
t-cbjydtVKg,This is the Greatest YouTube Video Ever,1051660,41399,1002,PT30S,2025-08-24T08:18:34Z,False,https://i.ytimg.com/vi/t-cbjydtVKg/hqdefault.jpg,https://www.youtube.com/watch?v=t-cbjydtVKg
PK7oysBb7dU,Quackity scares me,578237,19592,85,PT38S,2025-08-23T07:21:49Z,False,https://i.ytimg.com/vi/PK7oysBb7dU/hqdefault.jpg,https://www.youtube.com/watch?v=PK7oysBb7dU
i1h6o3bAaco,🤌CHEF LUDWIG🤌 !SOUP🤌 STATE FARM GAMERHOOD TODAY🤌 #statefarmpartner !StateFarm,142228,2322,71,PT5H2M9S,2025-08-23T02:49:47Z,True,https://i.ytimg.com/vi/i1h6o3bAaco/hqdefault.jpg,https://www.youtube.com/watch?v=i1h6o3bAaco
p2tP1lewzY0,This is unironically the best YouTube video of 2025,5234157,167087,4629,PT1H37M31S,2025-08-22T06:39:02Z,False,https://i.ytimg.com/vi/p2tP1lewzY0/hqdefault.jpg,https://www.youtube.com/watch?v=p2tP1lewzY0
OPVzWwiz5QU,Why YouTube shorts make you smarter,484844,12113,94,PT33S,2025-08-22T05:47:34Z,False,https://i.ytimg.com/vi/OPVzWwiz5QU/hqdefault.jpg,https://www.youtube.com/watch?v=OPVzWwiz5QU
MTlOb8AajeE,"The $10,000 Kick",341757,12090,75,PT40S,2025-08-21T22:21:33Z,False,https://i.ytimg.com/vi/MTlOb8AajeE/hqdefault.jpg,https://www.youtube.com/watch?v=MTlOb8AajeE
TdGZ-Lnp0zI,⛰️STREAM ENDS WHEN I BEAT PEAK⛰️FAILURE=200 GIFTED SUBS⛰️,223147,3040,68,PT6H36M11S,2025-08-21T03:39:22Z,True,https://i.ytimg.com/vi/TdGZ-Lnp0zI/hqdefault.jpg,https://www.youtube.com/watch?v=TdGZ-Lnp0zI
Tf20EqdtxlM,rating how fast streamers are,1291331,24731,271,PT27S,2025-08-20T07:40:12Z,False,https://i.ytimg.com/vi/Tf20EqdtxlM/hqdefault.jpg,https://www.youtube.com/watch?v=Tf20EqdtxlM
fdFzn3-dINM,"This YouTuber thought I couldn't beat his ""impossible"" Nuzlocke",1470928,44823,873,PT26M31S,2025-08-19T07:59:48Z,False,https://i.ytimg.com/vi/fdFzn3-dINM/hqdefault.jpg,https://www.youtube.com/watch?v=fdFzn3-dINM
wPVsSAkEjnI,The Tungsten Cube Challenge,15770648,365345,4397,PT40S,2025-08-19T07:16:50Z,False,https://i.ytimg.com/vi/wPVsSAkEjnI/hqdefault.jpg,https://www.youtube.com/watch?v=wPVsSAkEjnI
bCFxxE5kx5A,🏁STREAMER GAMES RECAP🏁HOW MUCH DID IT COST🏁WHO GOT BANNED🏁,209981,3479,125,PT5H4M25S,2025-08-19T06:20:40Z,True,https://i.ytimg.com/vi/bCFxxE5kx5A/hqdefault.jpg,https://www.youtube.com/watch?v=bCFxxE5kx5A
gspBnX1_Wcs,STREAMER GAMES 2025 DAY 2 !AT&T,776761,14583,657,PT6H7M2S,2025-08-18T02:30:03Z,True,https://i.ytimg.com/vi/gspBnX1_Wcs/hqdefault.jpg,https://www.youtube.com/watch?v=gspBnX1_Wcs
xg8Hqfk6SXY,STREAMER GAMES 2025 !ATT,595886,13434,963,PT5H24M25S,2025-08-17T01:43:04Z,True,https://i.ytimg.com/vi/xg8Hqfk6SXY/hqdefault.jpg,https://www.youtube.com/watch?v=xg8Hqfk6SXY
mP31ehGME30,GAMERHOOD WEEK 3!! STREAMER GAMES TOMORROW,176378,2027,70,PT1H50M14S,2025-08-16T00:12:06Z,True,https://i.ytimg.com/vi/mP31ehGME30/hqdefault.jpg,https://www.youtube.com/watch?v=mP31ehGME30
TaQ-GbQ9pxo,LEAKING EVERYTHING ABOUT STREAMER GAMES THEN BRO VS BRO AGAINST @williesuede,123868,1529,50,PT4H24M12S,2025-08-14T03:39:39Z,True,https://i.ytimg.com/vi/TaQ-GbQ9pxo/hqdefault.jpg,https://www.youtube.com/watch?v=TaQ-GbQ9pxo
E449eKI46q0,Can 3 Guys Beat 1 Olympic Athlete?,1718662,77434,3033,PT50M12S,2025-08-14T03:20:38Z,False,https://i.ytimg.com/vi/E449eKI46q0/hqdefault.jpg,https://www.youtube.com/watch?v=E449eKI46q0
X4KR5Xi52SA,this is a bad way to start a phone call,1585521,50898,127,PT18S,2025-08-13T21:22:56Z,False,https://i.ytimg.com/vi/X4KR5Xi52SA/hqdefault.jpg,https://www.youtube.com/watch?v=X4KR5Xi52SA
tL1ehx9s_Fg,This game rules,477334,14280,128,PT19S,2025-08-13T06:01:06Z,False,https://i.ytimg.com/vi/tL1ehx9s_Fg/hqdefault.jpg,https://www.youtube.com/watch?v=tL1ehx9s_Fg
gN6wcZofdhk,WATCHING 1000 PLAYERS SIMULATE CIVILIZATION IN MINECRAFT,704725,19882,975,PT6H5M6S,2025-08-13T04:44:32Z,True,https://i.ytimg.com/vi/gN6wcZofdhk/hqdefault.jpg,https://www.youtube.com/watch?v=gN6wcZofdhk
T6g3CT4O73A,My favorite viewer,1172088,35060,178,PT37S,2025-08-12T07:48:55Z,False,https://i.ytimg.com/vi/T6g3CT4O73A/hqdefault.jpg,https://www.youtube.com/watch?v=T6g3CT4O73A
5ffus0qKIFo,STREAM ENDS WHEN WE BEAT PEAK :) @Squeex @stanz @atrioc,212573,2802,85,PT5H47M56S,2025-08-12T05:01:38Z,True,https://i.ytimg.com/vi/5ffus0qKIFo/hqdefault.jpg,https://www.youtube.com/watch?v=5ffus0qKIFo
uLSApj8m5lg,I hosted a creator basketball event to prove I’m an athlete,423980,16228,380,PT8M17S,2025-08-11T01:41:35Z,False,https://i.ytimg.com/vi/uLSApj8m5lg/hqdefault.jpg,https://www.youtube.com/watch?v=uLSApj8m5lg
NN-aYlb9rAk,SUPERNOVA RIVALS OF AETHER 2 & MELEE TOP 8,125301,1328,17,PT8H12M54S,2025-08-10T23:21:50Z,True,https://i.ytimg.com/vi/NN-aYlb9rAk/hqdefault.jpg,https://www.youtube.com/watch?v=NN-aYlb9rAk
bpQ4vtM5Q6I,BRO VS BRO AGAINST RAE,539198,8609,118,PT7H23M48S,2025-08-09T05:46:17Z,True,https://i.ytimg.com/vi/bpQ4vtM5Q6I/hqdefault.jpg,https://www.youtube.com/watch?v=bpQ4vtM5Q6I
o2s4G6lZpXE,My parents made 1 mistake.,3847457,164404,1273,PT49S,2025-08-08T05:39:13Z,False,https://i.ytimg.com/vi/o2s4G6lZpXE/hqdefault.jpg,https://www.youtube.com/watch?v=o2s4G6lZpXE
RwwJRI82agM,"STREAMER GAMES DRAFT ft. Jack, Vanilla, Toast, Fuslie, Jason, Cinna, Agent, Emily",237299,4170,165,PT2H42M35S,2025-08-07T22:36:04Z,True,https://i.ytimg.com/vi/RwwJRI82agM/hqdefault.jpg,https://www.youtube.com/watch?v=RwwJRI82agM
_cg1H6bDGDE,RELEASING THE LIST,133522,1791,57,PT3H18M9S,2025-08-07T04:09:31Z,True,https://i.ytimg.com/vi/_cg1H6bDGDE/hqdefault.jpg,https://www.youtube.com/watch?v=_cg1H6bDGDE
vK0MZ_wcKGw,"Is this worth $5,000?",1628602,36038,280,PT31S,2025-08-05T22:16:03Z,False,https://i.ytimg.com/vi/vK0MZ_wcKGw/hqdefault.jpg,https://www.youtube.com/watch?v=vK0MZ_wcKGw
WvAiuFZCDoE,We Tried Speedrunning Drive-Thrus. We got the world record,1696735,57257,1036,PT33M56S,2025-08-05T18:03:10Z,False,https://i.ytimg.com/vi/WvAiuFZCDoE/hqdefault.jpg,https://www.youtube.com/watch?v=WvAiuFZCDoE
O_rFyesoDZw,$1000 POKEMON MATCH AGAINST FUSLIE,148758,2029,57,PT3H16M43S,2025-08-05T05:29:07Z,True,https://i.ytimg.com/vi/O_rFyesoDZw/hqdefault.jpg,https://www.youtube.com/watch?v=O_rFyesoDZw
L3KPVOEH55Y,BIG STREAM LOTS TO DISCUSS!!!! VALKYRAE THE GREATEST GAMER TO EVER DO IT,102209,1363,29,PT2H57M37S,2025-08-03T23:42:17Z,True,https://i.ytimg.com/vi/L3KPVOEH55Y/hqdefault.jpg,https://www.youtube.com/watch?v=L3KPVOEH55Y
_KcX5cHkSIQ,WELCOME BACK TO THE STATE FARM GAMERHOOD !StateFarm #statefarmpartner,179862,3457,69,PT2H1M25S,2025-08-02T00:12:55Z,True,https://i.ytimg.com/vi/_KcX5cHkSIQ/hqdefault.jpg,https://www.youtube.com/watch?v=_KcX5cHkSIQ
mLMv9XsJnXc,The Three Burger Problem,3893546,134510,925,PT58S,2025-07-31T03:24:03Z,False,https://i.ytimg.com/vi/mLMv9XsJnXc/hqdefault.jpg,https://www.youtube.com/watch?v=mLMv9XsJnXc
BC3nxSAiBJw,Im not a musician can I make a song?,1160473,46311,2098,PT39M7S,2025-07-30T06:34:31Z,False,https://i.ytimg.com/vi/BC3nxSAiBJw/hqdefault.jpg,https://www.youtube.com/watch?v=BC3nxSAiBJw
xZ6iZspwNSQ,The only thing I can say in French,6450878,190864,546,PT30S,2025-07-29T06:39:51Z,False,https://i.ytimg.com/vi/xZ6iZspwNSQ/hqdefault.jpg,https://www.youtube.com/watch?v=xZ6iZspwNSQ
6CWYSfaT3GQ,My secret talent,784032,16849,64,PT23S,2025-07-27T05:01:19Z,False,https://i.ytimg.com/vi/6CWYSfaT3GQ/hqdefault.jpg,https://www.youtube.com/watch?v=6CWYSfaT3GQ
MYzC9DYwrng,100 YouTubers Surprised Me With Mystery Gifts,2308886,56774,1240,PT1H43M13S,2025-07-26T20:59:32Z,False,https://i.ytimg.com/vi/MYzC9DYwrng/hqdefault.jpg,https://www.youtube.com/watch?v=MYzC9DYwrng
Pd8scKxa8rY,🙏ELITE 4🙏FIRE RED NUZLOCKE🙏GIANT ANNOUNCEMENT LATER🙏,160423,2863,132,PT2H33M35S,2025-07-26T20:56:57Z,True,https://i.ytimg.com/vi/Pd8scKxa8rY/hqdefault.jpg,https://www.youtube.com/watch?v=Pd8scKxa8rY
Skryc9DD1HI,Scary situation,480064,21939,138,PT29S,2025-07-26T06:16:13Z,False,https://i.ytimg.com/vi/Skryc9DD1HI/hqdefault.jpg,https://www.youtube.com/watch?v=Skryc9DD1HI
lgjAh-FfUII,🍔SPEEDRUNNING DRIVE-THRUS🌭DOUGDOUG CHALLENGE🍟HARDCORE EDITION🍕!rules !DND,752043,12516,578,PT4H49M46S,2025-07-26T05:17:54Z,True,https://i.ytimg.com/vi/lgjAh-FfUII/hqdefault.jpg,https://www.youtube.com/watch?v=lgjAh-FfUII
5Rw2PK_iE-8,ELITE 4 PREP!!! DOUGDOUG CHALLENGE LATER,125646,1434,16,PT3H12M47S,2025-07-25T23:17:14Z,True,https://i.ytimg.com/vi/5Rw2PK_iE-8/hqdefault.jpg,https://www.youtube.com/watch?v=5Rw2PK_iE-8
5L419tBbz7U,The weirdest gift I’ve ever received,2539793,83797,304,PT53S,2025-07-25T08:00:13Z,False,https://i.ytimg.com/vi/5L419tBbz7U/hqdefault.jpg,https://www.youtube.com/watch?v=5L419tBbz7U
jFstiv1LAIc,🌟RESTARTING MY NUZLOCKE🌟 NUMBER 1 VALKYRAE HATER🌟COACH: @Drxxyt,221634,2529,83,PT6H3M51S,2025-07-25T04:35:45Z,True,https://i.ytimg.com/vi/jFstiv1LAIc/hqdefault.jpg,https://www.youtube.com/watch?v=jFstiv1LAIc
vDdtAS3f-Jw,This is the biggest game on twitch. It rules,622135,21173,610,PT21M32S,2025-07-24T07:20:24Z,False,https://i.ytimg.com/vi/vDdtAS3f-Jw/hqdefault.jpg,https://www.youtube.com/watch?v=vDdtAS3f-Jw
ubxVwdYeJsI,He is too nice for streaming,1254137,30267,111,PT22S,2025-07-24T07:09:47Z,False,https://i.ytimg.com/vi/ubxVwdYeJsI/hqdefault.jpg,https://www.youtube.com/watch?v=ubxVwdYeJsI
8S9yRMVAeu8,LUDLOCKE IS IN TROUBLE.... !nuzlocke COACH @drxx,193032,2089,70,PT6H24M42S,2025-07-24T06:38:49Z,True,https://i.ytimg.com/vi/8S9yRMVAeu8/hqdefault.jpg,https://www.youtube.com/watch?v=8S9yRMVAeu8
ScoB1mSppB8,discussing the drama.,6983886,114403,478,PT27S,2025-07-23T06:42:43Z,False,https://i.ytimg.com/vi/ScoB1mSppB8/hqdefault.jpg,https://www.youtube.com/watch?v=ScoB1mSppB8
g0Yniz1Ma90,THE RETURN OF THE LUDLOCKE !nuzlocke,251110,3030,116,PT6H1M11S,2025-07-23T06:36:22Z,True,https://i.ytimg.com/vi/g0Yniz1Ma90/hqdefault.jpg,https://www.youtube.com/watch?v=g0Yniz1Ma90
uFW865uUpOM,She stole my girlfriend,2586207,79994,213,PT26S,2025-07-22T06:37:25Z,False,https://i.ytimg.com/vi/uFW865uUpOM/hqdefault.jpg,https://www.youtube.com/watch?v=uFW865uUpOM
4YahexICSdo,i am putting my foot down😡,206963,2447,59,PT5H14M10S,2025-07-22T02:22:48Z,True,https://i.ytimg.com/vi/4YahexICSdo/hqdefault.jpg,https://www.youtube.com/watch?v=4YahexICSdo
16bsPzkjd8E,WE MADE OUR OWN E3 🎮 @offbrand-games  SECRET SAUCE SHOWCASE,83578,1539,88,PT1H20M18S,2025-07-19T19:12:55Z,True,https://i.ytimg.com/vi/16bsPzkjd8E/hqdefault.jpg,https://www.youtube.com/watch?v=16bsPzkjd8E
t87sc_IzMH8,Who has the best golf swing?,1681887,26453,367,PT55S,2025-07-19T17:52:29Z,False,https://i.ytimg.com/vi/t87sc_IzMH8/hqdefault.jpg,https://www.youtube.com/watch?v=t87sc_IzMH8
AFS7OcvBBJo,THE ANNUAL YARD BEAT OFF!! TAKING GOLD THIS YEAR,261755,4836,276,PT5H11M6S,2025-07-19T11:31:40Z,True,https://i.ytimg.com/vi/AFS7OcvBBJo/hqdefault.jpg,https://www.youtube.com/watch?v=AFS7OcvBBJo
EqyXfRHq2zg,I forced my British friend to try every ice cream,640442,23111,725,PT21M45S,2025-07-18T07:42:43Z,False,https://i.ytimg.com/vi/EqyXfRHq2zg/hqdefault.jpg,https://www.youtube.com/watch?v=EqyXfRHq2zg
8Lbk-KgLNWg,he has studied the blade,2972850,75643,212,PT14S,2025-07-18T06:28:53Z,False,https://i.ytimg.com/vi/8Lbk-KgLNWg/hqdefault.jpg,https://www.youtube.com/watch?v=8Lbk-KgLNWg
-aTCL9MmkoQ,how many points are you scoring today?,2909823,74458,441,PT43S,2025-07-17T03:12:16Z,False,https://i.ytimg.com/vi/-aTCL9MmkoQ/hqdefault.jpg,https://www.youtube.com/watch?v=-aTCL9MmkoQ
z9n4bpRn5V0,😱OPENING 100 GIFTS FROM 100 YOUTUBERS😱,377890,5768,189,PT7H18M30S,2025-07-16T07:38:43Z,True,https://i.ytimg.com/vi/z9n4bpRn5V0/hqdefault.jpg,https://www.youtube.com/watch?v=z9n4bpRn5V0
Oj1v_hAULpM,"I Let Chat Spend $10,000. I regret it.",1036906,34048,709,PT18M46S,2025-07-15T03:32:09Z,False,https://i.ytimg.com/vi/Oj1v_hAULpM/hqdefault.jpg,https://www.youtube.com/watch?v=Oj1v_hAULpM
mwU1lzwXajw,This is why I can’t play video games with my girlfriend,1517518,35261,176,PT32S,2025-07-14T20:13:05Z,False,https://i.ytimg.com/vi/mwU1lzwXajw/hqdefault.jpg,https://www.youtube.com/watch?v=mwU1lzwXajw
_Z-MZeKFi2c,i am too old for this,902964,35182,1315,PT24M41S,2025-07-14T08:05:20Z,False,https://i.ytimg.com/vi/_Z-MZeKFi2c/hqdefault.jpg,https://www.youtube.com/watch?v=_Z-MZeKFi2c
ftrepPYgiAA,BASKETBALL DEBRIEF + NEW VIDEO WE REACT TO,99441,1465,24,PT2H34M20S,2025-07-13T23:56:05Z,True,https://i.ytimg.com/vi/ftrepPYgiAA/hqdefault.jpg,https://www.youtube.com/watch?v=ftrepPYgiAA
1_STdmEN_vo,🏀 LUDWIG'S BASKETBALL JAM PRESENTED BY AT&T !AT&T !RB,333550,5074,182,PT5H39M55S,2025-07-13T01:17:13Z,True,https://i.ytimg.com/vi/1_STdmEN_vo/hqdefault.jpg,https://www.youtube.com/watch?v=1_STdmEN_vo
gPMmXEUVAaU,lukas friend going live (he thinks im from make-a-wish) | MSI WATCH PARTY #MSI2025,76180,957,10,PT3H1M37S,2025-07-12T05:48:54Z,True,https://i.ytimg.com/vi/gPMmXEUVAaU/hqdefault.jpg,https://www.youtube.com/watch?v=gPMmXEUVAaU
uixyxsGOIAU,Luka Doncic actually sent me this,291424,9230,132,PT28S,2025-07-12T00:42:09Z,False,https://i.ytimg.com/vi/uixyxsGOIAU/hqdefault.jpg,https://www.youtube.com/watch?v=uixyxsGOIAU
eDmF0H3EbUM,Im seriously friends with Luka Doncic,630980,16333,150,PT29S,2025-07-11T07:13:43Z,False,https://i.ytimg.com/vi/eDmF0H3EbUM/hqdefault.jpg,https://www.youtube.com/watch?v=eDmF0H3EbUM
aDA5FWbDgSo,1v1 ME FOR 1 FREE MERCH ITEM !merch !discord,122505,1829,28,PT4H14M25S,2025-07-11T04:54:36Z,True,https://i.ytimg.com/vi/aDA5FWbDgSo/hqdefault.jpg,https://www.youtube.com/watch?v=aDA5FWbDgSo
3i6fspbW4aA,I Tried the Hardest Motorycle Test in the World,311606,7632,70,PT28S,2025-07-10T20:45:03Z,False,https://i.ytimg.com/vi/3i6fspbW4aA/hqdefault.jpg,https://www.youtube.com/watch?v=3i6fspbW4aA
lmApT7-ECcQ,What Happened to McDonalds,1771022,40894,296,PT21S,2025-07-10T19:36:28Z,False,https://i.ytimg.com/vi/lmApT7-ECcQ/hqdefault.jpg,https://www.youtube.com/watch?v=lmApT7-ECcQ
7FN76C4Z5sI,MARIO KART 8V8 CREW BATTLE VS FRANCE !RB,141418,2175,98,PT2H33M27S,2025-07-09T23:48:05Z,True,https://i.ytimg.com/vi/7FN76C4Z5sI/hqdefault.jpg,https://www.youtube.com/watch?v=7FN76C4Z5sI
i6qQBvUfX3I,this is the game of the year,1009338,30408,216,PT35S,2025-07-09T19:12:26Z,False,https://i.ytimg.com/vi/i6qQBvUfX3I/hqdefault.jpg,https://www.youtube.com/watch?v=i6qQBvUfX3I
aeb828RHOoU,🐎ULTIMATE HORSE GIRL TOURNAMENT👧UMA MUSUME: PRETTY DERBY🐎FT. friends👧,200688,2972,131,PT5H1M13S,2025-07-08T22:07:07Z,True,https://i.ytimg.com/vi/aeb828RHOoU/hqdefault.jpg,https://www.youtube.com/watch?v=aeb828RHOoU
mZ9JVWhos24,30,153388,2989,143,PT2H58M34S,2025-07-08T02:37:55Z,True,https://i.ytimg.com/vi/mZ9JVWhos24/hqdefault.jpg,https://www.youtube.com/watch?v=mZ9JVWhos24
wNgyMDPPUl4,PLAYING PEAK WITH @YourRAGEGaming @DannyBansUp AND @snowcone0,149053,2411,105,PT5H8M,2025-07-06T06:37:42Z,True,https://i.ytimg.com/vi/wNgyMDPPUl4/hqdefault.jpg,https://www.youtube.com/watch?v=wNgyMDPPUl4
2eLNDFBbznQ,i forgot i was live..,277764,6134,60,PT23S,2025-07-05T01:38:31Z,False,https://i.ytimg.com/vi/2eLNDFBbznQ/hqdefault.jpg,https://www.youtube.com/watch?v=2eLNDFBbznQ
SZq_eEg1wWs,It just kept getting worse,396013,7920,143,PT13S,2025-07-03T23:04:29Z,False,https://i.ytimg.com/vi/SZq_eEg1wWs/hqdefault.jpg,https://www.youtube.com/watch?v=SZq_eEg1wWs
kz65o8v7Af8,PLAYING MECHA BREAK 🤖TWITCH DROPS ON #sponsored,111966,1485,87,PT3H44M57S,2025-07-03T03:26:56Z,True,https://i.ytimg.com/vi/kz65o8v7Af8/hqdefault.jpg,https://www.youtube.com/watch?v=kz65o8v7Af8
GkBXpn64xU8,I am not a bad b**ch,400515,12059,99,PT24S,2025-07-02T21:13:43Z,False,https://i.ytimg.com/vi/GkBXpn64xU8/hqdefault.jpg,https://www.youtube.com/watch?v=GkBXpn64xU8
kZPYKVhz_Fo,I got hustled by adapt 😭,8746697,245251,599,PT1M11S,2025-07-02T05:24:58Z,False,https://i.ytimg.com/vi/kZPYKVhz_Fo/hqdefault.jpg,https://www.youtube.com/watch?v=kZPYKVhz_Fo
_fv5iib_mXI,I Ran a Contest to Find the Best Streamer in the World,734672,27987,1014,PT51M5S,2025-07-02T05:22:48Z,False,https://i.ytimg.com/vi/_fv5iib_mXI/hqdefault.jpg,https://www.youtube.com/watch?v=_fv5iib_mXI
ILALs41lhSs,🏎️💨TRACKMANIA TOURNAMNET🏎️💨ROOMIE RUMBLE🏎️💨,93502,1410,205,PT2H21M18S,2025-07-01T23:56:13Z,True,https://i.ytimg.com/vi/ILALs41lhSs/hqdefault.jpg,https://www.youtube.com/watch?v=ILALs41lhSs
wOVJiXbh2n8,🧱2 HOURS TO BEAT MINECRAFT CHASE THE SKIES WITH @qtcinderella🧱 !Minecraft #MinecraftPartner,186074,2547,88,PT2H53M6S,2025-06-25T21:42:19Z,True,https://i.ytimg.com/vi/wOVJiXbh2n8/hqdefault.jpg,https://www.youtube.com/watch?v=wOVJiXbh2n8
6S9X0CQV-mI,I Tried Scamming my friends in a Geoguessr tournament. Bad idea,930693,39295,748,PT10M53S,2025-06-25T07:09:22Z,False,https://i.ytimg.com/vi/6S9X0CQV-mI/hqdefault.jpg,https://www.youtube.com/watch?v=6S9X0CQV-mI
uDlmJZX_hEY,🎯ROOMIE RUMBLE 🎯 THE WHITE SHROUD OF COUNTER-STRIKE CARRIES HIS TEAM TO VICTORY 🎯,222177,2239,75,PT8H13M22S,2025-06-25T05:34:43Z,True,https://i.ytimg.com/vi/uDlmJZX_hEY/hqdefault.jpg,https://www.youtube.com/watch?v=uDlmJZX_hEY
mjrVdVai4s0,🌈WE GOTTA TALK🌈CONNOR COMES TODAY🌈LEAGUE WEEK THIS WEEK🌈,170567,2478,47,PT4H4M45S,2025-06-24T05:19:36Z,True,https://i.ytimg.com/vi/mjrVdVai4s0/hqdefault.jpg,https://www.youtube.com/watch?v=mjrVdVai4s0
u0W_ZRa0Jg4,ill never steal a car again,521961,16131,130,PT38S,2025-06-24T00:18:32Z,False,https://i.ytimg.com/vi/u0W_ZRa0Jg4/hqdefault.jpg,https://www.youtube.com/watch?v=u0W_ZRa0Jg4
AO-okBtBXbQ,I tried speedrunning the new Mario Kart. It broke me,1100414,35753,825,PT19M15S,2025-06-21T02:34:17Z,False,https://i.ytimg.com/vi/AO-okBtBXbQ/hqdefault.jpg,https://www.youtube.com/watch?v=AO-okBtBXbQ
s_GQarsRBfI,Unfiltered Gamer Rage,5924113,128613,762,PT19S,2025-06-20T05:42:47Z,False,https://i.ytimg.com/vi/s_GQarsRBfI/hqdefault.jpg,https://www.youtube.com/watch?v=s_GQarsRBfI
6RVC-PZb6tw,mario kart is an evil game,457379,13840,130,PT18S,2025-06-19T07:13:28Z,False,https://i.ytimg.com/vi/6RVC-PZb6tw/hqdefault.jpg,https://www.youtube.com/watch?v=6RVC-PZb6tw
mWhjX68EDPY,DEFEAT ME IN JITTER #sponsored ► COMPETITIVE SUIKA ► CEMENTING MYSELF IN PLAT,180225,2131,39,PT5H35M6S,2025-06-19T04:34:41Z,True,https://i.ytimg.com/vi/mWhjX68EDPY/hqdefault.jpg,https://www.youtube.com/watch?v=mWhjX68EDPY
I4qnb9ETdgc,LEAGUE UNTIL WE LOSE!!!,37288,712,116,PT1H20M52S,2025-06-18T22:48:32Z,True,https://i.ytimg.com/vi/I4qnb9ETdgc/hqdefault.jpg,https://www.youtube.com/watch?v=I4qnb9ETdgc
Yhmd9Y4gy2s,This is worse than losing $3 million,12056648,331571,940,PT20S,2025-06-18T05:47:00Z,False,https://i.ytimg.com/vi/Yhmd9Y4gy2s/hqdefault.jpg,https://www.youtube.com/watch?v=Yhmd9Y4gy2s
JYiBL1b1gV4,I Hired a Pro Gamer to Destroy Faze Clan,2035570,76739,1621,PT14M13S,2025-06-18T05:10:36Z,False,https://i.ytimg.com/vi/JYiBL1b1gV4/hqdefault.jpg,https://www.youtube.com/watch?v=JYiBL1b1gV4
QK0LSJ8rwEw,🏀THE WHITE LEBRON OF STREAMING IS HERE🏀WINNING ROOMIE RUMBLE🏀IRISH SPRING GREEN!!🏀,164356,1755,27,PT6H3M33S,2025-06-18T03:49:48Z,True,https://i.ytimg.com/vi/QK0LSJ8rwEw/hqdefault.jpg,https://www.youtube.com/watch?v=QK0LSJ8rwEw
A0BSeomvY9E,🏆MARIO KART CHAMPION🏆DESTROYING COMPETITION🏆SETTING WORLD RECORDS🏆,135383,1743,49,PT3H3M58S,2025-06-17T02:03:14Z,True,https://i.ytimg.com/vi/A0BSeomvY9E/hqdefault.jpg,https://www.youtube.com/watch?v=A0BSeomvY9E
E09-bUv_yWo,🎮GAMING LEGEND 🎮 LUDWIG CURSE IS REAL 🎮 SHOPIFY REBELLION WATCH PARTY🎮,78840,757,18,PT2H3M23S,2025-06-14T22:30:43Z,True,https://i.ytimg.com/vi/E09-bUv_yWo/hqdefault.jpg,https://www.youtube.com/watch?v=E09-bUv_yWo
xv_YWqp1fm4,how many subscribers have I lost?,1062231,27671,358,PT27S,2025-06-13T13:24:56Z,False,https://i.ytimg.com/vi/xv_YWqp1fm4/hqdefault.jpg,https://www.youtube.com/watch?v=xv_YWqp1fm4
eJrd67-P8e4,The Nightreign Trials Powered by @Alienware | !AW #AlienwarePartner @Intel #IntelCoreUltraProcessor,111025,1357,50,PT3H3M22S,2025-06-13T01:19:40Z,True,https://i.ytimg.com/vi/eJrd67-P8e4/hqdefault.jpg,https://www.youtube.com/watch?v=eJrd67-P8e4
7S51b9AsLx0,🏁MARIO KART CHAMPION💨DUSTING MY OPPONENTS🏁CHANGING  THE GAME💨POSITIVITY!!!🏁,212001,2543,25,PT5H41M27S,2025-06-12T06:45:13Z,True,https://i.ytimg.com/vi/7S51b9AsLx0/hqdefault.jpg,https://www.youtube.com/watch?v=7S51b9AsLx0
Rrp-5W4ruJc,The Video Ends When Twitch Chat Calls Me Gay,912925,34335,718,PT15M52S,2025-06-11T06:49:22Z,False,https://i.ytimg.com/vi/Rrp-5W4ruJc/hqdefault.jpg,https://www.youtube.com/watch?v=Rrp-5W4ruJc
QexG1fYKdCg,"$10000 GEOGUESSR TOURNEY FT Schlatt, Cdawg, Etoiles, Joe, Lirik, Sykkuno, Papaplatte ► ROOMIE RUMBLE",252882,3238,52,PT6H19M51S,2025-06-11T03:38:30Z,True,https://i.ytimg.com/vi/QexG1fYKdCg/hqdefault.jpg,https://www.youtube.com/watch?v=QexG1fYKdCg
96foZ9HYn5A,There are two wolves inside every bowler,2885599,87688,354,PT22S,2025-06-10T07:56:26Z,False,https://i.ytimg.com/vi/96foZ9HYn5A/hqdefault.jpg,https://www.youtube.com/watch?v=96foZ9HYn5A
BadP1wZaCsw,BEATING VALKYRAE OR GIFTING HER 100 SUBS,159938,2515,38,PT2H12M49S,2025-06-10T02:56:59Z,True,https://i.ytimg.com/vi/BadP1wZaCsw/hqdefault.jpg,https://www.youtube.com/watch?v=BadP1wZaCsw
RUEx6DHaT-Y,I lost $3 million for this,18179726,653737,3331,PT29S,2025-06-09T08:55:27Z,False,https://i.ytimg.com/vi/RUEx6DHaT-Y/hqdefault.jpg,https://www.youtube.com/watch?v=RUEx6DHaT-Y
rxA6NVVsEcQ,⚔️DO OR DIE⚔️ THE LUDWIG CURSE IS REAL⚔️ LEAGUE PLAYOFFS⚔️HITTING PLAT AFTER⚔️GO SR!!!,149637,1426,35,PT5H42M56S,2025-06-09T02:09:25Z,True,https://i.ytimg.com/vi/rxA6NVVsEcQ/hqdefault.jpg,https://www.youtube.com/watch?v=rxA6NVVsEcQ
cJCNMa2VyFU,I Tried Speedrunning Every Mario Kart. It destroyed me.,2455421,61281,2052,PT54M50S,2025-06-09T01:53:50Z,False,https://i.ytimg.com/vi/cJCNMa2VyFU/hqdefault.jpg,https://www.youtube.com/watch?v=cJCNMa2VyFU
lXeHGNcB9JM,FaZe Adapt gets kicked out of the clan,5795162,144364,1063,PT21S,2025-06-08T06:14:09Z,False,https://i.ytimg.com/vi/lXeHGNcB9JM/hqdefault.jpg,https://www.youtube.com/watch?v=lXeHGNcB9JM
aqoGksH0yuw,"🤑$20,000* SHOW MATCH 🎮 WITH FAZE 🤪🤙 COD GAUNTLET TOURNAMENT 🎮",296298,3791,189,PT8H45M21S,2025-06-08T04:19:29Z,True,https://i.ytimg.com/vi/aqoGksH0yuw/hqdefault.jpg,https://www.youtube.com/watch?v=aqoGksH0yuw
SVMhdmde4Qo,This bald streamer called me out. So I embarrassed him on stream.,1124332,28510,448,PT40M31S,2025-06-07T00:36:21Z,False,https://i.ytimg.com/vi/SVMhdmde4Qo/hqdefault.jpg,https://www.youtube.com/watch?v=SVMhdmde4Qo
M7_47jMMWE8,🏎 BEST LINES ON YOUTUBE 🏎 CONQUERING MARIO KART WORLD 🏎,152945,2058,29,PT3H22M27S,2025-06-07T00:27:09Z,True,https://i.ytimg.com/vi/M7_47jMMWE8/hqdefault.jpg,https://www.youtube.com/watch?v=M7_47jMMWE8
-uk1OTPXNX0,🦅TRUMP VS ELON🦅MAGA MAIL EXPLAINS THE DRAMA🦅MARIO KART AFTER🦅,264563,3681,69,PT7H58M31S,2025-06-06T07:10:41Z,True,https://i.ytimg.com/vi/-uk1OTPXNX0/hqdefault.jpg,https://www.youtube.com/watch?v=-uk1OTPXNX0
q1T1tQCs1ew,😔LETS TALK ABOUT YESTERDAY😔,144897,2105,107,PT4H11M11S,2025-06-05T05:43:58Z,True,https://i.ytimg.com/vi/q1T1tQCs1ew/hqdefault.jpg,https://www.youtube.com/watch?v=q1T1tQCs1ew
wOg5mAvakPc,💨 SPEEDRUNNING EVERY MARIO KART EVER💨,291261,3898,142,PT10H1M50S,2025-06-04T11:09:34Z,True,https://i.ytimg.com/vi/wOg5mAvakPc/hqdefault.jpg,https://www.youtube.com/watch?v=wOg5mAvakPc
O1JEBWug_2E,They said I couldn’t win... I proved them wrong,1130153,37411,823,PT18M21S,2025-06-03T02:55:40Z,False,https://i.ytimg.com/vi/O1JEBWug_2E/hqdefault.jpg,https://www.youtube.com/watch?v=O1JEBWug_2E
mUfBPBevz58,🧊TOO MUCH AURA IN ONE MAN(me)🧊STREAMING ALL NIGHT (2 hours)🧊INNOVATING CONSTANTLY(multi streaming)🧊,92311,1451,24,PT2H37M50S,2025-06-03T02:54:13Z,True,https://i.ytimg.com/vi/mUfBPBevz58/hqdefault.jpg,https://www.youtube.com/watch?v=mUfBPBevz58
d8UfZ91aB44,BEST LEAGUE PLAYER OF ALL TIME WATCHES HIS TEAM WIN THE CHAMPIONSHIP!!,130474,1387,29,PT6H14M7S,2025-06-02T02:40:00Z,True,https://i.ytimg.com/vi/d8UfZ91aB44/hqdefault.jpg,https://www.youtube.com/watch?v=d8UfZ91aB44
n6QKWNZXBjM,🗡️IM CAUSING A RECESSION🗡️HARDCORE GAMING FT squeex n slime :3🗡️,173359,1969,55,PT6H34M29S,2025-06-01T04:57:33Z,True,https://i.ytimg.com/vi/n6QKWNZXBjM/hqdefault.jpg,https://www.youtube.com/watch?v=n6QKWNZXBjM
D-5t4wqP5a4,🥵NEW YOUTUBE CHANNEL🥵DOING IT DIFFERENT THAN EVERYONE ELSE (reacting and gaming)🥵,171818,2387,95,PT5H31M15S,2025-05-30T02:52:49Z,True,https://i.ytimg.com/vi/D-5t4wqP5a4/hqdefault.jpg,https://www.youtube.com/watch?v=D-5t4wqP5a4
mS-OAvVMEW0,💨LEGEND OF GAMING RETURNS💨BY GAMING I MEAN REACTING💨THEN WE BACK TO LEAGUE💨,128013,1526,27,PT5H31M49S,2025-05-29T07:07:20Z,True,https://i.ytimg.com/vi/mS-OAvVMEW0/hqdefault.jpg,https://www.youtube.com/watch?v=mS-OAvVMEW0
ifOUxnn4Z3g,I found a 2 year old mystery box. It was cursed.,956248,34381,678,PT31M14S,2025-05-28T02:29:39Z,False,https://i.ytimg.com/vi/ifOUxnn4Z3g/hqdefault.jpg,https://www.youtube.com/watch?v=ifOUxnn4Z3g
HpEN9Z3ylnQ,☠️ONE HOUR STREAM☠️BIG DRAMA☠️HOSTING QT AFTER☠️,94763,1394,52,PT1H43M35S,2025-05-26T21:38:24Z,True,https://i.ytimg.com/vi/HpEN9Z3ylnQ/hqdefault.jpg,https://www.youtube.com/watch?v=HpEN9Z3ylnQ
0BMuRm7YV8k,🚩TALKING ABOUT THE DRAMA🚩CREATING NEW IDEAS🚩DOING WHAT THE POPE WOULD WANT🚩,114388,1726,80,PT2H39M36S,2025-05-26T03:31:08Z,True,https://i.ytimg.com/vi/0BMuRm7YV8k/hqdefault.jpg,https://www.youtube.com/watch?v=0BMuRm7YV8k
rci2qcHA9Qc,LUDWIGS 100K CHALLENGE DRIVEN BY GM ft @DisguisedToast @fuslie @MichaelReeves& MORE #sponsored,375271,8804,570,PT4H1M54S,2025-05-24T23:41:00Z,True,https://i.ytimg.com/vi/rci2qcHA9Qc/hqdefault.jpg,https://www.youtube.com/watch?v=rci2qcHA9Qc
Pp9VUL81HN8,GAMES WITH NORTHERNLION THEN ROOMIE CUP DRAFT,193521,2743,71,PT2H57M1S,2025-05-23T20:08:16Z,True,https://i.ytimg.com/vi/Pp9VUL81HN8/hqdefault.jpg,https://www.youtube.com/watch?v=Pp9VUL81HN8
7ge5_SWnq-E,AT&T ANNIHILATOR CUP THEN GAME OF THRONES: KINGSROAD #sponsored,241153,2466,121,PT8H24M36S,2025-05-23T06:34:15Z,True,https://i.ytimg.com/vi/7ge5_SWnq-E/hqdefault.jpg,https://www.youtube.com/watch?v=7ge5_SWnq-E
TBH8xzHf_a0,💣BACK IN MY OLD ROOM💣 LOTS TO GAME💣LOTS TO DO💣,125462,1680,65,PT4H11M32S,2025-05-22T03:53:41Z,True,https://i.ytimg.com/vi/TBH8xzHf_a0/hqdefault.jpg,https://www.youtube.com/watch?v=TBH8xzHf_a0
EmAs5PcnDWs,LIVE FROM SCOTLAND,111888,1409,62,PT2H27M6S,2025-05-18T22:57:38Z,True,https://i.ytimg.com/vi/EmAs5PcnDWs/hqdefault.jpg,https://www.youtube.com/watch?v=EmAs5PcnDWs
n3srE08UImo,WHAT HAPPENED???,158209,2262,67,PT2H57M1S,2025-05-18T00:13:35Z,True,https://i.ytimg.com/vi/n3srE08UImo/hqdefault.jpg,https://www.youtube.com/watch?v=n3srE08UImo
y3NBX418z7U,How I Accidentally Won a League Tournament,1992207,59908,1043,PT17M29S,2025-05-17T03:41:25Z,False,https://i.ytimg.com/vi/y3NBX418z7U/hqdefault.jpg,https://www.youtube.com/watch?v=y3NBX418z7U
PYrVgdmqkXQ,regarding the allegations,2639246,78037,688,PT38S,2025-05-17T00:05:36Z,False,https://i.ytimg.com/vi/PYrVgdmqkXQ/hqdefault.jpg,https://www.youtube.com/watch?v=PYrVgdmqkXQ
rS20Uvc8vSY,CHALLENGING NORTHERNLION TO EVERY VIDEO GAME EVER MADE,231783,3319,105,PT4H11M52S,2025-05-16T21:38:28Z,True,https://i.ytimg.com/vi/rS20Uvc8vSY/hqdefault.jpg,https://www.youtube.com/watch?v=rS20Uvc8vSY
w4SKRppliDU,AT&T ANNIHILATOR CUP🥊GAME DAY🥊TEAM LUDWIG SHOCKS THE WORLD🥊SF6 WINNER POV🥊 !Leaderboard !Giveaway,270017,2733,53,PT7H32M17S,2025-05-16T04:50:57Z,True,https://i.ytimg.com/vi/w4SKRppliDU/hqdefault.jpg,https://www.youtube.com/watch?v=w4SKRppliDU
R9gF3NQB4X8,i messed up,1092785,35141,829,PT22M55S,2025-05-16T04:17:05Z,False,https://i.ytimg.com/vi/R9gF3NQB4X8/hqdefault.jpg,https://www.youtube.com/watch?v=R9gF3NQB4X8
FxuIiAWnqjI,🥊TEAM LUDWIG STREET FIGHTER IN HOUSE TOURNAMENT🥊,151530,1664,46,PT4H2M18S,2025-05-15T00:13:21Z,True,https://i.ytimg.com/vi/FxuIiAWnqjI/hqdefault.jpg,https://www.youtube.com/watch?v=FxuIiAWnqjI
JyKSeTWeq1o,🏴‍☠️OPENING $1000 MYSTERY BOX🏴‍☠️ FIXING EUROPEAN RELATIONS🏴‍☠️,159622,3243,108,PT2H39M41S,2025-05-13T20:10:49Z,True,https://i.ytimg.com/vi/JyKSeTWeq1o/hqdefault.jpg,https://www.youtube.com/watch?v=JyKSeTWeq1o
EXNY89-8LR4,This is why you don’t celebrate early,702025,21725,240,PT37S,2025-05-13T00:53:28Z,False,https://i.ytimg.com/vi/EXNY89-8LR4/hqdefault.jpg,https://www.youtube.com/watch?v=EXNY89-8LR4
qyR12oF5hrQ,🥇GOLD OR GIVE UP! 🌞NEW DAY NEW ME🌞POSITIVITY SATURDAYS🌞LETS GET IT,166744,1781,35,PT5H38M27S,2025-05-11T05:59:06Z,True,https://i.ytimg.com/vi/qyR12oF5hrQ/hqdefault.jpg,https://www.youtube.com/watch?v=qyR12oF5hrQ
pbGpNlPByCM,🏆CHAMPION🏆TYLER'S BEST FRIEND🏆SHORT STREAM BEFORE PSL🏆,147890,1726,74,PT3H28M50S,2025-05-10T04:18:44Z,True,https://i.ytimg.com/vi/pbGpNlPByCM/hqdefault.jpg,https://www.youtube.com/watch?v=pbGpNlPByCM
9h-K7D6EHFU,🏆AT&T Annihilator Cup GAME DAY🏆LEAGUE OF LEGENDS DREAM TEAM🏆TYLER1 BFF🏆 !ATTLeaderboard !ATTGiveaway,360087,4930,177,PT6H7M21S,2025-05-09T03:34:11Z,True,https://i.ytimg.com/vi/9h-K7D6EHFU/hqdefault.jpg,https://www.youtube.com/watch?v=9h-K7D6EHFU
Y7dEPsu3rQ8,I MET FAMOUS HOLLYWOOD CELEBRITY!,175398,2117,55,PT5H56M10S,2025-05-08T07:47:50Z,True,https://i.ytimg.com/vi/Y7dEPsu3rQ8/hqdefault.jpg,https://www.youtube.com/watch?v=Y7dEPsu3rQ8
spAFYf23YwM,mastering my craft.,170631,2096,49,PT4H24M8S,2025-05-07T06:58:21Z,True,https://i.ytimg.com/vi/spAFYf23YwM/hqdefault.jpg,https://www.youtube.com/watch?v=spAFYf23YwM
92Ejs9ZopKw,PLAYING GAMES  :),268025,3465,61,PT6H20M28S,2025-05-06T05:18:06Z,True,https://i.ytimg.com/vi/92Ejs9ZopKw/hqdefault.jpg,https://www.youtube.com/watch?v=92Ejs9ZopKw
LL9pYmk60pM,ULTIMATE GAMING tournament WITH ELITE GAMERS and valkyrae,226143,2882,53,PT6H9M27S,2025-05-05T04:35:46Z,True,https://i.ytimg.com/vi/LL9pYmk60pM/hqdefault.jpg,https://www.youtube.com/watch?v=LL9pYmk60pM
Aahalq1klSo,LONG STREAM,145888,1955,49,PT4H51M33S,2025-05-04T02:48:08Z,True,https://i.ytimg.com/vi/Aahalq1klSo/hqdefault.jpg,https://www.youtube.com/watch?v=Aahalq1klSo
OnEstsxAYvo,I Studied the Biggest YouTubers to answer this question,1570829,46103,1582,PT31M6S,2025-05-04T02:38:31Z,False,https://i.ytimg.com/vi/OnEstsxAYvo/hqdefault.jpg,https://www.youtube.com/watch?v=OnEstsxAYvo
KdSkxKpI_1s,AT&T ANNIHILATOR CUP COUNTER-STRIKE 2 THEN LEAGUE DERUST PRACTICE,231784,2942,81,PT6H58M28S,2025-05-02T05:19:57Z,True,https://i.ytimg.com/vi/KdSkxKpI_1s/hqdefault.jpg,https://www.youtube.com/watch?v=KdSkxKpI_1s
po6IOq28NOc,The video ends when I find myself,1955237,61091,1262,PT33M58S,2025-04-29T06:26:54Z,False,https://i.ytimg.com/vi/po6IOq28NOc/hqdefault.jpg,https://www.youtube.com/watch?v=po6IOq28NOc
KM2XiKcYJ10,I Opened a French Bakery For 24 Hours!,2064815,100709,2350,PT22M13S,2025-04-27T06:49:14Z,False,https://i.ytimg.com/vi/KM2XiKcYJ10/hqdefault.jpg,https://www.youtube.com/watch?v=KM2XiKcYJ10
sACfbyLl9wQ,Streamer Family Feud !! ► COUNTER-STRIKE WITH THE SQUAD @Squeex​ @Emiru,161161,2214,71,PT4H55M16S,2025-04-26T02:56:25Z,True,https://i.ytimg.com/vi/sACfbyLl9wQ/hqdefault.jpg,https://www.youtube.com/watch?v=sACfbyLl9wQ
Q4es9QFsNgE,my only real job,428896,12504,198,PT45S,2025-04-25T23:09:02Z,False,https://i.ytimg.com/vi/Q4es9QFsNgE/hqdefault.jpg,https://www.youtube.com/watch?v=Q4es9QFsNgE
fetpLkbOk5U,surprising my girlfriend :),4211433,103817,595,PT44S,2025-04-25T01:29:00Z,False,https://i.ytimg.com/vi/fetpLkbOk5U/hqdefault.jpg,https://www.youtube.com/watch?v=fetpLkbOk5U
I90B5rXpVsE,GAMBLING✅FRAGGING OUT✅CS2 MARATHON STREAM✅ (multi streaming on twitch),171592,2303,93,PT4H55M47S,2025-04-24T03:40:23Z,True,https://i.ytimg.com/vi/I90B5rXpVsE/hqdefault.jpg,https://www.youtube.com/watch?v=I90B5rXpVsE
e5RJCO3-m2E,I Let My Chat Spend $5000. Big mistake.,2093699,58457,1150,PT34M44S,2025-04-23T00:21:02Z,False,https://i.ytimg.com/vi/e5RJCO3-m2E/hqdefault.jpg,https://www.youtube.com/watch?v=e5RJCO3-m2E
K8M33wuXG-U,watching the biggest youtube channels in the world,149943,2297,54,PT3H29M21S,2025-04-23T00:08:17Z,True,https://i.ytimg.com/vi/K8M33wuXG-U/hqdefault.jpg,https://www.youtube.com/watch?v=K8M33wuXG-U
gf7_Qkh6o04,the stream ends when i find myself,235931,4274,86,PT4H44M24S,2025-04-22T06:02:25Z,True,https://i.ytimg.com/vi/gf7_Qkh6o04/hqdefault.jpg,https://www.youtube.com/watch?v=gf7_Qkh6o04
nTqd4qLdk34,"OPENING $1000 OF STUFF FROM AMAZON, ETSY, EBAY AND TEMU",228054,3488,122,PT3H45M59S,2025-04-19T02:19:19Z,True,https://i.ytimg.com/vi/nTqd4qLdk34/hqdefault.jpg,https://www.youtube.com/watch?v=nTqd4qLdk34
VHpsEXYl_oY,NEIGHBORS: SUBURBAN WARFARE #sponsored ► SHOPIFY REBELLION WATCHPARTY,114997,1502,37,PT3H5M36S,2025-04-17T23:53:20Z,True,https://i.ytimg.com/vi/VHpsEXYl_oY/hqdefault.jpg,https://www.youtube.com/watch?v=VHpsEXYl_oY
-9Kqr1HB5IM,HUGE LIVESTREAM UPDATE,190105,3141,178,PT3H56M31S,2025-04-16T05:15:26Z,True,https://i.ytimg.com/vi/-9Kqr1HB5IM/hqdefault.jpg,https://www.youtube.com/watch?v=-9Kqr1HB5IM
s0jqb8W51mg,HUGE TOURNAMENT (WINNERS POV),151145,2234,42,PT3H38M10S,2025-04-12T00:30:32Z,True,https://i.ytimg.com/vi/s0jqb8W51mg/hqdefault.jpg,https://www.youtube.com/watch?v=s0jqb8W51mg
R8QVgcmSQzQ,We finally watched Tip to Tip,2137697,72198,1125,PT34M58S,2025-04-09T03:40:38Z,False,https://i.ytimg.com/vi/R8QVgcmSQzQ/hqdefault.jpg,https://www.youtube.com/watch?v=R8QVgcmSQzQ
ng8nSlZgMI4,BACK FROM JAPAN 🗾 TIP TO TIP REACT WITH @MichaelReeves,1492120,36185,752,PT5H52M33S,2025-04-05T23:38:55Z,True,https://i.ytimg.com/vi/ng8nSlZgMI4/hqdefault.jpg,https://www.youtube.com/watch?v=ng8nSlZgMI4
WDruI3NoasI,We Crossed Japan With No Map :),1566362,137781,6592,PT26M55S,2025-04-05T02:53:42Z,False,https://i.ytimg.com/vi/WDruI3NoasI/hqdefault.jpg,https://www.youtube.com/watch?v=WDruI3NoasI
kAF8wV4j3bE,almost crashed so we hitchhiked,1530960,83662,2803,PT27M53S,2025-04-04T03:19:30Z,False,https://i.ytimg.com/vi/kAF8wV4j3bE/hqdefault.jpg,https://www.youtube.com/watch?v=kAF8wV4j3bE
y-MubC_tBEc,michael made me camp,1805718,82952,2004,PT20M47S,2025-04-03T01:55:49Z,False,https://i.ytimg.com/vi/y-MubC_tBEc/hqdefault.jpg,https://www.youtube.com/watch?v=y-MubC_tBEc
ouJZlkzEi4w,we made it!,1774784,85575,2140,PT30M13S,2025-04-02T06:40:23Z,False,https://i.ytimg.com/vi/ouJZlkzEi4w/hqdefault.jpg,https://www.youtube.com/watch?v=ouJZlkzEi4w
Kaw7T6vUprk,I think we went the wrong way,1959578,88590,2705,PT33M8S,2025-04-01T06:18:18Z,False,https://i.ytimg.com/vi/Kaw7T6vUprk/hqdefault.jpg,https://www.youtube.com/watch?v=Kaw7T6vUprk
Vcb7ReQ5wVY,Training like my favorite baseball player #MLBTheShow #ForgeYourJourney #baseball @mlbtheshow #ad,255603,9256,156,PT1M8S,2025-03-31T22:25:40Z,False,https://i.ytimg.com/vi/Vcb7ReQ5wVY/hqdefault.jpg,https://www.youtube.com/watch?v=Vcb7ReQ5wVY
w2a3HYOYnjg,clueless white guy orders in horrible Japanese,1879144,85831,2667,PT22M27S,2025-03-30T02:40:42Z,False,https://i.ytimg.com/vi/w2a3HYOYnjg/hqdefault.jpg,https://www.youtube.com/watch?v=w2a3HYOYnjg
pmsqMLD62Tg,very good day :),1881750,87913,2358,PT18M54S,2025-03-29T04:55:36Z,False,https://i.ytimg.com/vi/pmsqMLD62Tg/hqdefault.jpg,https://www.youtube.com/watch?v=pmsqMLD62Tg
0yj7sQqq3nY,very bad day :(,2056852,95440,2941,PT24M36S,2025-03-28T07:19:10Z,False,https://i.ytimg.com/vi/0yj7sQqq3nY/hqdefault.jpg,https://www.youtube.com/watch?v=0yj7sQqq3nY
Ep9z1Xuu4Ps,Best meal we’ve ever had,2292263,100085,2887,PT23M5S,2025-03-27T02:53:22Z,False,https://i.ytimg.com/vi/Ep9z1Xuu4Ps/hqdefault.jpg,https://www.youtube.com/watch?v=Ep9z1Xuu4Ps
g0zmXbVXIwU,We lost our bikes,2321528,98842,2593,PT23M28S,2025-03-26T07:19:02Z,False,https://i.ytimg.com/vi/g0zmXbVXIwU/hqdefault.jpg,https://www.youtube.com/watch?v=g0zmXbVXIwU
FCk8sicNMDo,Big storm :(,2475567,118900,4086,PT24M35S,2025-03-25T04:25:41Z,False,https://i.ytimg.com/vi/FCk8sicNMDo/hqdefault.jpg,https://www.youtube.com/watch?v=FCk8sicNMDo
eufACgQfifU,we found a shortcut,2445708,113769,3383,PT21M44S,2025-03-23T23:37:14Z,False,https://i.ytimg.com/vi/eufACgQfifU/hqdefault.jpg,https://www.youtube.com/watch?v=eufACgQfifU
KKnaizQsRNc,already lost.,2692141,130597,3344,PT23M23S,2025-03-23T00:07:51Z,False,https://i.ytimg.com/vi/KKnaizQsRNc/hqdefault.jpg,https://www.youtube.com/watch?v=KKnaizQsRNc
QQTujE5qb_U,Crossing Japan With No Map,3946384,184933,4871,PT16M47S,2025-03-21T23:27:04Z,False,https://i.ytimg.com/vi/QQTujE5qb_U/hqdefault.jpg,https://www.youtube.com/watch?v=QQTujE5qb_U
SHIkv0XH20A,Going Tip to Tip with ​Michael Reeves,1136998,54364,956,PT1M11S,2025-03-21T01:55:16Z,False,https://i.ytimg.com/vi/SHIkv0XH20A/hqdefault.jpg,https://www.youtube.com/watch?v=SHIkv0XH20A
6-dmkH4dKKQ,Bald.,501024,16183,785,PT17M5S,2025-03-19T06:16:29Z,False,https://i.ytimg.com/vi/6-dmkH4dKKQ/hqdefault.jpg,https://www.youtube.com/watch?v=6-dmkH4dKKQ
jJ_oHu7psWM,I let a wheel control my life for 100 hours,1838076,64730,2110,PT31M42S,2025-03-18T02:15:31Z,False,https://i.ytimg.com/vi/jJ_oHu7psWM/hqdefault.jpg,https://www.youtube.com/watch?v=jJ_oHu7psWM
DUVOC5hyPUQ,Pretty people get more views,573689,28638,577,PT33S,2025-03-17T02:14:23Z,False,https://i.ytimg.com/vi/DUVOC5hyPUQ/hqdefault.jpg,https://www.youtube.com/watch?v=DUVOC5hyPUQ
fkZG_FYqOEs,I bought EVERY dumb TikTok ad. They’re actually good…,1919045,49991,1384,PT36M55S,2025-03-16T13:14:34Z,False,https://i.ytimg.com/vi/fkZG_FYqOEs/hqdefault.jpg,https://www.youtube.com/watch?v=fkZG_FYqOEs
zdtG45b7GOk,learning how to dunk,1295576,79497,328,PT35S,2025-03-14T21:46:41Z,False,https://i.ytimg.com/vi/zdtG45b7GOk/hqdefault.jpg,https://www.youtube.com/watch?v=zdtG45b7GOk
ojJunLOqF9M,RAINBOW 6 SIEGE X SHOWCASE GOING TO JAPAN FOR 2 WEEKS! #AD,83606,1411,38,PT2H7M46S,2025-03-13T19:15:33Z,True,https://i.ytimg.com/vi/ojJunLOqF9M/hqdefault.jpg,https://www.youtube.com/watch?v=ojJunLOqF9M
6HIZKrssd-I,"Sorry, Women",978524,64223,406,PT33S,2025-03-12T05:01:10Z,False,https://i.ytimg.com/vi/6HIZKrssd-I/hqdefault.jpg,https://www.youtube.com/watch?v=6HIZKrssd-I
C6aTWOzy-54,I Tried Twitch's Hardest Game. I accidentally broke the record.,1128626,30420,517,PT42M5S,2025-03-12T04:55:17Z,False,https://i.ytimg.com/vi/C6aTWOzy-54/hqdefault.jpg,https://www.youtube.com/watch?v=C6aTWOzy-54
mXfmscA6oiY,last stream for 2 weeks!,76379,1543,52,PT1H33M58S,2025-03-12T00:43:38Z,True,https://i.ytimg.com/vi/mXfmscA6oiY/hqdefault.jpg,https://www.youtube.com/watch?v=mXfmscA6oiY
ok7lCqHuRjI,How I Met Luka Dončić (and became his best friend),639730,20129,692,PT39M32S,2025-03-08T22:58:31Z,False,https://i.ytimg.com/vi/ok7lCqHuRjI/hqdefault.jpg,https://www.youtube.com/watch?v=ok7lCqHuRjI
5VbKgOONxZo,ludwig from video games destroys @disguisedtoast in show of skill #FragPunkPartner,93577,1237,45,PT2H13M28S,2025-03-08T22:09:27Z,True,https://i.ytimg.com/vi/5VbKgOONxZo/hqdefault.jpg,https://www.youtube.com/watch?v=5VbKgOONxZo
Imh0Tv-4tEo,playing games with my girlfriend :),134807,2482,94,PT2H50M21S,2025-03-08T06:54:00Z,True,https://i.ytimg.com/vi/Imh0Tv-4tEo/hqdefault.jpg,https://www.youtube.com/watch?v=Imh0Tv-4tEo
Dml_ne-kDi8,i bought this scam so you dont have to,633886,36780,189,PT31S,2025-03-06T07:48:44Z,False,https://i.ytimg.com/vi/Dml_ne-kDi8/hqdefault.jpg,https://www.youtube.com/watch?v=Dml_ne-kDi8
AlHbxSGaoIc,I tried beating Pokémon’s ‘hardest’ challenge in one sitting. Big mistake…,2914553,74100,1464,PT26M59S,2025-03-05T06:27:06Z,False,https://i.ytimg.com/vi/AlHbxSGaoIc/hqdefault.jpg,https://www.youtube.com/watch?v=AlHbxSGaoIc
7O0cgRfTpC4,going bald was a mistake.,742284,54581,696,PT37S,2025-03-04T04:40:32Z,False,https://i.ytimg.com/vi/7O0cgRfTpC4/hqdefault.jpg,https://www.youtube.com/watch?v=7O0cgRfTpC4
5N-Rb2dksgc,I MET LUKA DONCIC STORY TIME,160314,3022,87,PT2H36M42S,2025-03-03T02:44:35Z,True,https://i.ytimg.com/vi/5N-Rb2dksgc/hqdefault.jpg,https://www.youtube.com/watch?v=5N-Rb2dksgc
0B6oo3JNFaA,🍄MARIO PARTY DECATHLON🍄PLAYING EVERY MARIO PARTY GAME🍄 pt 2,141342,2176,45,PT2H53M30S,2025-03-02T10:45:13Z,True,https://i.ytimg.com/vi/0B6oo3JNFaA/hqdefault.jpg,https://www.youtube.com/watch?v=0B6oo3JNFaA
kpODL2DAUM8,🍄MARIO PARTY DECATHLON🍄PLAYING EVERY MARIO PARTY GAME🍄,478172,6087,163,PT11H12M31S,2025-03-02T08:23:26Z,True,https://i.ytimg.com/vi/kpODL2DAUM8/hqdefault.jpg,https://www.youtube.com/watch?v=kpODL2DAUM8
tuat6aeuFIk,I Forced my Dumbest Friends to Play Jeopardy. It went as expected.,1632553,48140,1982,PT39M49S,2025-02-28T01:22:37Z,False,https://i.ytimg.com/vi/tuat6aeuFIk/hqdefault.jpg,https://www.youtube.com/watch?v=tuat6aeuFIk
4ARNFUtfPPo,lil pup is putting the ball in the cup !Wilds #sponsored,109200,1681,25,PT3H9M39S,2025-02-28T01:10:47Z,True,https://i.ytimg.com/vi/4ARNFUtfPPo/hqdefault.jpg,https://www.youtube.com/watch?v=4ARNFUtfPPo
pPVHQ9kEkBE,this game is crazy,297636,18108,116,PT43S,2025-02-27T06:54:16Z,False,https://i.ytimg.com/vi/pPVHQ9kEkBE/hqdefault.jpg,https://www.youtube.com/watch?v=pPVHQ9kEkBE
QAmcQBEbWj8,"just put the ball in the cup, bro",185953,3712,122,PT3H39M52S,2025-02-27T03:47:41Z,True,https://i.ytimg.com/vi/QAmcQBEbWj8/hqdefault.jpg,https://www.youtube.com/watch?v=QAmcQBEbWj8
iBy1HZ2hEhg,Bald.,2500437,210297,5513,PT46S,2025-02-26T05:23:52Z,False,https://i.ytimg.com/vi/iBy1HZ2hEhg/hqdefault.jpg,https://www.youtube.com/watch?v=iBy1HZ2hEhg
I5tVpTJGnB4,I AM BALD👨‍🦲this is the only stream you can make fun of me.,272928,7122,575,PT3H23M52S,2025-02-26T03:00:29Z,True,https://i.ytimg.com/vi/I5tVpTJGnB4/hqdefault.jpg,https://www.youtube.com/watch?v=I5tVpTJGnB4
nmCHpPFpbcc,I made a Pokémon unalive itself,1764032,124961,332,PT55S,2025-02-25T07:47:41Z,False,https://i.ytimg.com/vi/nmCHpPFpbcc/hqdefault.jpg,https://www.youtube.com/watch?v=nmCHpPFpbcc
XY70g0V_Dxk,I Ranked the Hardest Games of All Time,1591441,39830,1247,PT35M27S,2025-02-25T04:05:17Z,False,https://i.ytimg.com/vi/XY70g0V_Dxk/hqdefault.jpg,https://www.youtube.com/watch?v=XY70g0V_Dxk
uSpcWNK2WDo,The most popular game you’ve never heard of,1409268,72355,311,PT33S,2025-02-24T15:23:15Z,False,https://i.ytimg.com/vi/uSpcWNK2WDo/hqdefault.jpg,https://www.youtube.com/watch?v=uSpcWNK2WDo
jyVgpIDPbAs,normal valorant stream.,148479,3217,246,PT1H3M56S,2025-02-24T02:14:35Z,True,https://i.ytimg.com/vi/jyVgpIDPbAs/hqdefault.jpg,https://www.youtube.com/watch?v=jyVgpIDPbAs
Xs7ro76siRc,i am losing to these people,1171867,95841,511,PT32S,2025-02-23T10:26:41Z,False,https://i.ytimg.com/vi/Xs7ro76siRc/hqdefault.jpg,https://www.youtube.com/watch?v=Xs7ro76siRc
r4rTXmJiPco,this video took 3 years to make,600517,32489,1778,PT23M56S,2025-02-23T09:57:11Z,False,https://i.ytimg.com/vi/r4rTXmJiPco/hqdefault.jpg,https://www.youtube.com/watch?v=r4rTXmJiPco
AaZMTjXGXaA,✂️LETTING FUSLIE CUT MY HAIR BUT IM BLINDFOLDED🫣,218455,5175,199,PT2H41M41S,2025-02-23T06:43:58Z,True,https://i.ytimg.com/vi/AaZMTjXGXaA/hqdefault.jpg,https://www.youtube.com/watch?v=AaZMTjXGXaA
iiimbxGC-K0,🌸VTUBER DEBUT🐈BE NICE PLEASE IM NEW✨,153720,6313,441,PT34M32S,2025-02-23T02:51:58Z,True,https://i.ytimg.com/vi/iiimbxGC-K0/hqdefault.jpg,https://www.youtube.com/watch?v=iiimbxGC-K0
hZI0zi-7IZc,"TWITCH JEOPARDY ft. Valkyrae, Fuslie, Miyoung, and Slime",257490,4087,60,PT10H44M23S,2025-02-22T09:25:40Z,True,https://i.ytimg.com/vi/hZI0zi-7IZc/hqdefault.jpg,https://www.youtube.com/watch?v=hZI0zi-7IZc
eilx_zicYIg,🔴BUILDING KNEX FERRIS WHEEL | BEAT HOLLOW KNIGHT | PROMISE WEEK!,229933,3828,156,PT11H55M,2025-02-21T09:03:49Z,True,https://i.ytimg.com/vi/eilx_zicYIg/hqdefault.jpg,https://www.youtube.com/watch?v=eilx_zicYIg
kQXZGBHbs_U,🔴 PROMISE WEEK,38137,713,17,PT22M28S,2025-02-21T08:52:27Z,True,https://i.ytimg.com/vi/kQXZGBHbs_U/hqdefault.jpg,https://www.youtube.com/watch?v=kQXZGBHbs_U
BUeEBz6XIqA,I opened every Pokémon pack ever made,2876784,62325,2087,PT1H41M20S,2025-02-20T09:57:08Z,False,https://i.ytimg.com/vi/BUeEBz6XIqA/hqdefault.jpg,https://www.youtube.com/watch?v=BUeEBz6XIqA
4YcxMQPWqJs,the most expensive pokemon pack in the world,5642617,266066,945,PT1M,2025-02-19T20:30:02Z,False,https://i.ytimg.com/vi/4YcxMQPWqJs/hqdefault.jpg,https://www.youtube.com/watch?v=4YcxMQPWqJs
Xej6asugXJs,My Biggest Regret,667537,48963,173,PT38S,2025-02-18T23:52:15Z,False,https://i.ytimg.com/vi/Xej6asugXJs/hqdefault.jpg,https://www.youtube.com/watch?v=Xej6asugXJs
awoR3NqILyA,I Stole From Charity,377277,27160,176,PT37S,2025-02-18T08:43:52Z,False,https://i.ytimg.com/vi/awoR3NqILyA/hqdefault.jpg,https://www.youtube.com/watch?v=awoR3NqILyA
n3Lu49w1T2A,🔴BEATING THIS GAME OR NEVER GOING LIVE AGAIN,224109,3601,51,PT3H40M38S,2025-02-18T03:26:12Z,True,https://i.ytimg.com/vi/n3Lu49w1T2A/hqdefault.jpg,https://www.youtube.com/watch?v=n3Lu49w1T2A
KoF2gm0bDHM,this took 15 years to do,1305875,73495,728,PT50S,2025-02-15T02:40:24Z,False,https://i.ytimg.com/vi/KoF2gm0bDHM/hqdefault.jpg,https://www.youtube.com/watch?v=KoF2gm0bDHM
TK2KlWEDe6I,This streamer scammed me,1001580,39349,1061,PT20M19S,2025-02-14T02:15:27Z,False,https://i.ytimg.com/vi/TK2KlWEDe6I/hqdefault.jpg,https://www.youtube.com/watch?v=TK2KlWEDe6I
31zLgEzW_Mg,STOP DOING THIS,472652,37471,656,PT23S,2025-02-13T05:52:41Z,False,https://i.ytimg.com/vi/31zLgEzW_Mg/hqdefault.jpg,https://www.youtube.com/watch?v=31zLgEzW_Mg
_fw88_LvUNQ,🔴NEW SETUP (AGAIN) NEW FODDIAN GAME WITH @Squeex,217598,3443,62,PT4H35M33S,2025-02-13T05:50:52Z,True,https://i.ytimg.com/vi/_fw88_LvUNQ/hqdefault.jpg,https://www.youtube.com/watch?v=_fw88_LvUNQ
NGcu8uQisJw,I let my chat go online shopping. They got carried away...,2168908,66526,1402,PT35M40S,2025-02-12T08:27:36Z,False,https://i.ytimg.com/vi/NGcu8uQisJw/hqdefault.jpg,https://www.youtube.com/watch?v=NGcu8uQisJw
tx2EWLpXD1M,I Got Set on Fire,661176,55572,404,PT22S,2025-02-12T04:59:26Z,False,https://i.ytimg.com/vi/tx2EWLpXD1M/hqdefault.jpg,https://www.youtube.com/watch?v=tx2EWLpXD1M
cSRuQ3Do7Jw,🔴i got scammed... letse talk about it,167728,3627,162,PT1H46M19S,2025-02-11T04:00:19Z,True,https://i.ytimg.com/vi/cSRuQ3Do7Jw/hqdefault.jpg,https://www.youtube.com/watch?v=cSRuQ3Do7Jw
BX-LwHQxLUs,TEAM TAKIS LIVESTREAM !takisgiveaway,142909,2407,68,PT2H15M47S,2025-02-09T23:08:43Z,True,https://i.ytimg.com/vi/BX-LwHQxLUs/hqdefault.jpg,https://www.youtube.com/watch?v=BX-LwHQxLUs
V9cNMTJfvnk,🔴i bought everything i saw on tik tok lets open it,205954,3984,74,PT5H11M29S,2025-02-09T07:09:57Z,True,https://i.ytimg.com/vi/V9cNMTJfvnk/hqdefault.jpg,https://www.youtube.com/watch?v=V9cNMTJfvnk
yntwTwBt4nQ,I Ranked the Most Popular Mobile Games,2035587,49601,2387,PT45M58S,2025-02-08T18:49:16Z,False,https://i.ytimg.com/vi/yntwTwBt4nQ/hqdefault.jpg,https://www.youtube.com/watch?v=yntwTwBt4nQ
E01qbYWEXAM,🔴 STREAM ROOM FLOODED | NEW SETUP | IRONMON RACE,125098,2169,63,PT1H40M45S,2025-02-07T23:09:27Z,True,https://i.ytimg.com/vi/E01qbYWEXAM/hqdefault.jpg,https://www.youtube.com/watch?v=E01qbYWEXAM
It0MAsVHZKc,"🔴$30,000 POKEMON OPENING (EVERY PACK EVER MADE)",374519,7796,228,PT5H20M23S,2025-02-07T07:01:12Z,True,https://i.ytimg.com/vi/It0MAsVHZKc/hqdefault.jpg,https://www.youtube.com/watch?v=It0MAsVHZKc
8UrpTwpYao4,a lesson ill never forget,547188,49864,312,PT1M8S,2025-02-06T07:21:19Z,False,https://i.ytimg.com/vi/8UrpTwpYao4/hqdefault.jpg,https://www.youtube.com/watch?v=8UrpTwpYao4
ktUkgsqDlow,🔴IM LATE! NEW JUMP KING,179596,2712,172,PT3H59M23S,2025-02-02T08:39:53Z,True,https://i.ytimg.com/vi/ktUkgsqDlow/hqdefault.jpg,https://www.youtube.com/watch?v=ktUkgsqDlow
g9V_W5ZEh9E,Ranking Every YouTuber Game,1828588,46636,1345,PT45M9S,2025-02-02T03:25:40Z,False,https://i.ytimg.com/vi/g9V_W5ZEh9E/hqdefault.jpg,https://www.youtube.com/watch?v=g9V_W5ZEh9E
nhbFd3uSaRM,🔴WATCHING MY LEAGUE TEAM,54279,966,62,PT26M37S,2025-02-01T23:34:55Z,True,https://i.ytimg.com/vi/nhbFd3uSaRM/hqdefault.jpg,https://www.youtube.com/watch?v=nhbFd3uSaRM
_fjC0bNabg4,🔴EPIC MARIO CHALLENGE,164259,2501,59,PT5H43M44S,2025-02-01T06:22:04Z,True,https://i.ytimg.com/vi/_fjC0bNabg4/hqdefault.jpg,https://www.youtube.com/watch?v=_fjC0bNabg4
Bgyce49tnVc,I Tried Ranking Every Country (bad idea),982798,34058,2995,PT38M39S,2025-01-30T04:37:08Z,False,https://i.ytimg.com/vi/Bgyce49tnVc/hqdefault.jpg,https://www.youtube.com/watch?v=Bgyce49tnVc
Jwm4sufOp84,🔴RANKING EVERY FODDIAN GAME,155918,2735,124,PT3H15M20S,2025-01-30T00:59:02Z,True,https://i.ytimg.com/vi/Jwm4sufOp84/hqdefault.jpg,https://www.youtube.com/watch?v=Jwm4sufOp84
Rx1Xf4trrY8,the meanest youtube comment ive ever seen,790200,61832,400,PT34S,2025-01-29T07:20:19Z,False,https://i.ytimg.com/vi/Rx1Xf4trrY8/hqdefault.jpg,https://www.youtube.com/watch?v=Rx1Xf4trrY8
rGteiADOgUg,ARE MOBILE GAMES ACTUALLY GOOD?,173923,3416,119,PT4H30M6S,2025-01-29T03:58:35Z,True,https://i.ytimg.com/vi/rGteiADOgUg/hqdefault.jpg,https://www.youtube.com/watch?v=rGteiADOgUg
XYFfbURBsv4,LETTING CHAT BUY STUFF,171291,2594,58,PT4H24M33S,2025-01-28T14:46:23Z,True,https://i.ytimg.com/vi/XYFfbURBsv4/hqdefault.jpg,https://www.youtube.com/watch?v=XYFfbURBsv4
0mYbypMjIZI,I predicted the future,441763,35981,585,PT34S,2025-01-28T06:24:48Z,False,https://i.ytimg.com/vi/0mYbypMjIZI/hqdefault.jpg,https://www.youtube.com/watch?v=0mYbypMjIZI
oiiJJg8elwo,i hate connor,307385,25632,113,PT48S,2025-01-26T20:13:37Z,False,https://i.ytimg.com/vi/oiiJJg8elwo/hqdefault.jpg,https://www.youtube.com/watch?v=oiiJJg8elwo
-IyEwcyuXpM,Lying is bad (and I lost my friends learning this lesson),1190064,74380,260,PT34S,2025-01-25T02:10:40Z,False,https://i.ytimg.com/vi/-IyEwcyuXpM/hqdefault.jpg,https://www.youtube.com/watch?v=-IyEwcyuXpM
duJYWhgaGGE,WATCHING THE FINALE OF JET LAG,106210,2424,64,PT1H24M20S,2025-01-24T01:56:03Z,True,https://i.ytimg.com/vi/duJYWhgaGGE/hqdefault.jpg,https://www.youtube.com/watch?v=duJYWhgaGGE
Xfjk_SCVbok,I Tried Learning Chinese. It didn't go well,642150,46760,279,PT30S,2025-01-23T22:02:24Z,False,https://i.ytimg.com/vi/Xfjk_SCVbok/hqdefault.jpg,https://www.youtube.com/watch?v=Xfjk_SCVbok
nZmGd3T9l_s,RANKING VIDEO GAMES YOUTUBERS CREATED,250445,5309,84,PT5H53M18S,2025-01-23T07:35:40Z,True,https://i.ytimg.com/vi/nZmGd3T9l_s/hqdefault.jpg,https://www.youtube.com/watch?v=nZmGd3T9l_s
AM5VSAddLtk,I DID IT !!!,451899,31302,241,PT28S,2025-01-23T01:06:18Z,False,https://i.ytimg.com/vi/AM5VSAddLtk/hqdefault.jpg,https://www.youtube.com/watch?v=AM5VSAddLtk
qZa-AXFHZpM,Quitting YouTube Streaming,943231,47666,2713,PT14M53S,2025-01-23T01:06:01Z,False,https://i.ytimg.com/vi/qZa-AXFHZpM/hqdefault.jpg,https://www.youtube.com/watch?v=qZa-AXFHZpM
ellkI5tKuzo,Thanos Ruined my YouTube Channel,4075220,310960,2258,PT42S,2025-01-21T19:26:06Z,False,https://i.ytimg.com/vi/ellkI5tKuzo/hqdefault.jpg,https://www.youtube.com/watch?v=ellkI5tKuzo
edwnW-cijgc,WHAT HAPPENED TO MY HEAD!!!,186362,3989,185,PT2H10M49S,2025-01-21T07:50:45Z,True,https://i.ytimg.com/vi/edwnW-cijgc/hqdefault.jpg,https://www.youtube.com/watch?v=edwnW-cijgc
4B419pDra1U,Watching 100 Chinese Tik Toks to see if it’s better than the American one,1917654,67701,2895,PT23M58S,2025-01-19T03:48:00Z,False,https://i.ytimg.com/vi/4B419pDra1U/hqdefault.jpg,https://www.youtube.com/watch?v=4B419pDra1U
0O-gK5tqZJw,Tyler1 asked me to compete in his tournament... here we go again,283022,4590,178,PT6H18M41S,2025-01-18T02:47:26Z,True,https://i.ytimg.com/vi/0O-gK5tqZJw/hqdefault.jpg,https://www.youtube.com/watch?v=0O-gK5tqZJw
V4vDXmuYIY0,The saddest story ever told,5331844,397632,747,PT36S,2025-01-17T07:11:57Z,False,https://i.ytimg.com/vi/V4vDXmuYIY0/hqdefault.jpg,https://www.youtube.com/watch?v=V4vDXmuYIY0
-cXJ_p3RbVU,ELON DRAMA ✅ BIG ANNOUNCEMENT ✅ PLAYING NEW GAME ✅ NEW EPISODE OF JET LAG ✅,142039,2831,48,PT3H16M5S,2025-01-17T06:40:40Z,True,https://i.ytimg.com/vi/-cXJ_p3RbVU/hqdefault.jpg,https://www.youtube.com/watch?v=-cXJ_p3RbVU
G9XGzhATYZQ,I Got Scammed by Honey,1206140,95071,705,PT35S,2025-01-16T06:02:42Z,False,https://i.ytimg.com/vi/G9XGzhATYZQ/hqdefault.jpg,https://www.youtube.com/watch?v=G9XGzhATYZQ
kZfR9US1uk0,I AM A TETRIS 99 GOD,212343,3795,41,PT6H6M5S,2025-01-16T05:52:33Z,True,https://i.ytimg.com/vi/kZfR9US1uk0/hqdefault.jpg,https://www.youtube.com/watch?v=kZfR9US1uk0
9b9X8fSwrB0,🔴BIG DRAMA!,172999,3834,138,PT2H50M52S,2025-01-14T05:12:03Z,True,https://i.ytimg.com/vi/9b9X8fSwrB0/hqdefault.jpg,https://www.youtube.com/watch?v=9b9X8fSwrB0
Y1EhU813_Y0,I Failed,586528,57676,445,PT44S,2025-01-14T01:53:11Z,False,https://i.ytimg.com/vi/Y1EhU813_Y0/hqdefault.jpg,https://www.youtube.com/watch?v=Y1EhU813_Y0
sP2ml9V212c,How I Accidentally Beat League of Legends,1670419,61928,1755,PT44M53S,2025-01-13T07:24:33Z,False,https://i.ytimg.com/vi/sP2ml9V212c/hqdefault.jpg,https://www.youtube.com/watch?v=sP2ml9V212c
4vszgn8mDw4,I Got Scammed by my first viewer,4350543,374218,737,PT46S,2025-01-13T05:42:47Z,False,https://i.ytimg.com/vi/4vszgn8mDw4/hqdefault.jpg,https://www.youtube.com/watch?v=4vszgn8mDw4
hcEPIIKz47o,🔴GETTING MY NEW LEAGUE RANK THEN JETLAG,175737,3243,90,PT4H53M46S,2025-01-12T07:48:16Z,True,https://i.ytimg.com/vi/hcEPIIKz47o/hqdefault.jpg,https://www.youtube.com/watch?v=hcEPIIKz47o
ZHXBqkRcQ08,Taylor Swift Saved My Relationship,679861,50212,344,PT30S,2025-01-11T21:29:47Z,False,https://i.ytimg.com/vi/ZHXBqkRcQ08/hqdefault.jpg,https://www.youtube.com/watch?v=ZHXBqkRcQ08
kyjVlLXanes,🔴PLAYING GAMES with friends :),228572,4599,110,PT5H43M6S,2025-01-11T05:10:29Z,True,https://i.ytimg.com/vi/kyjVlLXanes/hqdefault.jpg,https://www.youtube.com/watch?v=kyjVlLXanes
FsMd7axkzTQ,🔴HOW I HIT PLATINUM IN LEAGUE OF LEGENDS,133735,3720,179,PT2H18M29S,2025-01-10T07:01:20Z,True,https://i.ytimg.com/vi/FsMd7axkzTQ/hqdefault.jpg,https://www.youtube.com/watch?v=FsMd7axkzTQ
SiE5uLjCtxU,I streamed until I beat League. It was a mistake.,2359578,60361,1193,PT58M36S,2025-01-10T01:00:59Z,False,https://i.ytimg.com/vi/SiE5uLjCtxU/hqdefault.jpg,https://www.youtube.com/watch?v=SiE5uLjCtxU
ur-6q8ra8Fs,America's hardest game almost broke me,2949678,78886,1939,PT32M19S,2025-01-02T23:25:05Z,False,https://i.ytimg.com/vi/ur-6q8ra8Fs/hqdefault.jpg,https://www.youtube.com/watch?v=ur-6q8ra8Fs
2ZZg2mRxBC0,ill never speak japanese again,560090,35607,168,PT13S,2024-12-30T04:43:11Z,False,https://i.ytimg.com/vi/2ZZg2mRxBC0/hqdefault.jpg,https://www.youtube.com/watch?v=2ZZg2mRxBC0
yaaoLzpfFW0,The Unluckiest Coin Flip of All Time,5467223,463879,2053,PT36S,2024-12-28T21:53:59Z,False,https://i.ytimg.com/vi/yaaoLzpfFW0/hqdefault.jpg,https://www.youtube.com/watch?v=yaaoLzpfFW0
zIfVmewcKQw,this flat tire saved my life,2150380,150230,464,PT34S,2024-12-23T02:57:07Z,False,https://i.ytimg.com/vi/zIfVmewcKQw/hqdefault.jpg,https://www.youtube.com/watch?v=zIfVmewcKQw
Hk-SmBpFyXQ,im sorry.,993131,84498,327,PT27S,2024-12-22T07:30:51Z,False,https://i.ytimg.com/vi/Hk-SmBpFyXQ/hqdefault.jpg,https://www.youtube.com/watch?v=Hk-SmBpFyXQ
3fW-qAbv138,i tried streaming on twitch again... the viewers are crazy,1011229,37850,655,PT18M30S,2024-12-22T00:56:56Z,False,https://i.ytimg.com/vi/3fW-qAbv138/hqdefault.jpg,https://www.youtube.com/watch?v=3fW-qAbv138
bEwjf27Vy34,"🔴$25,001 FORTNITE OG TOURNAMENT #EpicPartner #FortniteOG",116873,2133,41,PT2H53M58S,2024-12-21T01:29:22Z,True,https://i.ytimg.com/vi/bEwjf27Vy34/hqdefault.jpg,https://www.youtube.com/watch?v=bEwjf27Vy34
SxM0YzdU2T8,the biggest mistake ive ever made,1085869,66350,436,PT28S,2024-12-21T01:24:05Z,False,https://i.ytimg.com/vi/SxM0YzdU2T8/hqdefault.jpg,https://www.youtube.com/watch?v=SxM0YzdU2T8
rkBWbCBfZ-4,i found the greatest gamer in the world,1088351,75318,729,PT28S,2024-12-18T02:43:18Z,False,https://i.ytimg.com/vi/rkBWbCBfZ-4/hqdefault.jpg,https://www.youtube.com/watch?v=rkBWbCBfZ-4
MtCGsxPQF-U,"Find Me, Win $100,000",1128176,59225,1423,PT11M9S,2024-12-17T07:10:43Z,False,https://i.ytimg.com/vi/MtCGsxPQF-U/hqdefault.jpg,https://www.youtube.com/watch?v=MtCGsxPQF-U
QaANv0FPmmQ,this costs $1000,9448811,669895,815,PT19S,2024-12-16T05:10:39Z,False,https://i.ytimg.com/vi/QaANv0FPmmQ/hqdefault.jpg,https://www.youtube.com/watch?v=QaANv0FPmmQ
rVZxdK7pKJw,"my $20,000 mistake",1366955,91857,302,PT40S,2024-12-15T05:38:11Z,False,https://i.ytimg.com/vi/rVZxdK7pKJw/hqdefault.jpg,https://www.youtube.com/watch?v=rVZxdK7pKJw
YviwYyt55Mw,🔴lets talk,249557,5026,405,PT2H59M59S,2024-12-15T05:21:39Z,True,https://i.ytimg.com/vi/YviwYyt55Mw/hqdefault.jpg,https://www.youtube.com/watch?v=YviwYyt55Mw
4CQFSGCsqFc,I Tested Steam Games with No Reviews,2165043,57473,945,PT36M33S,2024-12-15T05:10:26Z,False,https://i.ytimg.com/vi/4CQFSGCsqFc/hqdefault.jpg,https://www.youtube.com/watch?v=4CQFSGCsqFc
EM-E-pGMe_8,I Ran a Contest to Find the Greatest Gamer in the World,1365279,24475,858,PT2H14M44S,2024-12-11T08:00:07Z,False,https://i.ytimg.com/vi/EM-E-pGMe_8/hqdefault.jpg,https://www.youtube.com/watch?v=EM-E-pGMe_8
gdAbgxdRUEQ,The video ends when my heart rate reaches 175,1166765,76738,304,PT51S,2024-12-11T03:37:53Z,False,https://i.ytimg.com/vi/gdAbgxdRUEQ/hqdefault.jpg,https://www.youtube.com/watch?v=gdAbgxdRUEQ
HV0iZ1fwRyg,im not gay.,2200871,213457,1308,PT33S,2024-12-09T00:09:49Z,False,https://i.ytimg.com/vi/HV0iZ1fwRyg/hqdefault.jpg,https://www.youtube.com/watch?v=HV0iZ1fwRyg
zl0IyjjBsc8,my chat thought they were better than me. I bet $1000 they were wrong,1150025,44482,904,PT40M55S,2024-12-07T09:12:01Z,False,https://i.ytimg.com/vi/zl0IyjjBsc8/hqdefault.jpg,https://www.youtube.com/watch?v=zl0IyjjBsc8
nMTytR21zm8,My friends made fun of me so i...,1280185,77663,321,PT27S,2024-12-07T00:22:35Z,False,https://i.ytimg.com/vi/nMTytR21zm8/hqdefault.jpg,https://www.youtube.com/watch?v=nMTytR21zm8
a2bjAasvtQw,🔴GAYMER OF THE YEAR,207777,3199,91,PT4H40M56S,2024-12-06T02:34:53Z,True,https://i.ytimg.com/vi/a2bjAasvtQw/hqdefault.jpg,https://www.youtube.com/watch?v=a2bjAasvtQw
-I-gnjLnkFw,Breaking the Half Court Shot World Record*,358066,20322,101,PT48S,2024-12-04T23:51:40Z,False,https://i.ytimg.com/vi/-I-gnjLnkFw/hqdefault.jpg,https://www.youtube.com/watch?v=-I-gnjLnkFw
zg91SY9Sv_I,🔴STREAM ENDS WHEN WE L̶O̶S̶E̶ w̶i̶n̶ LOSE A GAME with the yard,249736,4034,89,PT4H11M29S,2024-12-03T08:43:33Z,True,https://i.ytimg.com/vi/zg91SY9Sv_I/hqdefault.jpg,https://www.youtube.com/watch?v=zg91SY9Sv_I
_Mmj0j8ppbc,the worst thing ive ever created,677986,40213,254,PT33S,2024-12-02T22:04:05Z,False,https://i.ytimg.com/vi/_Mmj0j8ppbc/hqdefault.jpg,https://www.youtube.com/watch?v=_Mmj0j8ppbc
ZLKv7yzFBZM,LEAGUE STREAM!!!! STILL ON YOUTUBE???,231083,3833,69,PT4H26S,2024-12-02T06:57:41Z,True,https://i.ytimg.com/vi/ZLKv7yzFBZM/hqdefault.jpg,https://www.youtube.com/watch?v=ZLKv7yzFBZM
2YRyw35yMdM,This YouTuber Scares Me,12730675,944991,3447,PT36S,2024-11-28T00:16:52Z,False,https://i.ytimg.com/vi/2YRyw35yMdM/hqdefault.jpg,https://www.youtube.com/watch?v=2YRyw35yMdM
J62FYosjFIs,"these games wanted to sponsor me, i said no and reviewed them anyway",3335613,100240,2643,PT35M3S,2024-11-26T23:01:41Z,False,https://i.ytimg.com/vi/J62FYosjFIs/hqdefault.jpg,https://www.youtube.com/watch?v=J62FYosjFIs
se1xXHjcyYY,LAST LEAGUE STREAM FOR A WHILE...,170409,2465,109,PT2H46M36S,2024-11-26T07:39:40Z,True,https://i.ytimg.com/vi/se1xXHjcyYY/hqdefault.jpg,https://www.youtube.com/watch?v=se1xXHjcyYY
mrKmf7G7h1U,LAST STREAM ON YOUTUBE? LETS TALK,205074,4802,471,PT40M55S,2024-11-26T02:24:43Z,True,https://i.ytimg.com/vi/mrKmf7G7h1U/hqdefault.jpg,https://www.youtube.com/watch?v=mrKmf7G7h1U
fCaz-xMUChQ,"🔴 Find Me, Win $100,000 with @KaiCenatLive",431534,8155,218,PT2H4M7S,2024-11-26T00:25:21Z,True,https://i.ytimg.com/vi/fCaz-xMUChQ/hqdefault.jpg,https://www.youtube.com/watch?v=fCaz-xMUChQ
PCcudEmHDmo,"LACS RIVALS DAY 2 FT. MANG0, HUNGRYBOX, TWEEK, VOID, CAKEASSAULT & MORE !rivals2 !schedule !bracket",294545,3739,29,PT11H39M2S,2024-11-25T07:31:09Z,True,https://i.ytimg.com/vi/PCcudEmHDmo/hqdefault.jpg,https://www.youtube.com/watch?v=PCcudEmHDmo
_9PLWMd94P0,"LACS RIVALS DAY 1 PART 1 FEAT. MANG0, HUNGRYBOX, TWEEK, VOID, CAKEASSAULT & MORE",280727,3158,36,PT11H54M59S,2024-11-24T06:44:33Z,True,https://i.ytimg.com/vi/_9PLWMd94P0/hqdefault.jpg,https://www.youtube.com/watch?v=_9PLWMd94P0
adTmHbkpXOY,"LACS RIVALS DAY 1 PART 2 FEAT. MANG0, HUNGRYBOX, TWEEK, VOID, CAKEASSAULT & MORE",48530,658,17,PT39M42S,2024-11-24T06:35:31Z,True,https://i.ytimg.com/vi/adTmHbkpXOY/hqdefault.jpg,https://www.youtube.com/watch?v=adTmHbkpXOY
FMToghIrD3A,🔴IF I LOSE TO A VIEWER I END THE STREAM,237691,3958,58,PT5H18M51S,2024-11-23T06:07:58Z,True,https://i.ytimg.com/vi/FMToghIrD3A/hqdefault.jpg,https://www.youtube.com/watch?v=FMToghIrD3A
syJCvzXMlsk,fool me once...,723686,47443,160,PT29S,2024-11-22T22:07:18Z,False,https://i.ytimg.com/vi/syJCvzXMlsk/hqdefault.jpg,https://www.youtube.com/watch?v=syJCvzXMlsk
YJhUVHZhpdo,what place you going to get?,3458295,196120,729,PT29S,2024-11-22T02:02:54Z,False,https://i.ytimg.com/vi/YJhUVHZhpdo/hqdefault.jpg,https://www.youtube.com/watch?v=YJhUVHZhpdo
HePKiHnpyKE,I Watched EVERY League of Legends cinematic. Now I’m an expert.,1042940,29903,1008,PT53M18S,2024-11-21T07:09:30Z,False,https://i.ytimg.com/vi/HePKiHnpyKE/hqdefault.jpg,https://www.youtube.com/watch?v=HePKiHnpyKE
eybxhd73A6o,The hardest gaming challenge I’ve ever attempted,369416,24450,156,PT34S,2024-11-21T07:07:42Z,False,https://i.ytimg.com/vi/eybxhd73A6o/hqdefault.jpg,https://www.youtube.com/watch?v=eybxhd73A6o
XQhvbdLrTy0,🔴BIG ANNOUNCEMENT! THEN PLAYING STEAM GAMES WITH 0 REVIEWS,323162,3391,45,PT3H55M28S,2024-11-21T03:11:04Z,True,https://i.ytimg.com/vi/XQhvbdLrTy0/hqdefault.jpg,https://www.youtube.com/watch?v=XQhvbdLrTy0
evbnB-ZZ80Q,🔴LEAGUE TUESDAYS!!!!,237249,3347,100,PT4H59M40S,2024-11-20T07:50:58Z,True,https://i.ytimg.com/vi/evbnB-ZZ80Q/hqdefault.jpg,https://www.youtube.com/watch?v=evbnB-ZZ80Q
n_QgGYSkeKc,🔴 BIG DRAMA VOTING IN THE GAME AWARDS,221630,3848,139,PT2H49M57S,2024-11-19T02:20:00Z,True,https://i.ytimg.com/vi/n_QgGYSkeKc/hqdefault.jpg,https://www.youtube.com/watch?v=n_QgGYSkeKc
d-bveIdj2XY,These Games Wanted to sponsor me... I said no and reviewed them anyway,358291,5382,102,PT4H51M25S,2024-11-17T06:39:26Z,True,https://i.ytimg.com/vi/d-bveIdj2XY/hqdefault.jpg,https://www.youtube.com/watch?v=d-bveIdj2XY
1YRuxAuONS0,🔴I MESSED UP,316688,4039,79,PT3H33M28S,2024-11-16T02:47:14Z,True,https://i.ytimg.com/vi/1YRuxAuONS0/hqdefault.jpg,https://www.youtube.com/watch?v=1YRuxAuONS0
YS_W7-DRYd0,Ranking Every YouTuber Food,4784149,137444,4182,PT47M31S,2024-11-15T08:48:39Z,False,https://i.ytimg.com/vi/YS_W7-DRYd0/hqdefault.jpg,https://www.youtube.com/watch?v=YS_W7-DRYd0
KzrmuTEgLnU,im afraid ive been mogged,1634542,123485,397,PT56S,2024-11-15T03:33:04Z,False,https://i.ytimg.com/vi/KzrmuTEgLnU/hqdefault.jpg,https://www.youtube.com/watch?v=KzrmuTEgLnU
8S4uVb2Pe_E,TIME TO GET MY FIDDLESTICKS IN SHAPE,158152,2408,116,PT1H33M44S,2024-11-14T09:36:35Z,True,https://i.ytimg.com/vi/8S4uVb2Pe_E/hqdefault.jpg,https://www.youtube.com/watch?v=8S4uVb2Pe_E
8Q1epammNy4,🔴 WATCHING EVERY LEAGUE CINEMATIC,392303,6525,311,PT5H36M38S,2024-11-14T07:51:43Z,True,https://i.ytimg.com/vi/8Q1epammNy4/hqdefault.jpg,https://www.youtube.com/watch?v=8Q1epammNy4
H6H8s1Hzfao,🔴 BIG STREAMER AWARDS DRAMA LETS VOTE,257250,4080,159,PT2H46M8S,2024-11-12T06:02:02Z,True,https://i.ytimg.com/vi/H6H8s1Hzfao/hqdefault.jpg,https://www.youtube.com/watch?v=H6H8s1Hzfao
C67ndyb7rYI,STILL SICK BUT WE GRINDING TO SILVER,369506,3420,90,PT3H54M49S,2024-11-11T06:47:42Z,True,https://i.ytimg.com/vi/C67ndyb7rYI/hqdefault.jpg,https://www.youtube.com/watch?v=C67ndyb7rYI
edzn_E9AaBA,🔴 LEAGUE UNTIL I HIT SILVER (OR QUIT) I AM SICK BE NICE,234419,3269,102,PT4H15M43S,2024-11-10T05:30:46Z,True,https://i.ytimg.com/vi/edzn_E9AaBA/hqdefault.jpg,https://www.youtube.com/watch?v=edzn_E9AaBA
mNYigVmutn0,I tried speedrunning the new Mario Party. I broke the record,2996851,62362,761,PT55M36S,2024-11-09T04:12:24Z,False,https://i.ytimg.com/vi/mNYigVmutn0/hqdefault.jpg,https://www.youtube.com/watch?v=mNYigVmutn0
393zTR0ugJg,🔴 RANKING EVERY YOUTUBER FOOD FINALE,173213,2901,58,PT3H2M6S,2024-11-09T03:16:13Z,True,https://i.ytimg.com/vi/393zTR0ugJg/hqdefault.jpg,https://www.youtube.com/watch?v=393zTR0ugJg
jBgMcq51pMg,be careful what you ask for,1834456,81498,404,PT52S,2024-11-07T22:21:23Z,False,https://i.ytimg.com/vi/jBgMcq51pMg/hqdefault.jpg,https://www.youtube.com/watch?v=jBgMcq51pMg
SN0caEb7gwQ,🔴 BEATING THIS NEW GETTING OVER IT GAME,247573,4108,76,PT3H29S,2024-11-07T02:59:25Z,True,https://i.ytimg.com/vi/SN0caEb7gwQ/hqdefault.jpg,https://www.youtube.com/watch?v=SN0caEb7gwQ
bqkA6NPNjtQ,i was wrong.,766455,22874,770,PT12M35S,2024-11-07T02:42:33Z,False,https://i.ytimg.com/vi/bqkA6NPNjtQ/hqdefault.jpg,https://www.youtube.com/watch?v=bqkA6NPNjtQ
ODf3WnW8x4w,PRO JOURNALIST COVERS THE ELECTION || MAGA MAIL,1487657,21704,1714,PT5H48M59S,2024-11-06T08:20:49Z,True,https://i.ytimg.com/vi/ODf3WnW8x4w/hqdefault.jpg,https://www.youtube.com/watch?v=ODf3WnW8x4w
aszN7YP8yGE,WORLDS GREATEST GAMER DAY 2 !RedBull !MetaQuest !YouTube !merch !rivals2,651773,8086,159,PT11H55M,2024-11-04T07:30:24Z,True,https://i.ytimg.com/vi/aszN7YP8yGE/hqdefault.jpg,https://www.youtube.com/watch?v=aszN7YP8yGE
ONksnc4X2g8,WORLDS GREATEST GAMER DAY 1 !RedBull !MetaQuest !YouTube !merch !rivals2,668567,8112,155,PT10H37M18S,2024-11-03T06:11:50Z,True,https://i.ytimg.com/vi/ONksnc4X2g8/hqdefault.jpg,https://www.youtube.com/watch?v=ONksnc4X2g8
VQZXjypCW0M,🔴HAPPY HALLOWEEN !!!,199912,3555,85,PT4H19M49S,2024-11-01T02:34:46Z,True,https://i.ytimg.com/vi/VQZXjypCW0M/hqdefault.jpg,https://www.youtube.com/watch?v=VQZXjypCW0M
NPEBD0xJS7E,They Made a Sequel to Parkour Civilization. It’s amazing.,2761450,82625,2682,PT1H3M53S,2024-10-31T05:00:20Z,False,https://i.ytimg.com/vi/NPEBD0xJS7E/hqdefault.jpg,https://www.youtube.com/watch?v=NPEBD0xJS7E
KmfywdLM8Pk,🔴LYING TO MY friends :),188276,3263,39,PT1H58M10S,2024-10-31T00:20:21Z,True,https://i.ytimg.com/vi/KmfywdLM8Pk/hqdefault.jpg,https://www.youtube.com/watch?v=KmfywdLM8Pk
unERZpMEiZQ,im still the best masher in the world*,435401,30231,169,PT28S,2024-10-30T06:17:00Z,False,https://i.ytimg.com/vi/unERZpMEiZQ/hqdefault.jpg,https://www.youtube.com/watch?v=unERZpMEiZQ
56ffvFAo7Rk,i got mogged by a 10 year old in japan,521236,25444,184,PT14S,2024-10-29T07:16:56Z,False,https://i.ytimg.com/vi/56ffvFAo7Rk/hqdefault.jpg,https://www.youtube.com/watch?v=56ffvFAo7Rk
4Vzak4W9oAw,🔴 MARIO PARTY THEN - UNBOXING AND PLAYING THE NEW FORTNITE X CROCS #CrocsPartner !crocs,261262,4196,53,PT4H22M14S,2024-10-29T05:41:26Z,True,https://i.ytimg.com/vi/4Vzak4W9oAw/hqdefault.jpg,https://www.youtube.com/watch?v=4Vzak4W9oAw
WBdt78Lvudg,🔴WATCHING PARKOUR CIVILIZATION PART 2,578866,11559,417,PT2H55M48S,2024-10-28T00:12:13Z,True,https://i.ytimg.com/vi/WBdt78Lvudg/hqdefault.jpg,https://www.youtube.com/watch?v=WBdt78Lvudg
4WSN29n6UhU,🔴  lilypichu said i cant beat her game.... lets prove her wrong.,210043,3115,53,PT2H21M48S,2024-10-26T23:49:01Z,True,https://i.ytimg.com/vi/4WSN29n6UhU/hqdefault.jpg,https://www.youtube.com/watch?v=4WSN29n6UhU
gjr7XbWK7fc,🔴  RANKING EVERY YOUTUBER PRODUCT,319711,5844,226,PT2H35M45S,2024-10-25T23:26:14Z,True,https://i.ytimg.com/vi/gjr7XbWK7fc/hqdefault.jpg,https://www.youtube.com/watch?v=gjr7XbWK7fc
xIrOB-wNN-U,The History of Button Mashing,5370769,387405,844,PT59S,2024-10-25T07:11:02Z,False,https://i.ytimg.com/vi/xIrOB-wNN-U/hqdefault.jpg,https://www.youtube.com/watch?v=xIrOB-wNN-U
fbWWFHGdNDY,🔴  BIG ANNOUNCEMENT!!! Mario party speedrun after,316510,4653,74,PT7H2M49S,2024-10-25T06:08:22Z,True,https://i.ytimg.com/vi/fbWWFHGdNDY/hqdefault.jpg,https://www.youtube.com/watch?v=fbWWFHGdNDY
-kvUhr-Bqv8,i am not a furry.,380964,22811,631,PT23S,2024-10-24T04:39:40Z,False,https://i.ytimg.com/vi/-kvUhr-Bqv8/hqdefault.jpg,https://www.youtube.com/watch?v=-kvUhr-Bqv8
3JPIf4F9qko,🔴 OUR GAME IS OUT!!! RIVALS OF AETHER 2 CREATOR TOURNAMENT !rivals2 !bracket,267034,4028,87,PT6H7M9S,2024-10-24T02:43:41Z,True,https://i.ytimg.com/vi/3JPIf4F9qko/hqdefault.jpg,https://www.youtube.com/watch?v=3JPIf4F9qko
YugI1HF6l4c,🔴 IM BACK!! SHORT STREAM | RIVALS OF AETHER 2 OUT TOMORROW!!,214065,2327,60,PT3H38M36S,2024-10-23T06:15:36Z,True,https://i.ytimg.com/vi/YugI1HF6l4c/hqdefault.jpg,https://www.youtube.com/watch?v=YugI1HF6l4c
fP4g4yZ3pqY,How good are pro gamers actually?,303739,17863,102,PT32S,2024-10-22T05:39:01Z,False,https://i.ytimg.com/vi/fP4g4yZ3pqY/hqdefault.jpg,https://www.youtube.com/watch?v=fP4g4yZ3pqY
_i6vRMWQU1o,Can 5 Gamers Beat 2 Valorant Pros?,1279291,40057,935,PT25M35S,2024-10-22T05:38:27Z,False,https://i.ytimg.com/vi/_i6vRMWQU1o/hqdefault.jpg,https://www.youtube.com/watch?v=_i6vRMWQU1o
vwRTYMcpHt8,I ranked every YouTuber song,1814485,63473,3432,PT30M53S,2024-10-18T00:22:56Z,False,https://i.ytimg.com/vi/vwRTYMcpHt8/hqdefault.jpg,https://www.youtube.com/watch?v=vwRTYMcpHt8
IkTsgIdi7ws,stop beating me,1423999,110031,807,PT36S,2024-10-17T04:14:36Z,False,https://i.ytimg.com/vi/IkTsgIdi7ws/hqdefault.jpg,https://www.youtube.com/watch?v=IkTsgIdi7ws
fVb1DXoRKGY,never meet your heroes,5762029,439829,762,PT30S,2024-10-16T03:45:32Z,False,https://i.ytimg.com/vi/fVb1DXoRKGY/hqdefault.jpg,https://www.youtube.com/watch?v=fVb1DXoRKGY
xZFDVBoYNWo,I Watched ALL of Parkour Civilization. Now I'm an expert.,5086984,128781,4705,PT1H5M6S,2024-10-15T22:45:01Z,False,https://i.ytimg.com/vi/xZFDVBoYNWo/hqdefault.jpg,https://www.youtube.com/watch?v=xZFDVBoYNWo
4YFn1gFfKSs,🔴 PLAYING RIVALS OF AETHER II RIGHT NOW!!!! YOU CAN PLAY IT NOW AS WELL FOR FREE,196600,3886,69,PT2H32M48S,2024-10-15T03:18:08Z,True,https://i.ytimg.com/vi/4YFn1gFfKSs/hqdefault.jpg,https://www.youtube.com/watch?v=4YFn1gFfKSs
Uffxq_l1jHw,this was one of my worst ideas ever,30362036,1683963,3688,PT41S,2024-10-14T07:41:57Z,False,https://i.ytimg.com/vi/Uffxq_l1jHw/hqdefault.jpg,https://www.youtube.com/watch?v=Uffxq_l1jHw
ngCn5I9OFTo,Ludwig x Tarik 3 Day 2 - !CashApp !RedBull !Troublemaker,404978,6362,40,PT8H19M27S,2024-10-14T01:43:46Z,True,https://i.ytimg.com/vi/ngCn5I9OFTo/hqdefault.jpg,https://www.youtube.com/watch?v=ngCn5I9OFTo
tVLY-7yDaUo,how i pissed off some netflix executives,2042268,145208,667,PT36S,2024-10-13T04:43:53Z,False,https://i.ytimg.com/vi/tVLY-7yDaUo/hqdefault.jpg,https://www.youtube.com/watch?v=tVLY-7yDaUo
wOcbCeUAyHE,Ludwig x Tarik 3 - !CashApp !RedBull !Troublemaker,422644,6373,51,PT8H27M49S,2024-10-13T02:01:37Z,True,https://i.ytimg.com/vi/wOcbCeUAyHE/hqdefault.jpg,https://www.youtube.com/watch?v=wOcbCeUAyHE
0szxanBi6_c,I BEAT the Hardest Gaming Challenge in the World,2401496,81727,1716,PT21M14S,2024-10-12T02:34:04Z,False,https://i.ytimg.com/vi/0szxanBi6_c/hqdefault.jpg,https://www.youtube.com/watch?v=0szxanBi6_c
TMrrgykFpXs,🔴 PLAYING NEW ATLUS GAME METAPHOR: REFANTAZIO !metaphor #sponsored,215138,4040,128,PT4H1M33S,2024-10-12T01:50:09Z,True,https://i.ytimg.com/vi/TMrrgykFpXs/hqdefault.jpg,https://www.youtube.com/watch?v=TMrrgykFpXs
DlG3anwQyqQ,ironmouse broke my record,2143711,157782,712,PT25S,2024-10-11T05:16:12Z,False,https://i.ytimg.com/vi/DlG3anwQyqQ/hqdefault.jpg,https://www.youtube.com/watch?v=DlG3anwQyqQ
PldleFjwSiw,"🔴IF YOU GUESS THE WORD I GIVE YOU $1,000",109303,4985,439,PT5M27S,2024-10-10T23:39:12Z,True,https://i.ytimg.com/vi/PldleFjwSiw/hqdefault.jpg,https://www.youtube.com/watch?v=PldleFjwSiw
JMroInlTFM8,i think this youtuber actually hates me,3382827,303606,1808,PT40S,2024-10-10T07:37:01Z,False,https://i.ytimg.com/vi/JMroInlTFM8/hqdefault.jpg,https://www.youtube.com/watch?v=JMroInlTFM8
Xdfd0yGPaAM,LOSING MY LIMBS IN OFF THE GRID WITH @stanz  AND @Squeex !OTG #OTGPartner !Trailer !Giveaway,185857,2185,49,PT5H12M3S,2024-10-10T02:56:24Z,True,https://i.ytimg.com/vi/Xdfd0yGPaAM/hqdefault.jpg,https://www.youtube.com/watch?v=Xdfd0yGPaAM
bSM0GR4XjXI,i was wrong,254745,4321,167,PT2H6M45S,2024-10-08T20:52:18Z,True,https://i.ytimg.com/vi/bSM0GR4XjXI/hqdefault.jpg,https://www.youtube.com/watch?v=bSM0GR4XjXI
JB08eMa6uko,🔴KSI TRIED TO STOP ME BUT I WILL GET PLATINUM IN LEAGUE NO MATTER WHAT,246565,3927,109,PT4H42M56S,2024-10-08T06:15:34Z,True,https://i.ytimg.com/vi/JB08eMa6uko/hqdefault.jpg,https://www.youtube.com/watch?v=JB08eMa6uko
fQ5SmoeuFH8,🔴 I AM GETTING PLATINUM IN LEAGUE OF LEGENDS OR  I WILL DIE TRYING,319578,4654,169,PT4H45M27S,2024-10-06T02:22:07Z,True,https://i.ytimg.com/vi/fQ5SmoeuFH8/hqdefault.jpg,https://www.youtube.com/watch?v=fQ5SmoeuFH8
aIQAUZp1XDk,why i dont like tenz,2468190,170486,409,PT32S,2024-10-06T02:07:26Z,False,https://i.ytimg.com/vi/aIQAUZp1XDk/hqdefault.jpg,https://www.youtube.com/watch?v=aIQAUZp1XDk
7Z043qcpCPM,GETTING BRONZE TONIGHT,159531,1384,74,PT3H20M31S,2024-10-05T17:26:53Z,True,https://i.ytimg.com/vi/7Z043qcpCPM/hqdefault.jpg,https://www.youtube.com/watch?v=7Z043qcpCPM
c0iBmUC75AM,🔴WATCHING PARKOUR CIVILISATION,771936,12992,630,PT3H29M47S,2024-10-05T04:14:26Z,True,https://i.ytimg.com/vi/c0iBmUC75AM/hqdefault.jpg,https://www.youtube.com/watch?v=c0iBmUC75AM
468t1v3rrX4,im never going back to twitch (con),1391384,46262,1070,PT32M57S,2024-10-05T03:59:36Z,False,https://i.ytimg.com/vi/468t1v3rrX4/hqdefault.jpg,https://www.youtube.com/watch?v=468t1v3rrX4
m6F4MDXfuWo,🔴 I lost my record… again,184335,3345,52,PT2H49M12S,2024-10-04T03:41:06Z,True,https://i.ytimg.com/vi/m6F4MDXfuWo/hqdefault.jpg,https://www.youtube.com/watch?v=m6F4MDXfuWo
chswbKDCM-s,how i got in a fight with marvel,1608234,120906,876,PT42S,2024-10-02T20:24:50Z,False,https://i.ytimg.com/vi/chswbKDCM-s/hqdefault.jpg,https://www.youtube.com/watch?v=chswbKDCM-s
-o4ZntS7kAM,i bet youve never heard of this game before,1036223,61522,336,PT41S,2024-10-01T19:00:00Z,False,https://i.ytimg.com/vi/-o4ZntS7kAM/hqdefault.jpg,https://www.youtube.com/watch?v=-o4ZntS7kAM
_KnC-8gzWbE,Streaming is suffering,737636,30916,1188,PT19M15S,2024-10-01T06:59:09Z,False,https://i.ytimg.com/vi/_KnC-8gzWbE/hqdefault.jpg,https://www.youtube.com/watch?v=_KnC-8gzWbE
-S6h_XG4SC4,I will never lose to this YouTuber again,277297,17838,223,PT38S,2024-09-30T20:12:03Z,False,https://i.ytimg.com/vi/-S6h_XG4SC4/hqdefault.jpg,https://www.youtube.com/watch?v=-S6h_XG4SC4
IatsmlW8QWg,"🔴RED BULL HOME GROUND WITH @tarik, @TenZ, @seangares :)",270688,3655,29,PT9H3M30S,2024-09-30T04:15:11Z,True,https://i.ytimg.com/vi/IatsmlW8QWg/hqdefault.jpg,https://www.youtube.com/watch?v=IatsmlW8QWg
abbyKqwHsss,i bought every weird ad on tik tok to see if it's a scam,3220333,94838,11860,PT33M24S,2024-09-29T00:11:17Z,False,https://i.ytimg.com/vi/abbyKqwHsss/hqdefault.jpg,https://www.youtube.com/watch?v=abbyKqwHsss
zCq7aHx_Rjw,STOP BEING MEAN TO ME,114074,6499,152,PT40S,2024-09-29T00:07:57Z,False,https://i.ytimg.com/vi/zCq7aHx_Rjw/hqdefault.jpg,https://www.youtube.com/watch?v=zCq7aHx_Rjw
QFLerpUluus,🔴 BEAT ME AND WIN $100,168532,2688,44,PT3H12M,2024-09-28T04:02:21Z,True,https://i.ytimg.com/vi/QFLerpUluus/hqdefault.jpg,https://www.youtube.com/watch?v=QFLerpUluus
hN8ckcpI4OA,why tyler1 hates me,2175872,143289,552,PT47S,2024-09-27T01:38:18Z,False,https://i.ytimg.com/vi/hN8ckcpI4OA/hqdefault.jpg,https://www.youtube.com/watch?v=hN8ckcpI4OA
h_1litnFPzc,i thought i was a god gamer until i did this,1177833,79847,178,PT34S,2024-09-26T09:29:21Z,False,https://i.ytimg.com/vi/h_1litnFPzc/hqdefault.jpg,https://www.youtube.com/watch?v=h_1litnFPzc
R-6QY0L19U4,🔴 LOVERS VS THE WORLD 10 FINALE!,552172,10439,246,PT10H3M52S,2024-09-26T08:47:17Z,True,https://i.ytimg.com/vi/R-6QY0L19U4/hqdefault.jpg,https://www.youtube.com/watch?v=R-6QY0L19U4
fU7Wu8sHb2s,🔴 WE ARE BEATING THIS CHALLENGE TODAY | LOVERS VS THE WORLD FT. @CDawgVA,410478,5474,69,PT8H22M7S,2024-09-24T10:46:10Z,True,https://i.ytimg.com/vi/fU7Wu8sHb2s/hqdefault.jpg,https://www.youtube.com/watch?v=fU7Wu8sHb2s
aYcd1AsUc5o,The most popular speedrun game you've never heard of,1496180,55083,903,PT22M57S,2024-09-24T07:10:59Z,False,https://i.ytimg.com/vi/aYcd1AsUc5o/hqdefault.jpg,https://www.youtube.com/watch?v=aYcd1AsUc5o
27-LTdj5Dxs,How I Accidentally Won the YouTube Olympics,1230230,44948,872,PT28M44S,2024-09-23T06:48:22Z,False,https://i.ytimg.com/vi/27-LTdj5Dxs/hqdefault.jpg,https://www.youtube.com/watch?v=27-LTdj5Dxs
8aqkr4lRZ8A,🔴 WINNING THE SAMSUNG #PLAYGALAXY CUP #ad,132032,2061,61,PT3H10M21S,2024-09-22T00:41:48Z,True,https://i.ytimg.com/vi/8aqkr4lRZ8A/hqdefault.jpg,https://www.youtube.com/watch?v=8aqkr4lRZ8A
boajrdKX1gk,i bought every ad i saw on tik tok,4136394,313844,974,PT37S,2024-09-20T07:08:23Z,False,https://i.ytimg.com/vi/boajrdKX1gk/hqdefault.jpg,https://www.youtube.com/watch?v=boajrdKX1gk
TierDgrDFO8,🔴 READING MY MEANEST YOUTUBE COMMENTS,210257,4611,133,PT1H55M19S,2024-09-20T04:10:46Z,True,https://i.ytimg.com/vi/TierDgrDFO8/hqdefault.jpg,https://www.youtube.com/watch?v=TierDgrDFO8
1NcXdYKkhaI,🔴 HUGE DAY | LOVERS VS THE WORLD 8 WITH @CDawgVA !games,411837,5213,70,PT8H38M44S,2024-09-19T07:16:44Z,True,https://i.ytimg.com/vi/1NcXdYKkhaI/hqdefault.jpg,https://www.youtube.com/watch?v=1NcXdYKkhaI
B5Z5qEGeMwU,what happens when you are too fat to ride,268384,18536,223,PT47S,2024-09-18T21:28:48Z,False,https://i.ytimg.com/vi/B5Z5qEGeMwU/hqdefault.jpg,https://www.youtube.com/watch?v=B5Z5qEGeMwU
8TKjlf7iV-Y,"how i got scammed out of $100,000... again",1124144,45941,1557,PT14M31S,2024-09-18T06:18:10Z,False,https://i.ytimg.com/vi/8TKjlf7iV-Y/hqdefault.jpg,https://www.youtube.com/watch?v=8TKjlf7iV-Y
6HVR9XTKxa0,text to speech donations were a mistake...,1234588,98485,195,PT26S,2024-09-17T08:57:17Z,False,https://i.ytimg.com/vi/6HVR9XTKxa0/hqdefault.jpg,https://www.youtube.com/watch?v=6HVR9XTKxa0
CnhoS1wls7g,🔴 LOVERS VS THE WORLD 7 WITH @CDawgVA !games,407579,5625,113,PT7H36M20S,2024-09-17T06:42:51Z,True,https://i.ytimg.com/vi/CnhoS1wls7g/hqdefault.jpg,https://www.youtube.com/watch?v=CnhoS1wls7g
1fH1IUVjhmk,how i beat a child for a world record,546233,40397,129,PT32S,2024-09-16T07:49:33Z,False,https://i.ytimg.com/vi/1fH1IUVjhmk/hqdefault.jpg,https://www.youtube.com/watch?v=1fH1IUVjhmk
r4gXY8w8ajM,I attempted the hardest gaming challenge in the world,2520516,85993,1421,PT27M34S,2024-09-15T23:04:29Z,False,https://i.ytimg.com/vi/r4gXY8w8ajM/hqdefault.jpg,https://www.youtube.com/watch?v=r4gXY8w8ajM
_u_Vhz7bLXc,🔴 LOVERS VS THE WORLD 6 PART 2 WITH @CDawgVA !games,124202,2192,44,PT1H24M14S,2024-09-15T11:07:41Z,True,https://i.ytimg.com/vi/_u_Vhz7bLXc/hqdefault.jpg,https://www.youtube.com/watch?v=_u_Vhz7bLXc
xoyTr8EDNOE,🔴 LOVERS VS THE WORLD 6 WITH @CDawgVA !games,404945,4852,35,PT11H40M44S,2024-09-15T10:10:36Z,True,https://i.ytimg.com/vi/xoyTr8EDNOE/hqdefault.jpg,https://www.youtube.com/watch?v=xoyTr8EDNOE
vPIAuQY2D2E,🔴 LOVERS VS THE WORLD 5 WITH @CDawgVA !games,285926,3931,41,PT6H55M55S,2024-09-14T09:12:46Z,True,https://i.ytimg.com/vi/vPIAuQY2D2E/hqdefault.jpg,https://www.youtube.com/watch?v=vPIAuQY2D2E
IJzKZiFnkcE,Tyler1 was right,1288334,94164,208,PT31S,2024-09-14T01:38:00Z,False,https://i.ytimg.com/vi/IJzKZiFnkcE/hqdefault.jpg,https://www.youtube.com/watch?v=IJzKZiFnkcE
ONej0Nxq1Q8,🔴WATCHING THE OTV MOTORCYCLE VIDEO | SHORT STREAM,96772,2464,48,PT1H4M3S,2024-09-13T01:29:51Z,True,https://i.ytimg.com/vi/ONej0Nxq1Q8/hqdefault.jpg,https://www.youtube.com/watch?v=ONej0Nxq1Q8
qoEd5u3gN_g,🔴TRYING TIK TOK SHOP PRODUCTS,221084,4286,275,PT3H6M6S,2024-09-12T03:04:28Z,True,https://i.ytimg.com/vi/qoEd5u3gN_g/hqdefault.jpg,https://www.youtube.com/watch?v=qoEd5u3gN_g
_5915BSRUIY,🔴IM BEATING THE RUSSIAN SPEEDRUNNING GAMER RIGHT NOW,112934,2522,62,PT1H29M18S,2024-09-11T07:53:17Z,True,https://i.ytimg.com/vi/_5915BSRUIY/hqdefault.jpg,https://www.youtube.com/watch?v=_5915BSRUIY
yMFqpFvaMz0,🔴 TRYING RUSSIAS MOST POPULAR GAME,257025,4089,150,PT5H22M5S,2024-09-11T04:15:39Z,True,https://i.ytimg.com/vi/yMFqpFvaMz0/hqdefault.jpg,https://www.youtube.com/watch?v=yMFqpFvaMz0
3jvHaJy1vH4,i tried cheating... it failed.,2530943,204386,481,PT40S,2024-09-11T04:00:02Z,False,https://i.ytimg.com/vi/3jvHaJy1vH4/hqdefault.jpg,https://www.youtube.com/watch?v=3jvHaJy1vH4
JZ10Lr1A_ao,having money doesnt make you good with money,875173,82633,222,PT34S,2024-09-10T20:56:44Z,False,https://i.ytimg.com/vi/JZ10Lr1A_ao/hqdefault.jpg,https://www.youtube.com/watch?v=JZ10Lr1A_ao
SJ0lYCV66ic,🔴GOING FOR A WORLD RECORD (5  wins in a row),469753,4235,71,PT3H59M26S,2024-09-10T06:03:57Z,True,https://i.ytimg.com/vi/SJ0lYCV66ic/hqdefault.jpg,https://www.youtube.com/watch?v=SJ0lYCV66ic
iuGzgWUhsy8,Netflix released video games but for some reason they're good,2483954,73169,1533,PT23M58S,2024-09-09T05:44:44Z,False,https://i.ytimg.com/vi/iuGzgWUhsy8/hqdefault.jpg,https://www.youtube.com/watch?v=iuGzgWUhsy8
RNGaglLMG3w,My Most Famous Subscriber,13857314,659070,1133,PT41S,2024-09-09T03:56:59Z,False,https://i.ytimg.com/vi/RNGaglLMG3w/hqdefault.jpg,https://www.youtube.com/watch?v=RNGaglLMG3w
IRi5fto9oI0,🔴 LOVERS VS THE WORLD 4 PART 2 !games,129376,2061,39,PT1H29M20S,2024-09-08T11:26:26Z,True,https://i.ytimg.com/vi/IRi5fto9oI0/hqdefault.jpg,https://www.youtube.com/watch?v=IRi5fto9oI0
NVgmoq1E2Ac,🔴 LOVERS VS THE WORLD 4 !games,413845,5058,68,PT11H41M54S,2024-09-08T10:35:15Z,True,https://i.ytimg.com/vi/NVgmoq1E2Ac/hqdefault.jpg,https://www.youtube.com/watch?v=NVgmoq1E2Ac
V8MIV4qAg_M,🔴 REAL BALLER PLAYS NBA 2K25 WHILE ON THE MEND !NBA2K #NBA2KPartner,102561,1842,17,PT3H4M13S,2024-09-07T02:59:21Z,True,https://i.ytimg.com/vi/V8MIV4qAg_M/hqdefault.jpg,https://www.youtube.com/watch?v=V8MIV4qAg_M
pfZfu-gNXKo,🔴 GOD GAMING CHALLENGE WITH @CDawgVA THIS TIME WE WIN FOR REAL !games,451633,5900,99,PT10H39M40S,2024-09-06T09:55:15Z,True,https://i.ytimg.com/vi/pfZfu-gNXKo/hqdefault.jpg,https://www.youtube.com/watch?v=pfZfu-gNXKo
WILrNSqLf_o,🔴 among us with friends 🙂,397718,6861,128,PT5H53M15S,2024-09-05T03:12:05Z,True,https://i.ytimg.com/vi/WILrNSqLf_o/hqdefault.jpg,https://www.youtube.com/watch?v=WILrNSqLf_o
r5RHie5_6NM,The Yard Attempts to win bar trivia,265596,4996,89,PT1H45M33S,2024-09-04T03:55:57Z,True,https://i.ytimg.com/vi/r5RHie5_6NM/hqdefault.jpg,https://www.youtube.com/watch?v=r5RHie5_6NM
Z7jcX_-hXqg,The time i got hacked,818572,62259,112,PT29S,2024-09-03T23:15:01Z,False,https://i.ytimg.com/vi/Z7jcX_-hXqg/hqdefault.jpg,https://www.youtube.com/watch?v=Z7jcX_-hXqg
fJia2njGAbs,🔴PLAYING LEAGUE SO MY BF AND GF DONT LEAVE ME,180629,2629,197,PT5H54M42S,2024-09-03T08:45:11Z,True,https://i.ytimg.com/vi/fJia2njGAbs/hqdefault.jpg,https://www.youtube.com/watch?v=fJia2njGAbs
dsIDrYVOp74,🟣SWITCHING PLATFORMS?? 🟣 VTUBER STREAM DELAYED? 🟣 WATCHING ZAIN WIN THE @GalintGaming INVITATIONAL 🔴,166994,2376,74,PT3H24M58S,2024-09-02T04:23:00Z,True,https://i.ytimg.com/vi/dsIDrYVOp74/hqdefault.jpg,https://www.youtube.com/watch?v=dsIDrYVOp74
uxJiz9WY0sU,the worst day of my life,1797407,81898,2352,PT16M43S,2024-09-02T04:07:25Z,False,https://i.ytimg.com/vi/uxJiz9WY0sU/hqdefault.jpg,https://www.youtube.com/watch?v=uxJiz9WY0sU
x0ZIxgW5agk,🔴 GOD GAMING CHALLENGE WITH @CDawgVA  TODAY WE WIN !games,521847,6558,82,PT11H55M,2024-09-01T10:43:03Z,True,https://i.ytimg.com/vi/x0ZIxgW5agk/hqdefault.jpg,https://www.youtube.com/watch?v=x0ZIxgW5agk
GijN6Q-PKvw,which streamer is the strongest,6390971,308844,2412,PT52S,2024-08-31T02:18:24Z,False,https://i.ytimg.com/vi/GijN6Q-PKvw/hqdefault.jpg,https://www.youtube.com/watch?v=GijN6Q-PKvw
M86_8WYvswA,🔴 (DRAMA) THE STATEFARM GAMERHOOD FINALE !StateFarm,714844,15251,157,PT2H22M23S,2024-08-31T00:31:22Z,True,https://i.ytimg.com/vi/M86_8WYvswA/hqdefault.jpg,https://www.youtube.com/watch?v=M86_8WYvswA
zTKOdN6ebNQ,i have a problem.,736761,31393,858,PT9M49S,2024-08-30T21:45:41Z,False,https://i.ytimg.com/vi/zTKOdN6ebNQ/hqdefault.jpg,https://www.youtube.com/watch?v=zTKOdN6ebNQ
yGXajMtm9-U,🔴i got into an accident but i am okay!!,503811,17103,827,PT20M33S,2024-08-30T05:53:35Z,True,https://i.ytimg.com/vi/yGXajMtm9-U/hqdefault.jpg,https://www.youtube.com/watch?v=yGXajMtm9-U
odKp8nZ-Ah0,most embarrassing date of my life,267426,18433,172,PT43S,2024-08-29T22:49:03Z,False,https://i.ytimg.com/vi/odKp8nZ-Ah0/hqdefault.jpg,https://www.youtube.com/watch?v=odKp8nZ-Ah0
qgIUrm8xJLM,I Forced My British Friend to Rank Every Chicken Sandwich,1743973,52105,1307,PT19M15S,2024-08-29T06:26:52Z,False,https://i.ytimg.com/vi/qgIUrm8xJLM/hqdefault.jpg,https://www.youtube.com/watch?v=qgIUrm8xJLM
ZGgND79gFGU,🔴you gotta see this...,212392,3772,82,PT3H19M,2024-08-29T04:16:48Z,True,https://i.ytimg.com/vi/ZGgND79gFGU/hqdefault.jpg,https://www.youtube.com/watch?v=ZGgND79gFGU
rI64fvNdb8Q,how i discovered im good at trivia,689967,58806,208,PT47S,2024-08-28T05:41:12Z,False,https://i.ytimg.com/vi/rI64fvNdb8Q/hqdefault.jpg,https://www.youtube.com/watch?v=rI64fvNdb8Q
nyMqUblWUEA,donating to random streamers if im bad at video games,519249,24938,1096,PT19M7S,2024-08-28T05:32:24Z,False,https://i.ytimg.com/vi/nyMqUblWUEA/hqdefault.jpg,https://www.youtube.com/watch?v=nyMqUblWUEA
5NwAsJvanF0,"🔴 IN A STREAM RIGHT NOW, VERY VERY CLOSE TO YOU.... PLAYING STAR WARS OUTLAWS !StarWarsOutlaws #ad",234187,4083,62,PT3H23M40S,2024-08-28T05:16:09Z,True,https://i.ytimg.com/vi/5NwAsJvanF0/hqdefault.jpg,https://www.youtube.com/watch?v=5NwAsJvanF0
uvyfNHJpybE,can 3 men beat 1 pro gamer?,1077930,90966,397,PT55S,2024-08-27T07:34:20Z,False,https://i.ytimg.com/vi/uvyfNHJpybE/hqdefault.jpg,https://www.youtube.com/watch?v=uvyfNHJpybE
g6CSKQ2HvXQ,"send me a song, if it sucks you get banned",846582,40184,970,PT17M8S,2024-08-27T05:49:47Z,False,https://i.ytimg.com/vi/g6CSKQ2HvXQ/hqdefault.jpg,https://www.youtube.com/watch?v=g6CSKQ2HvXQ
0ukmgq8bMuw,🔴we got a problem..,207087,4458,90,PT1H42M32S,2024-08-27T02:58:15Z,True,https://i.ytimg.com/vi/0ukmgq8bMuw/hqdefault.jpg,https://www.youtube.com/watch?v=0ukmgq8bMuw
Hezz25AgrKU,🔴TRYING TO WIN AN AUCTION | MUST DEFEAT JOEY,115916,3302,92,PT38M39S,2024-08-26T06:14:08Z,True,https://i.ytimg.com/vi/Hezz25AgrKU/hqdefault.jpg,https://www.youtube.com/watch?v=Hezz25AgrKU
iE394WJ-Jf4,End Racism or End Cancer,620373,47330,721,PT36S,2024-08-25T23:32:56Z,False,https://i.ytimg.com/vi/iE394WJ-Jf4/hqdefault.jpg,https://www.youtube.com/watch?v=iE394WJ-Jf4
yxYO4NFi9Sk,🔴 GOD GAMING CHALLENGE WITH @CDawgVA,529430,7090,110,PT11H26M56S,2024-08-25T10:56:43Z,True,https://i.ytimg.com/vi/yxYO4NFi9Sk/hqdefault.jpg,https://www.youtube.com/watch?v=yxYO4NFi9Sk
Nd5FZ_BnNKc,🔴 MOST DRAMA-FILLED EPISODE OF THE GAMERHOOD YET !StateFarm #ad,498917,11729,128,PT3H17M52S,2024-08-24T01:00:46Z,True,https://i.ytimg.com/vi/Nd5FZ_BnNKc/hqdefault.jpg,https://www.youtube.com/watch?v=Nd5FZ_BnNKc
MRO6pbR_91Y,ask me anything but if i dont answer i spin the wheel,2373213,78153,1338,PT27M50S,2024-08-23T05:42:48Z,False,https://i.ytimg.com/vi/MRO6pbR_91Y/hqdefault.jpg,https://www.youtube.com/watch?v=MRO6pbR_91Y
2BESUtdM4MQ,🔴  Into the Infinite: A Level Infinite Showcase #ad | about the streak...,190080,3427,55,PT2H47M39S,2024-08-23T01:21:22Z,True,https://i.ytimg.com/vi/2BESUtdM4MQ/hqdefault.jpg,https://www.youtube.com/watch?v=2BESUtdM4MQ
nhJNBCBTzT0,the only correct answer to this question,9099775,766056,10820,PT39S,2024-08-21T05:30:57Z,False,https://i.ytimg.com/vi/nhJNBCBTzT0/hqdefault.jpg,https://www.youtube.com/watch?v=nhJNBCBTzT0
JHb6UCH0zBg,Bar trivia to prove I am a genius ft. Cdawgva,370710,6738,123,PT2H10M26S,2024-08-21T04:29:16Z,True,https://i.ytimg.com/vi/JHb6UCH0zBg/hqdefault.jpg,https://www.youtube.com/watch?v=JHb6UCH0zBg
EDSFTgMv10U,tryin out this streamin thing :D,182268,3979,285,PT30M39S,2024-08-20T07:17:59Z,True,https://i.ytimg.com/vi/EDSFTgMv10U/hqdefault.jpg,https://www.youtube.com/watch?v=EDSFTgMv10U
NTMX_6VJFGk,legally required stream to continue the streak,91302,4776,929,PT8S,2024-08-20T06:33:34Z,True,https://i.ytimg.com/vi/NTMX_6VJFGk/hqdefault.jpg,https://www.youtube.com/watch?v=NTMX_6VJFGk
hwVYTRVzFb8,STREAMER GAMES DAY 2 FINALE !RedBull !Streamlabs !Rivals2,954806,18964,802,PT6H13M47S,2024-08-19T02:47:15Z,True,https://i.ytimg.com/vi/hwVYTRVzFb8/hqdefault.jpg,https://www.youtube.com/watch?v=hwVYTRVzFb8
aoExjtXkHXk,STREAMER GAMES DAY 1 !RedBull !Streamlabs !Rivals2,1327496,28604,923,PT6H26M48S,2024-08-18T03:14:59Z,True,https://i.ytimg.com/vi/aoExjtXkHXk/hqdefault.jpg,https://www.youtube.com/watch?v=aoExjtXkHXk
Ves-hrhF3nA,🔴 MORE DRAMA IN THE GAMERHOOD !StateFarm #ad | DAY 16,265924,5917,52,PT2H19M3S,2024-08-17T00:29:33Z,True,https://i.ytimg.com/vi/Ves-hrhF3nA/hqdefault.jpg,https://www.youtube.com/watch?v=Ves-hrhF3nA
QOl8dLoNkUE,I Tried Every Olympic Sport to see which is easiest,2253054,90782,3830,PT15M59S,2024-08-16T06:21:09Z,False,https://i.ytimg.com/vi/QOl8dLoNkUE/hqdefault.jpg,https://www.youtube.com/watch?v=QOl8dLoNkUE
nvOAcuZgUmU,🔴 @porterrobinson MUSIC PLAYLIST STREAM | DAY 15,233293,5727,173,PT3H4M20S,2024-08-15T23:15:48Z,True,https://i.ytimg.com/vi/nvOAcuZgUmU/hqdefault.jpg,https://www.youtube.com/watch?v=nvOAcuZgUmU
_r7vzOFppCM,i said no to this sponsor and reviewed them anyway,3878138,109530,493,PT24S,2024-08-15T05:50:24Z,False,https://i.ytimg.com/vi/_r7vzOFppCM/hqdefault.jpg,https://www.youtube.com/watch?v=_r7vzOFppCM
Q0hxJayC3Ys,🔴 ASK ME ANYTHING BUT I MUST ANSWER HONESTLY (TTS OFF) | DAY 14,394701,8871,105,PT4H38M,2024-08-15T03:28:41Z,True,https://i.ytimg.com/vi/Q0hxJayC3Ys/hqdefault.jpg,https://www.youtube.com/watch?v=Q0hxJayC3Ys
5ZK7e9uxqOo,the perfect donation timing,1207391,84216,359,PT10S,2024-08-14T22:16:06Z,False,https://i.ytimg.com/vi/5ZK7e9uxqOo/hqdefault.jpg,https://www.youtube.com/watch?v=5ZK7e9uxqOo
C5z0zapoMPE,addressing the scam allegations,482441,12908,479,PT25M58S,2024-08-14T03:59:59Z,True,https://i.ytimg.com/vi/C5z0zapoMPE/hqdefault.jpg,https://www.youtube.com/watch?v=C5z0zapoMPE
_ibg_nD9ezQ,Best advice ive ever given,237779,17063,120,PT9S,2024-08-13T06:07:11Z,False,https://i.ytimg.com/vi/_ibg_nD9ezQ/hqdefault.jpg,https://www.youtube.com/watch?v=_ibg_nD9ezQ
L_OPDrtpqcc,🔴 Donald Trump x ELON musk bingo | DAY 12,302896,5678,247,PT3H36M2S,2024-08-13T03:41:05Z,True,https://i.ytimg.com/vi/L_OPDrtpqcc/hqdefault.jpg,https://www.youtube.com/watch?v=L_OPDrtpqcc
Hz0ug1bVUhg,🔴 watch party with GOAT @ZainSSBM  | DAY 11,173508,2520,51,PT4H51M41S,2024-08-11T22:56:06Z,True,https://i.ytimg.com/vi/Hz0ug1bVUhg/hqdefault.jpg,https://www.youtube.com/watch?v=Hz0ug1bVUhg
eTfN46mxSw4,🔴 10 MARIO 64 RUNS.. THATS IT. THATS THE STREAM | DAY 10,269806,4466,73,PT5H15M14S,2024-08-11T04:02:12Z,True,https://i.ytimg.com/vi/eTfN46mxSw4/hqdefault.jpg,https://www.youtube.com/watch?v=eTfN46mxSw4
T_EUhBKbhYE,"I Scammed Myself out of $21,000",481584,42059,212,PT50S,2024-08-10T20:16:56Z,False,https://i.ytimg.com/vi/T_EUhBKbhYE/hqdefault.jpg,https://www.youtube.com/watch?v=T_EUhBKbhYE
aXipSWGClzk,this country has the worst gambling problem,970743,62501,616,PT41S,2024-08-10T05:42:23Z,False,https://i.ytimg.com/vi/aXipSWGClzk/hqdefault.jpg,https://www.youtube.com/watch?v=aXipSWGClzk
U8QrKH6ZECA,🔴 BIG DRAMA IN THE GAMERHOOD !StateFarm #ad | DAY 9,472280,17051,120,PT2H49M19S,2024-08-10T00:44:30Z,True,https://i.ytimg.com/vi/U8QrKH6ZECA/hqdefault.jpg,https://www.youtube.com/watch?v=U8QrKH6ZECA
k_4sSLDTDKQ,"they wanted to sponsor me, i said no and reviewed them anyway",4855584,142941,3656,PT29M33S,2024-08-10T00:30:28Z,False,https://i.ytimg.com/vi/k_4sSLDTDKQ/hqdefault.jpg,https://www.youtube.com/watch?v=k_4sSLDTDKQ
DLL1iqJdL2U,🔴hmmm... this was.... unexpected.... | Day 8,183638,3936,162,PT1H25M42S,2024-08-09T01:24:16Z,True,https://i.ytimg.com/vi/DLL1iqJdL2U/hqdefault.jpg,https://www.youtube.com/watch?v=DLL1iqJdL2U
x5CCtg_CA4I,it was free but i still lost money,947857,87975,226,PT38S,2024-08-08T08:02:52Z,False,https://i.ytimg.com/vi/x5CCtg_CA4I/hqdefault.jpg,https://www.youtube.com/watch?v=x5CCtg_CA4I
YOBYoUx8IPU,🔴 they said I wouldn’t do it… | Day 7,264813,5177,1012,PT2H4M57S,2024-08-08T02:48:03Z,True,https://i.ytimg.com/vi/YOBYoUx8IPU/hqdefault.jpg,https://www.youtube.com/watch?v=YOBYoUx8IPU
1bRVWdiM_fo,The Only Person I Hate...,4944001,377976,1020,PT33S,2024-08-07T05:36:16Z,False,https://i.ytimg.com/vi/1bRVWdiM_fo/hqdefault.jpg,https://www.youtube.com/watch?v=1bRVWdiM_fo
fS8hgNDReic,🔴DRAMA❌GAMER✅ | DAY 6,253203,4375,69,PT5H47S,2024-08-07T03:57:50Z,True,https://i.ytimg.com/vi/fS8hgNDReic/hqdefault.jpg,https://www.youtube.com/watch?v=fS8hgNDReic
kmDkuKE7r_E,ludwig gets got,1012929,78377,323,PT12S,2024-08-06T06:39:18Z,False,https://i.ytimg.com/vi/kmDkuKE7r_E/hqdefault.jpg,https://www.youtube.com/watch?v=kmDkuKE7r_E
SnShJp9y1wk,Is Logan Paul a Scammer? | DAY 5,311229,5921,216,PT2H47M36S,2024-08-06T04:10:11Z,True,https://i.ytimg.com/vi/SnShJp9y1wk/hqdefault.jpg,https://www.youtube.com/watch?v=SnShJp9y1wk
gbXLKgd2Xs4,🔴GOING LIVE EVERYDAY IN AUGUST | DAY 4,241618,4491,114,PT2H24M47S,2024-08-05T00:57:09Z,True,https://i.ytimg.com/vi/gbXLKgd2Xs4/hqdefault.jpg,https://www.youtube.com/watch?v=gbXLKgd2Xs4
pUyOgEa6Mxk,doing WHATEVER my chat tells me to do. this stream was a mistake.,1191021,55708,1623,PT16M5S,2024-08-04T04:12:09Z,False,https://i.ytimg.com/vi/pUyOgEa6Mxk/hqdefault.jpg,https://www.youtube.com/watch?v=pUyOgEa6Mxk
IbsW5HUgfoY,🔴 makin burgers for chat with QT | OVERCOOKED IRL,317968,6227,166,PT4H4M21S,2024-08-04T03:25:14Z,True,https://i.ytimg.com/vi/IbsW5HUgfoY/hqdefault.jpg,https://www.youtube.com/watch?v=IbsW5HUgfoY
Xw2vT558aOU,🔴 WELCOME BACK TO THE GAMERHOOD !StateFarm #ad,434174,7196,101,PT2H2M30S,2024-08-02T23:45:20Z,True,https://i.ytimg.com/vi/Xw2vT558aOU/hqdefault.jpg,https://www.youtube.com/watch?v=Xw2vT558aOU
2gBEJyMhUIE,I forced streamers to run from me,269901,12986,84,PT26S,2024-08-02T04:21:26Z,False,https://i.ytimg.com/vi/2gBEJyMhUIE/hqdefault.jpg,https://www.youtube.com/watch?v=2gBEJyMhUIE
tUIUHx3a0jA,🔴 i bought every sponsored product in my email and now im reviewing them,330641,6718,164,PT3H17M44S,2024-08-02T02:08:56Z,True,https://i.ytimg.com/vi/tUIUHx3a0jA/hqdefault.jpg,https://www.youtube.com/watch?v=tUIUHx3a0jA
B_jHIdVfhhQ,🔴 Does Mr. Beast Fake His Videos? (LOTS OF PAUSES),717313,15281,1752,PT4H23M57S,2024-08-01T06:50:45Z,True,https://i.ytimg.com/vi/B_jHIdVfhhQ/hqdefault.jpg,https://www.youtube.com/watch?v=B_jHIdVfhhQ
FJu5Ro7TqjM,how many points are you scoring today?,7121556,361810,936,PT29S,2024-07-31T05:33:00Z,False,https://i.ytimg.com/vi/FJu5Ro7TqjM/hqdefault.jpg,https://www.youtube.com/watch?v=FJu5Ro7TqjM
8sPuEgdmJ_Y,🔴 HUGE ANNOUNCEMENT | BIGGEST MATCH IN 💦MXS💦 HISTORY | MXS VS TSM,248258,4282,83,PT3H3M52S,2024-07-30T23:28:49Z,True,https://i.ytimg.com/vi/8sPuEgdmJ_Y/hqdefault.jpg,https://www.youtube.com/watch?v=8sPuEgdmJ_Y
hIam636hpZk,🔴BIGGEST MATCH IN💦MXS💦 HISTORY | MXS VS M80 watchin with @tarik,198652,3257,29,PT2H29M13S,2024-07-29T22:57:11Z,True,https://i.ytimg.com/vi/hIam636hpZk/hqdefault.jpg,https://www.youtube.com/watch?v=hIam636hpZk
8kMOmjgwc-c,🔴 RIVALS 2 IN HOUSE TOURNAMENT !rivals2 !bracket,356903,2796,59,PT3H33M47S,2024-07-28T23:20:50Z,True,https://i.ytimg.com/vi/8kMOmjgwc-c/hqdefault.jpg,https://www.youtube.com/watch?v=8kMOmjgwc-c
Wh6PpNALrMA,🔴 MARVEL RIVALS WITH @tarik  !MarvelRivals #ad,150355,3048,42,PT1H55M3S,2024-07-28T18:55:14Z,True,https://i.ytimg.com/vi/Wh6PpNALrMA/hqdefault.jpg,https://www.youtube.com/watch?v=Wh6PpNALrMA
ckNZ5Q8oHOk,I Tried Speedrunning Bars. It was cursed.,2864597,111226,2913,PT21M6S,2024-07-28T05:02:19Z,False,https://i.ytimg.com/vi/ckNZ5Q8oHOk/hqdefault.jpg,https://www.youtube.com/watch?v=ckNZ5Q8oHOk
WZKjyNu5jBY,🔴 CREATOR LEAGUE BASKETBALL @ DREAMCON - 2ND TO LAST DRAFT PICK POV | TEAM MARK 🔛 🔝,362621,5931,219,PT1H49M28S,2024-07-28T01:54:41Z,True,https://i.ytimg.com/vi/WZKjyNu5jBY/hqdefault.jpg,https://www.youtube.com/watch?v=WZKjyNu5jBY
6OEELIbSGA8,The Best Advice Ive Ever Received,3055134,257071,332,PT41S,2024-07-27T05:06:56Z,False,https://i.ytimg.com/vi/6OEELIbSGA8/hqdefault.jpg,https://www.youtube.com/watch?v=6OEELIbSGA8
Kyn41tY3hiA,Jerma Makes a Costly Mistake,2611146,127850,451,PT36S,2024-07-24T09:28:00Z,False,https://i.ytimg.com/vi/Kyn41tY3hiA/hqdefault.jpg,https://www.youtube.com/watch?v=Kyn41tY3hiA
a8h9WeYMZ38,I Forced My British Friend to Rank Every Pizza Place,2758973,81585,3151,PT19M44S,2024-07-23T00:07:25Z,False,https://i.ytimg.com/vi/a8h9WeYMZ38/hqdefault.jpg,https://www.youtube.com/watch?v=a8h9WeYMZ38
8BTX4RchFOQ,Never call Schlatt for advice,11886298,859455,2466,PT16S,2024-07-23T00:06:02Z,False,https://i.ytimg.com/vi/8BTX4RchFOQ/hqdefault.jpg,https://www.youtube.com/watch?v=8BTX4RchFOQ
y7kiBRKUdDg,The worst advice I've ever received,1787471,146464,685,PT32S,2024-07-22T04:08:45Z,False,https://i.ytimg.com/vi/y7kiBRKUdDg/hqdefault.jpg,https://www.youtube.com/watch?v=y7kiBRKUdDg
pkVJBz7ifqU,They Updated Elden Ring… it’s impossible,3542738,72694,3718,PT1H25M33S,2024-07-21T07:00:40Z,False,https://i.ytimg.com/vi/pkVJBz7ifqU/hqdefault.jpg,https://www.youtube.com/watch?v=pkVJBz7ifqU
GmCn68XjP04,🔴 I STOLE FROM MRBEAST AND GOT IN TROUBLE (FAST STREAM),356259,10335,257,PT31M9S,2024-07-19T21:59:19Z,True,https://i.ytimg.com/vi/GmCn68XjP04/hqdefault.jpg,https://www.youtube.com/watch?v=GmCn68XjP04
cZXAh74iEHg,Ludwig Makes a Realization,3751824,281003,517,PT24S,2024-07-19T19:00:22Z,False,https://i.ytimg.com/vi/cZXAh74iEHg/hqdefault.jpg,https://www.youtube.com/watch?v=cZXAh74iEHg
ynNrfiuJq_Q,I let my chat rank youtubers. Big mistake…,1753286,66823,1923,PT29M54S,2024-07-19T05:58:26Z,False,https://i.ytimg.com/vi/ynNrfiuJq_Q/hqdefault.jpg,https://www.youtube.com/watch?v=ynNrfiuJq_Q
UnXRDUXSqrc,Ludwig Makes a Mistake,1170861,89511,383,PT14S,2024-07-18T21:11:24Z,False,https://i.ytimg.com/vi/UnXRDUXSqrc/hqdefault.jpg,https://www.youtube.com/watch?v=UnXRDUXSqrc
LKdq8hH2_DI,I Got Caught Stealing...,6225950,430140,615,PT37S,2024-07-17T23:54:53Z,False,https://i.ytimg.com/vi/LKdq8hH2_DI/hqdefault.jpg,https://www.youtube.com/watch?v=LKdq8hH2_DI
Y76RswKwfmQ,I Scammed a Streamer,1576053,72043,1708,PT16M2S,2024-07-17T02:01:22Z,False,https://i.ytimg.com/vi/Y76RswKwfmQ/hqdefault.jpg,https://www.youtube.com/watch?v=Y76RswKwfmQ
s8uwq3ZRblg,I scammed my “subscriber”,4945125,338400,441,PT45S,2024-07-17T00:48:47Z,False,https://i.ytimg.com/vi/s8uwq3ZRblg/hqdefault.jpg,https://www.youtube.com/watch?v=s8uwq3ZRblg
9iUpu3fnXbE,I will never laugh the same again after this,30516865,1650044,5149,PT59S,2024-07-16T07:37:25Z,False,https://i.ytimg.com/vi/9iUpu3fnXbE/hqdefault.jpg,https://www.youtube.com/watch?v=9iUpu3fnXbE
Tbmv-zinlPU,How I Scammed MrBeast,4555000,145869,5085,PT1H18M29S,2024-07-16T02:18:31Z,False,https://i.ytimg.com/vi/Tbmv-zinlPU/hqdefault.jpg,https://www.youtube.com/watch?v=Tbmv-zinlPU
-5p267RdMX0,🔴 WATCHING THE MRBEAST VIDEO AND OPENING THE BRIEF CASE,651035,22734,645,PT2H34M56S,2024-07-15T03:05:44Z,True,https://i.ytimg.com/vi/-5p267RdMX0/hqdefault.jpg,https://www.youtube.com/watch?v=-5p267RdMX0
Vn5YHUHsyoI,streamers make too much money...,6591578,250140,575,PT33S,2024-07-14T19:35:13Z,False,https://i.ytimg.com/vi/Vn5YHUHsyoI/hqdefault.jpg,https://www.youtube.com/watch?v=Vn5YHUHsyoI
dndRHKyFfbw,I Ran a Speedrunning Event With The Best Gamers in the World,690724,18874,940,PT11H15M39S,2024-07-11T22:57:56Z,False,https://i.ytimg.com/vi/dndRHKyFfbw/hqdefault.jpg,https://www.youtube.com/watch?v=dndRHKyFfbw
a7kcT267vzg,Why I Capped my Donations,10150118,731684,3047,PT21S,2024-07-11T01:01:39Z,False,https://i.ytimg.com/vi/a7kcT267vzg/hqdefault.jpg,https://www.youtube.com/watch?v=a7kcT267vzg
DCCBMI3Ufnw,VEGAS LIVE STREAM / BETTING $10K ON ONE BLACKJACK HAND,258824,5909,176,PT47M37S,2024-07-10T01:47:28Z,True,https://i.ytimg.com/vi/DCCBMI3Ufnw/hqdefault.jpg,https://www.youtube.com/watch?v=DCCBMI3Ufnw
wUQtL7Ve9dA,I Forced YouTubers to Play Competitive Hide and Seek | Unpaid Intern,2866783,91141,2573,PT1H16M22S,2024-07-10T01:45:06Z,True,https://i.ytimg.com/vi/wUQtL7Ve9dA/hqdefault.jpg,https://www.youtube.com/watch?v=wUQtL7Ve9dA
2_W6vsDbWVA,🔴DOING WHATEVER YOU TELL ME TO DO ON STREAM | MARBLES MONDAY,332649,7294,198,PT6H16M29S,2024-07-09T09:11:05Z,True,https://i.ytimg.com/vi/2_W6vsDbWVA/hqdefault.jpg,https://www.youtube.com/watch?v=2_W6vsDbWVA
XyvY9XmCiV8,I found the exact street,764180,65275,246,PT26S,2024-07-09T08:51:02Z,False,https://i.ytimg.com/vi/XyvY9XmCiV8/hqdefault.jpg,https://www.youtube.com/watch?v=XyvY9XmCiV8
cLWgK2xpCJ8,"I Made $2,000 on This Phone call",31284418,1706540,4035,PT41S,2024-07-08T06:39:44Z,False,https://i.ytimg.com/vi/cLWgK2xpCJ8/hqdefault.jpg,https://www.youtube.com/watch?v=cLWgK2xpCJ8
Tj8Sr8vem3Q,mrbeast scares me,2908975,178526,1185,PT22S,2024-07-07T03:56:35Z,False,https://i.ytimg.com/vi/Tj8Sr8vem3Q/hqdefault.jpg,https://www.youtube.com/watch?v=Tj8Sr8vem3Q
ADYhoV_WU7I,🔴YOUTUBER TIER LIST | ITS MY DAMN BIRTHDAY,252756,6671,274,PT2H49M39S,2024-07-07T02:21:45Z,True,https://i.ytimg.com/vi/ADYhoV_WU7I/hqdefault.jpg,https://www.youtube.com/watch?v=ADYhoV_WU7I
Uq-7Rwkkm04,🔴CAN I PASS AN AMERICAN CITIZENSHIP TEST? (idea from @DougDoug ),203872,3545,96,PT2H5M22S,2024-07-04T23:59:52Z,True,https://i.ytimg.com/vi/Uq-7Rwkkm04/hqdefault.jpg,https://www.youtube.com/watch?v=Uq-7Rwkkm04
NXM0n0k-Ij8,🔴 TALKIN SERIOUS BUSINESS,195347,3877,64,PT2H36M34S,2024-07-04T04:48:25Z,True,https://i.ytimg.com/vi/NXM0n0k-Ij8/hqdefault.jpg,https://www.youtube.com/watch?v=NXM0n0k-Ij8
ZeGrGdZUugo,These Shoes Make You Jump Higher,2177918,126731,512,PT39S,2024-07-03T17:59:56Z,False,https://i.ytimg.com/vi/ZeGrGdZUugo/hqdefault.jpg,https://www.youtube.com/watch?v=ZeGrGdZUugo
Ywfz9J1NEpI,MOGUL MONEY LIVE!,1536853,63817,1058,PT3H36M40S,2024-07-02T22:58:37Z,True,https://i.ytimg.com/vi/Ywfz9J1NEpI/hqdefault.jpg,https://www.youtube.com/watch?v=Ywfz9J1NEpI
bNXWzyOb_Gw,🔴 DAY 1 OF BEING ON TIME EVERYDAY IN JULY | VALO IN-HOUSE with friends :),181596,3252,53,PT4H16M19S,2024-07-02T04:23:36Z,True,https://i.ytimg.com/vi/bNXWzyOb_Gw/hqdefault.jpg,https://www.youtube.com/watch?v=bNXWzyOb_Gw
TN8ogBXQA5I,I'm NOT the World's Fastest Masher,6159562,395747,2039,PT29S,2024-07-01T00:03:54Z,False,https://i.ytimg.com/vi/TN8ogBXQA5I/hqdefault.jpg,https://www.youtube.com/watch?v=TN8ogBXQA5I
X2y-JQwHGzA,🔴 NEW MR BEAST VIDEO | PROVING I AM BETTER AT VIDEO GAMES THAN CHAT,214548,4295,72,PT2H39M6S,2024-06-29T21:55:40Z,True,https://i.ytimg.com/vi/X2y-JQwHGzA/hqdefault.jpg,https://www.youtube.com/watch?v=X2y-JQwHGzA
oGuyPQxZg3M,Can I Beat a Child Prodigy at Ping Pong? | Unpaid Intern,1284265,47718,1495,PT53M18S,2024-06-29T21:45:07Z,True,https://i.ytimg.com/vi/oGuyPQxZg3M/hqdefault.jpg,https://www.youtube.com/watch?v=oGuyPQxZg3M
hOhgJzGktMc,I Tried Beating the Hardest Pokemon Game. It took a while...,2401584,54272,828,PT41M57S,2024-06-28T02:59:17Z,False,https://i.ytimg.com/vi/hOhgJzGktMc/hqdefault.jpg,https://www.youtube.com/watch?v=hOhgJzGktMc
oxPWBoZAl5A,Can I Score Against a D1 Basketball Player?,550564,35696,168,PT30S,2024-06-27T16:05:39Z,False,https://i.ytimg.com/vi/oxPWBoZAl5A/hqdefault.jpg,https://www.youtube.com/watch?v=oxPWBoZAl5A
gz3C1lNI0NA,"I Let My Chat Decorate My Room. $15,000 Mistake.",1694468,60496,936,PT19M39S,2024-06-27T03:50:38Z,False,https://i.ytimg.com/vi/gz3C1lNI0NA/hqdefault.jpg,https://www.youtube.com/watch?v=gz3C1lNI0NA
iGC0zfvWTyM,I got roasted so hard I changed my name,2063175,162664,432,PT36S,2024-06-25T07:47:32Z,False,https://i.ytimg.com/vi/iGC0zfvWTyM/hqdefault.jpg,https://www.youtube.com/watch?v=iGC0zfvWTyM
m9_KecAMJhg,Can I Beat a Child Prodigy at Basketball?,1838625,65017,2063,PT10M49S,2024-06-21T01:26:14Z,False,https://i.ytimg.com/vi/m9_KecAMJhg/hqdefault.jpg,https://www.youtube.com/watch?v=m9_KecAMJhg
JyVfvAwhmNA,🔴EMERGENCY STREAM GET IN HERE NOW | ELDEN RING TOMO 12 PM PT,144264,2638,31,PT1H8M46S,2024-06-20T22:42:24Z,True,https://i.ytimg.com/vi/JyVfvAwhmNA/hqdefault.jpg,https://www.youtube.com/watch?v=JyVfvAwhmNA
IMUXLRRIZ8k,I Got a World Record in game ive never played before,1785157,126684,260,PT34S,2024-06-19T06:17:06Z,False,https://i.ytimg.com/vi/IMUXLRRIZ8k/hqdefault.jpg,https://www.youtube.com/watch?v=IMUXLRRIZ8k
LPnn1o4hDkE,🔴WATCHING MRBEAST VIDEO THEN IM WALKING (and gaming),227280,4226,91,PT5H19M38S,2024-06-19T04:50:32Z,True,https://i.ytimg.com/vi/LPnn1o4hDkE/hqdefault.jpg,https://www.youtube.com/watch?v=LPnn1o4hDkE
TzM-xb66w3w,is it green or blue?,805304,74374,1404,PT57S,2024-06-18T18:03:59Z,False,https://i.ytimg.com/vi/TzM-xb66w3w/hqdefault.jpg,https://www.youtube.com/watch?v=TzM-xb66w3w
NIALV0IjOEc,Don't believe what they say about me.,8499895,563467,1611,PT30S,2024-06-18T06:26:00Z,False,https://i.ytimg.com/vi/NIALV0IjOEc/hqdefault.jpg,https://www.youtube.com/watch?v=NIALV0IjOEc
Ec_xD5GtXs4,🔴 AMAZON UNBOXING | DECORATING MY STREAM ROOM | NEW MERCH DROP,297566,5751,98,PT4H11M3S,2024-06-18T02:28:04Z,True,https://i.ytimg.com/vi/Ec_xD5GtXs4/hqdefault.jpg,https://www.youtube.com/watch?v=Ec_xD5GtXs4
qOEFHPdigK0,Never Let Michael Reeves Shoot You,9453161,475580,1941,PT30S,2024-06-17T08:07:05Z,False,https://i.ytimg.com/vi/qOEFHPdigK0/hqdefault.jpg,https://www.youtube.com/watch?v=qOEFHPdigK0
ucSK3tXxQVQ,"I streamed until I made 1,000 3 point shots. It was a mistake.",1496869,65163,1659,PT14M31S,2024-06-15T22:49:42Z,False,https://i.ytimg.com/vi/ucSK3tXxQVQ/hqdefault.jpg,https://www.youtube.com/watch?v=ucSK3tXxQVQ
5ZRfhdvqyFc,🔴 MXS WATCH PARTY | I'VE GOT A NEW CROCS COLLECTION !Crocs !Map #sponsored,210683,2971,43,PT3H44M18S,2024-06-14T03:37:01Z,True,https://i.ytimg.com/vi/5ZRfhdvqyFc/hqdefault.jpg,https://www.youtube.com/watch?v=5ZRfhdvqyFc
kvNr38wppTI,🔴ELDEN RING BEATING THE HARDEST BOSS (mohg) RIGHT NOW,299173,5000,151,PT5H14M42S,2024-06-13T07:21:31Z,True,https://i.ytimg.com/vi/kvNr38wppTI/hqdefault.jpg,https://www.youtube.com/watch?v=kvNr38wppTI
HpF9r2IIUis,I sold my company for $2,2192191,208727,2267,PT57S,2024-06-12T05:37:21Z,False,https://i.ytimg.com/vi/HpF9r2IIUis/hqdefault.jpg,https://www.youtube.com/watch?v=HpF9r2IIUis
pGxFxCblnq8,I hate this guy and i dont even know his name,1222941,90329,250,PT34S,2024-06-11T02:01:14Z,False,https://i.ytimg.com/vi/pGxFxCblnq8/hqdefault.jpg,https://www.youtube.com/watch?v=pGxFxCblnq8
0guCL9gK094,How to tell is someone is lying (99% ACCURATE),6237548,437158,1126,PT40S,2024-06-10T06:32:05Z,False,https://i.ytimg.com/vi/0guCL9gK094/hqdefault.jpg,https://www.youtube.com/watch?v=0guCL9gK094
lX40n_m5p2s,I Forced My Friends to 𝓚𝓲𝓵𝓵 Each Other,695717,33008,706,PT10M45S,2024-06-09T01:37:19Z,False,https://i.ytimg.com/vi/lX40n_m5p2s/hqdefault.jpg,https://www.youtube.com/watch?v=lX40n_m5p2s
d8WeJhZ0K9s,🔴HUGE GAMING NEWS | SUMMER GAMES FEST | 100 GIFTED FOR BINGO,161087,3105,82,PT1H58M30S,2024-06-07T23:08:39Z,True,https://i.ytimg.com/vi/d8WeJhZ0K9s/hqdefault.jpg,https://www.youtube.com/watch?v=d8WeJhZ0K9s
nLk2NceYEgY,I lied to you...,1020209,83305,159,PT46S,2024-06-07T19:01:25Z,False,https://i.ytimg.com/vi/nLk2NceYEgY/hqdefault.jpg,https://www.youtube.com/watch?v=nLk2NceYEgY
7q8Zc6jVFdo,🔴GREATEST MRBEAST VIDEO ALL TIME | WATCHING NEW MRBEAST/MICHAEL REEVES VIDEO,256762,6569,162,PT2H6M25S,2024-06-07T03:31:51Z,True,https://i.ytimg.com/vi/7q8Zc6jVFdo/hqdefault.jpg,https://www.youtube.com/watch?v=7q8Zc6jVFdo
7A4L1IR9BtI,I Broke My Promise,948758,61672,209,PT25S,2024-06-06T21:49:18Z,False,https://i.ytimg.com/vi/7A4L1IR9BtI/hqdefault.jpg,https://www.youtube.com/watch?v=7A4L1IR9BtI
8do8ryVNb9Y,I Hired a Pro Gamer to Destroy My Roommate (AGAIN),1179917,41461,634,PT17M51S,2024-06-04T16:00:11Z,False,https://i.ytimg.com/vi/8do8ryVNb9Y/hqdefault.jpg,https://www.youtube.com/watch?v=8do8ryVNb9Y
5bUfZrkYF_w,Heaviest Metal vs Tesla,8410320,492329,4205,PT25S,2024-06-02T07:15:39Z,False,https://i.ytimg.com/vi/5bUfZrkYF_w/hqdefault.jpg,https://www.youtube.com/watch?v=5bUfZrkYF_w
nqtHsLmuMIo,🔴MXS IS BACK | STATE OF PLAY | THE CUBE IS HERE,234465,4083,54,PT3H34M53S,2024-05-31T01:28:18Z,True,https://i.ytimg.com/vi/nqtHsLmuMIo/hqdefault.jpg,https://www.youtube.com/watch?v=nqtHsLmuMIo
PuR5WVQje4s,"I bought a $4,000 paper weight",22083309,1183336,13435,PT44S,2024-05-30T20:50:30Z,False,https://i.ytimg.com/vi/PuR5WVQje4s/hqdefault.jpg,https://www.youtube.com/watch?v=PuR5WVQje4s
5NpsBEg-dl8,I used to be a professional gamer,4270102,290733,520,PT31S,2024-05-30T06:59:47Z,False,https://i.ytimg.com/vi/5NpsBEg-dl8/hqdefault.jpg,https://www.youtube.com/watch?v=5NpsBEg-dl8
3XSF2QGl2i4,"I let my chat spend $15,000. It was a mistake.",3166082,108992,1527,PT24M6S,2024-05-29T18:00:18Z,False,https://i.ytimg.com/vi/3XSF2QGl2i4/hqdefault.jpg,https://www.youtube.com/watch?v=3XSF2QGl2i4
GA2tDp16uZw,The Time I Became a Michelin Star Chef,254949,14706,55,PT25S,2024-05-29T06:20:21Z,False,https://i.ytimg.com/vi/GA2tDp16uZw/hqdefault.jpg,https://www.youtube.com/watch?v=GA2tDp16uZw
I2Eg_O0jHQ8,This Pokemon game might disappear...,1987901,118512,841,PT34S,2024-05-28T07:20:48Z,False,https://i.ytimg.com/vi/I2Eg_O0jHQ8/hqdefault.jpg,https://www.youtube.com/watch?v=I2Eg_O0jHQ8
fsUZiqcbq8Y,🔴RED BULL ATHLETE TELLS ALL | JET LAG LATER,134259,2519,53,PT2H15M17S,2024-05-28T04:04:09Z,True,https://i.ytimg.com/vi/fsUZiqcbq8Y/hqdefault.jpg,https://www.youtube.com/watch?v=fsUZiqcbq8Y
yQ2_3zo63nQ,I streamed until I beat Elden Ring (AGAIN) it was a mistake.,2340364,53982,1072,PT1H6M44S,2024-05-27T03:51:17Z,False,https://i.ytimg.com/vi/yQ2_3zo63nQ/hqdefault.jpg,https://www.youtube.com/watch?v=yQ2_3zo63nQ
YTquhRmBpWo,🔴 STREAM ENDS WHEN I MAKE 🏀 1000 3 POINT SHOTS 🏀,746312,12922,613,PT6H53M7S,2024-05-24T03:22:44Z,True,https://i.ytimg.com/vi/YTquhRmBpWo/hqdefault.jpg,https://www.youtube.com/watch?v=YTquhRmBpWo
xCCBUGl0rbM,🔴 AMAZON STREAM | LINK SOMETHING TO DECORATE MY NEW ROOM,284285,8919,107,PT4H32M57S,2024-05-23T03:54:03Z,True,https://i.ytimg.com/vi/xCCBUGl0rbM/hqdefault.jpg,https://www.youtube.com/watch?v=xCCBUGl0rbM
4MjnvxY0XWU,🔴 Can I play in Immortal lobbies? ft. @tarik,514684,4484,90,PT3H52M27S,2024-05-21T23:00:16Z,True,https://i.ytimg.com/vi/4MjnvxY0XWU/hqdefault.jpg,https://www.youtube.com/watch?v=4MjnvxY0XWU
nJE9SM3OVeQ,NEW ROOM | MOIST MOGULS TOP 8,182567,3107,43,PT4H21M13S,2024-05-19T23:04:16Z,True,https://i.ytimg.com/vi/nJE9SM3OVeQ/hqdefault.jpg,https://www.youtube.com/watch?v=nJE9SM3OVeQ
3cOAt97LG_Y,🔴 GAME 3 !! MXS VS OXYGEN LOSER IS OUT | WITH TARIK :3,151569,2511,24,PT3H5M38S,2024-05-18T23:31:44Z,True,https://i.ytimg.com/vi/3cOAt97LG_Y/hqdefault.jpg,https://www.youtube.com/watch?v=3cOAt97LG_Y
QTfMFEI_p8A,🔴 I AM TRAPPED HERE SO MIGHT AS WELL STREAM,201024,2224,63,PT1H45M4S,2024-05-17T00:03:16Z,True,https://i.ytimg.com/vi/QTfMFEI_p8A/hqdefault.jpg,https://www.youtube.com/watch?v=QTfMFEI_p8A
L8T1KyWzw7s,Carry as much water as possible.,198431,9507,58,PT56S,2024-05-12T06:55:56Z,False,https://i.ytimg.com/vi/L8T1KyWzw7s/hqdefault.jpg,https://www.youtube.com/watch?v=L8T1KyWzw7s
i8Md0OzDpWs,This Streamer ruined my gameshow | Unpaid Intern,649797,20556,655,PT1H1M28S,2024-05-12T06:27:10Z,False,https://i.ytimg.com/vi/i8Md0OzDpWs/hqdefault.jpg,https://www.youtube.com/watch?v=i8Md0OzDpWs
xfBsnujmzE4,🔴 POKEROGUE TOURNAMENT | LAST STREAM IN THIS ROOM | PAYING A RANDOM VIEWERS TUITION END OF STREAM,310900,4706,56,PT5H41M58S,2024-05-12T05:27:24Z,True,https://i.ytimg.com/vi/xfBsnujmzE4/hqdefault.jpg,https://www.youtube.com/watch?v=xfBsnujmzE4
YGhr_xc9-ko,"🔴 AFK JOURNEY VIDEO WITH LILY, ROSS, AND VOLKIN !AFK #sponsored",245276,2996,151,PT2H1M1S,2024-05-11T03:11:16Z,True,https://i.ytimg.com/vi/YGhr_xc9-ko/hqdefault.jpg,https://www.youtube.com/watch?v=YGhr_xc9-ko
YwDOMdIP44k,🔴 THE STREAM ENDS WHEN I BEAT POKEROGUE,498858,6511,138,PT7H9M14S,2024-05-09T08:18:55Z,True,https://i.ytimg.com/vi/YwDOMdIP44k/hqdefault.jpg,https://www.youtube.com/watch?v=YwDOMdIP44k
QcyL7rADCCw,I am a Red Bull Athlete*,1678268,165250,519,PT59S,2024-05-09T08:01:20Z,False,https://i.ytimg.com/vi/QcyL7rADCCw/hqdefault.jpg,https://www.youtube.com/watch?v=QcyL7rADCCw
3b9SVtuiJuI,🔴 MY RETURN TO POKEMON | POKEROGUE RACE AGAINST WILL NEFF,461350,5958,145,PT8H4M46S,2024-05-08T07:43:17Z,True,https://i.ytimg.com/vi/3b9SVtuiJuI/hqdefault.jpg,https://www.youtube.com/watch?v=3b9SVtuiJuI
CwPsf-y1DXc,I Snuck into a Movie Premiere. Big mistake.,1214240,53193,1156,PT27M7S,2024-05-07T06:56:10Z,False,https://i.ytimg.com/vi/CwPsf-y1DXc/hqdefault.jpg,https://www.youtube.com/watch?v=CwPsf-y1DXc
H7aORH5T3Rc,"🔴 WORLD'S TALLEST 5'10"" STREAMER PLAYS HADES 2",215549,3544,78,PT4H26M44S,2024-05-07T06:52:14Z,True,https://i.ytimg.com/vi/H7aORH5T3Rc/hqdefault.jpg,https://www.youtube.com/watch?v=H7aORH5T3Rc
Ydi0rM09EkY,🔴KENDRICK DROPPED ANOTHER | POKEMON ROGUE ON MONDAY,663030,15266,445,PT1H39M34S,2024-05-05T01:50:12Z,True,https://i.ytimg.com/vi/Ydi0rM09EkY/hqdefault.jpg,https://www.youtube.com/watch?v=Ydi0rM09EkY
F68yKmkew3w,Pretending to be a Michelin Star Chef,1192404,53768,953,PT12M36S,2024-05-05T01:41:15Z,False,https://i.ytimg.com/vi/F68yKmkew3w/hqdefault.jpg,https://www.youtube.com/watch?v=F68yKmkew3w
8XvPCRuWuyQ,I lied to the government.,8334978,520308,1522,PT34S,2024-05-04T23:32:30Z,False,https://i.ytimg.com/vi/8XvPCRuWuyQ/hqdefault.jpg,https://www.youtube.com/watch?v=8XvPCRuWuyQ
Vm9DbiHRNgc,I used to think VR was dumb until....,795391,65527,302,PT32S,2024-05-04T05:22:45Z,False,https://i.ytimg.com/vi/Vm9DbiHRNgc/hqdefault.jpg,https://www.youtube.com/watch?v=Vm9DbiHRNgc
2SHudAEg-iw,🔴WE NEED TO TALK - I GOT BAD NEWS (AND GOOD NEWS),198716,3837,84,PT2H14M19S,2024-05-04T04:59:06Z,True,https://i.ytimg.com/vi/2SHudAEg-iw/hqdefault.jpg,https://www.youtube.com/watch?v=2SHudAEg-iw
vmA35Wbc5_M,are you a grower or a shower?,4674694,302484,1086,PT53S,2024-05-02T21:58:47Z,False,https://i.ytimg.com/vi/vmA35Wbc5_M/hqdefault.jpg,https://www.youtube.com/watch?v=vmA35Wbc5_M
1b9IwTxDIng,🔴 STORY TIME MY FIRST MOVIE PRMIERE,136822,4267,140,PT59M6S,2024-05-02T00:57:51Z,True,https://i.ytimg.com/vi/1b9IwTxDIng/hqdefault.jpg,https://www.youtube.com/watch?v=1b9IwTxDIng
S4txwdWLDPQ,"UNPAID INTERN EPISODE 3 ft. Wubby, Squeex, ExtraEmily, AustinShow  !RedBull !OMEN !HyperX",1003343,32006,1083,PT1H29M40S,2024-04-28T20:37:22Z,True,https://i.ytimg.com/vi/S4txwdWLDPQ/hqdefault.jpg,https://www.youtube.com/watch?v=S4txwdWLDPQ
T_6x6EpFMl8,🔴 BRO VS BRO WITH @LinusTechTips,423360,10037,325,PT2H48M56S,2024-04-27T23:28:48Z,True,https://i.ytimg.com/vi/T_6x6EpFMl8/hqdefault.jpg,https://www.youtube.com/watch?v=T_6x6EpFMl8
SNwCd9BScQg,this streamer made a huge mistake challenging me,1103937,39033,658,PT23M3S,2024-04-27T07:24:33Z,False,https://i.ytimg.com/vi/SNwCd9BScQg/hqdefault.jpg,https://www.youtube.com/watch?v=SNwCd9BScQg
vyGS98O-gac,🔴 NEW TMNT STUMBLE GUYS WITH @QTCinderella #stumblepartner,133470,2634,39,PT2H31M14S,2024-04-26T23:41:34Z,True,https://i.ytimg.com/vi/vyGS98O-gac/hqdefault.jpg,https://www.youtube.com/watch?v=vyGS98O-gac
oaDxTfch3FA,"🔴PROFESSIONAL REACTOR WATCHES MRBEASTS ""BEST VIDEO YET""",223667,4802,134,PT2H59M22S,2024-04-24T06:25:11Z,True,https://i.ytimg.com/vi/oaDxTfch3FA/hqdefault.jpg,https://www.youtube.com/watch?v=oaDxTfch3FA
esFoTYvlH0Q,they put me in minecraft,5386948,324475,619,PT23S,2024-04-24T03:17:49Z,False,https://i.ytimg.com/vi/esFoTYvlH0Q/hqdefault.jpg,https://www.youtube.com/watch?v=esFoTYvlH0Q
x8_4bN8yzkc,ill never forgive the dev of this game,151155,10260,48,PT1M,2024-04-23T05:33:18Z,False,https://i.ytimg.com/vi/x8_4bN8yzkc/hqdefault.jpg,https://www.youtube.com/watch?v=x8_4bN8yzkc
YbaltPMR3d0,one must imagine ludwig happy,3149279,85154,1444,PT22M53S,2024-04-23T05:33:02Z,False,https://i.ytimg.com/vi/YbaltPMR3d0/hqdefault.jpg,https://www.youtube.com/watch?v=YbaltPMR3d0
EzCR0Qh_HEc,They Updated Jump King. It's insane.,1497283,48751,688,PT31M27S,2024-04-20T04:52:51Z,False,https://i.ytimg.com/vi/EzCR0Qh_HEc/hqdefault.jpg,https://www.youtube.com/watch?v=EzCR0Qh_HEc
d5Vaoeg2wW4,hardest thing ive ever attempted,539116,33307,131,PT27S,2024-04-19T17:37:00Z,False,https://i.ytimg.com/vi/d5Vaoeg2wW4/hqdefault.jpg,https://www.youtube.com/watch?v=d5Vaoeg2wW4
p1dPhCPrWKM,🔴 DAILY GAME THEN ELDEN RING WHEEL PUNISHMENTS,186584,3204,38,PT2H56M11S,2024-04-18T23:26:37Z,True,https://i.ytimg.com/vi/p1dPhCPrWKM/hqdefault.jpg,https://www.youtube.com/watch?v=p1dPhCPrWKM
janJnIWm0CI,yet another youtuber i have beef with,4049625,262266,392,PT29S,2024-04-18T07:02:13Z,False,https://i.ytimg.com/vi/janJnIWm0CI/hqdefault.jpg,https://www.youtube.com/watch?v=janJnIWm0CI
I6fztruG7GE,I Ranked EVERY Google Game,1693584,49808,1240,PT20M52S,2024-04-18T04:07:51Z,False,https://i.ytimg.com/vi/I6fztruG7GE/hqdefault.jpg,https://www.youtube.com/watch?v=I6fztruG7GE
nuImMCnkGIw,🔴 ludwig tries to get a perfect score on timeguessr,172703,3264,58,PT2H1S,2024-04-17T05:58:05Z,True,https://i.ytimg.com/vi/nuImMCnkGIw/hqdefault.jpg,https://www.youtube.com/watch?v=nuImMCnkGIw
W3aH57uVrj8,🔴LOSE A GAME GIFT 100 SUBS,69263,1940,329,PT7M12S,2024-04-17T03:46:37Z,True,https://i.ytimg.com/vi/W3aH57uVrj8/hqdefault.jpg,https://www.youtube.com/watch?v=W3aH57uVrj8
kiQbyfqaPmY,🔴 one must imagine ludwig happy,362926,7057,124,PT4H16M47S,2024-04-16T02:37:45Z,True,https://i.ytimg.com/vi/kiQbyfqaPmY/hqdefault.jpg,https://www.youtube.com/watch?v=kiQbyfqaPmY
6nuN_X68FuI,I asked my girlfriend to stream for me...,3564716,153738,332,PT21S,2024-04-15T20:46:54Z,False,https://i.ytimg.com/vi/6nuN_X68FuI/hqdefault.jpg,https://www.youtube.com/watch?v=6nuN_X68FuI
dP4Hubi5k-o,🔴 🪂NEW JUMP KING 🪂 THIS IS NOT A DRILL 🪂 BEATING IT TODAY🪂,355723,6296,85,PT7H20M19S,2024-04-14T08:10:03Z,True,https://i.ytimg.com/vi/dP4Hubi5k-o/hqdefault.jpg,https://www.youtube.com/watch?v=dP4Hubi5k-o
0L8az_WNJRg,I SAID DO NOT TRY THIS AT HOME,842002,60132,172,PT31S,2024-04-14T07:55:03Z,False,https://i.ytimg.com/vi/0L8az_WNJRg/hqdefault.jpg,https://www.youtube.com/watch?v=0L8az_WNJRg
WNCG7_1RxGo,I Tried Beating Japan's Hardest Game. I got the world record,782618,34460,537,PT9M10S,2024-04-13T04:41:28Z,False,https://i.ytimg.com/vi/WNCG7_1RxGo/hqdefault.jpg,https://www.youtube.com/watch?v=WNCG7_1RxGo
Z28_4B_1uig,The Most Impressive Trick Shot,180273,7710,54,PT38S,2024-04-13T03:59:27Z,False,https://i.ytimg.com/vi/Z28_4B_1uig/hqdefault.jpg,https://www.youtube.com/watch?v=Z28_4B_1uig
s1F0yxCpwkw,🔴 MXS WATCH PARTY??,157516,2694,34,PT2H31M36S,2024-04-11T23:02:23Z,True,https://i.ytimg.com/vi/s1F0yxCpwkw/hqdefault.jpg,https://www.youtube.com/watch?v=s1F0yxCpwkw
61u7LuetEG8,"I gave my chat $10,000",554772,45337,134,PT24S,2024-04-11T19:00:02Z,False,https://i.ytimg.com/vi/61u7LuetEG8/hqdefault.jpg,https://www.youtube.com/watch?v=61u7LuetEG8
2r8FWZVwGLM,I challenged smallant to a speedrun tournament,2447690,65364,720,PT23M51S,2024-04-11T03:36:03Z,False,https://i.ytimg.com/vi/2r8FWZVwGLM/hqdefault.jpg,https://www.youtube.com/watch?v=2r8FWZVwGLM
4AvbPJmB7h0,NAME A WOMAN,3158006,258768,2202,PT20S,2024-04-10T19:30:00Z,False,https://i.ytimg.com/vi/4AvbPJmB7h0/hqdefault.jpg,https://www.youtube.com/watch?v=4AvbPJmB7h0
G8LGWi0O1ck,YouTube's Secret Video Game,1490143,144231,449,PT18S,2024-04-09T19:30:01Z,False,https://i.ytimg.com/vi/G8LGWi0O1ck/hqdefault.jpg,https://www.youtube.com/watch?v=G8LGWi0O1ck
rXaO732e60M,🔴 WATCHING LINUS TECH TIPS TORTURE ME,156660,3278,60,PT2H10M10S,2024-04-09T05:59:27Z,True,https://i.ytimg.com/vi/rXaO732e60M/hqdefault.jpg,https://www.youtube.com/watch?v=rXaO732e60M
H_qqKT6_zA8,subscribe 4 sex,126649,11732,193,PT28S,2024-04-08T07:48:45Z,False,https://i.ytimg.com/vi/H_qqKT6_zA8/hqdefault.jpg,https://www.youtube.com/watch?v=H_qqKT6_zA8
s8526QccwTI,Never Hire a Woman... | Unpaid Intern,1277527,42584,1193,PT55M38S,2024-04-08T07:46:21Z,False,https://i.ytimg.com/vi/s8526QccwTI/hqdefault.jpg,https://www.youtube.com/watch?v=s8526QccwTI
Yb1OLQOZU4M,🔴 BRO V BRO AGAINST @FoolishGamers,220010,4243,100,PT4H13M54S,2024-04-08T04:01:59Z,True,https://i.ytimg.com/vi/Yb1OLQOZU4M/hqdefault.jpg,https://www.youtube.com/watch?v=Yb1OLQOZU4M
ir5roYQocdA,STOP DOING THIS! EMERGENCY STREAM,195312,4055,171,PT2H15M12S,2024-04-06T02:23:44Z,True,https://i.ytimg.com/vi/ir5roYQocdA/hqdefault.jpg,https://www.youtube.com/watch?v=ir5roYQocdA
BdF7pitO4QI,2 Lesbians Sell Lemonade (gone wrong),309091,15591,86,PT55S,2024-04-04T19:00:04Z,False,https://i.ytimg.com/vi/BdF7pitO4QI/hqdefault.jpg,https://www.youtube.com/watch?v=BdF7pitO4QI
luW98AaDnno,"I Let My Chat Invest $10,000 to prove it's all luck",3662332,110214,2091,PT22M53S,2024-04-04T06:29:32Z,False,https://i.ytimg.com/vi/luW98AaDnno/hqdefault.jpg,https://www.youtube.com/watch?v=luW98AaDnno
Ohpb79jOGMg,Don't Trust Linus Tech Tips,1652144,76437,330,PT24S,2024-04-04T05:14:32Z,False,https://i.ytimg.com/vi/Ohpb79jOGMg/hqdefault.jpg,https://www.youtube.com/watch?v=Ohpb79jOGMg
jzg2uUrlCcc,🔴 HUGE DAY ! MXS VALO | RANKING EVERY GOOGLE GAME | JET LAG FINALE,276833,4623,66,PT6H33M49S,2024-04-04T03:29:52Z,True,https://i.ytimg.com/vi/jzg2uUrlCcc/hqdefault.jpg,https://www.youtube.com/watch?v=jzg2uUrlCcc
RyQn1kJU5g4,🔴NEW MRBEAST VIDEO,167911,3957,78,PT2H8M40S,2024-04-03T06:33:13Z,True,https://i.ytimg.com/vi/RyQn1kJU5g4/hqdefault.jpg,https://www.youtube.com/watch?v=RyQn1kJU5g4
4V4qaTsKQno,"This Japanese ""Kids"" Game is Impossible",4868097,212523,375,PT29S,2024-04-02T19:00:03Z,False,https://i.ytimg.com/vi/4V4qaTsKQno/hqdefault.jpg,https://www.youtube.com/watch?v=4V4qaTsKQno
AAh1dTJ4Cns,im a bad streamer,1618415,166802,494,PT34S,2024-04-01T18:59:43Z,False,https://i.ytimg.com/vi/AAh1dTJ4Cns/hqdefault.jpg,https://www.youtube.com/watch?v=AAh1dTJ4Cns
SNcBivda5Uk,YouTube Started Making Video Games. I Ranked Them All.,1689349,70594,1507,PT17M29S,2024-04-01T06:20:13Z,False,https://i.ytimg.com/vi/SNcBivda5Uk/hqdefault.jpg,https://www.youtube.com/watch?v=SNcBivda5Uk
q89uvobNOsM,🔴BIG DAY FOR OUR MOIST MOGULS | TOP 8 BATTLE OF BC,205498,3025,35,PT5H57M,2024-04-01T00:36:20Z,True,https://i.ytimg.com/vi/q89uvobNOsM/hqdefault.jpg,https://www.youtube.com/watch?v=q89uvobNOsM
RGzbdR3wUcE,UNPAID INTERN FT. @QTCinderella @issfanfan @SamwitchOfficial @nutstar !RedBull !OMEN !HyperX,648952,28838,931,PT1H8M39S,2024-03-30T22:29:37Z,True,https://i.ytimg.com/vi/RGzbdR3wUcE/hqdefault.jpg,https://www.youtube.com/watch?v=RGzbdR3wUcE
9QIROAxPhuc,🔴 LATE NIGHT STREAM | UNPAID INTERN TOMORROW,113722,2338,47,PT2H29M32S,2024-03-30T08:06:22Z,True,https://i.ytimg.com/vi/9QIROAxPhuc/hqdefault.jpg,https://www.youtube.com/watch?v=9QIROAxPhuc
OA4AT5KrahI,Dogma _____,4546208,361301,1250,PT14S,2024-03-29T06:19:51Z,False,https://i.ytimg.com/vi/OA4AT5KrahI/hqdefault.jpg,https://www.youtube.com/watch?v=OA4AT5KrahI
nMBQ_9I1CFU,🔴 MXS MATCH ➡️ SUIKA GAME ➡️NEW AMOGUS GAME (OH DEER),303641,5352,87,PT5H35M25S,2024-03-29T04:48:13Z,True,https://i.ytimg.com/vi/nMBQ_9I1CFU/hqdefault.jpg,https://www.youtube.com/watch?v=nMBQ_9I1CFU
A9Ms3m290dM,🔴 THE RETURN,285333,5747,92,PT3H7M29S,2024-03-28T04:51:17Z,True,https://i.ytimg.com/vi/A9Ms3m290dM/hqdefault.jpg,https://www.youtube.com/watch?v=A9Ms3m290dM
WV8biRcC0Qw,My Biggest Video Almost Never Happened,8649258,652100,606,PT47S,2024-03-27T06:47:54Z,False,https://i.ytimg.com/vi/WV8biRcC0Qw/hqdefault.jpg,https://www.youtube.com/watch?v=WV8biRcC0Qw
jckI0MNGqdo,🔴 NAMING 100 WOMEN (SPEEDRUN),253309,5252,202,PT1H52M21S,2024-03-27T06:46:00Z,True,https://i.ytimg.com/vi/jckI0MNGqdo/hqdefault.jpg,https://www.youtube.com/watch?v=jckI0MNGqdo
pCCKwQNmL5E,🔴 TRY NOT TO CRINGE CHALLENGE WITH SUBSTITUTE TEACHER | MARCH MADNESS IS WILD ✌️🤪,202863,7664,255,PT41M55S,2024-03-26T05:51:17Z,True,https://i.ytimg.com/vi/pCCKwQNmL5E/hqdefault.jpg,https://www.youtube.com/watch?v=pCCKwQNmL5E
O81nCGc3YNU,🔴 LET'S TALK ABOUT THE SUBREDDIT POST...,172750,3472,73,PT1H46M2S,2024-03-25T03:22:17Z,True,https://i.ytimg.com/vi/O81nCGc3YNU/hqdefault.jpg,https://www.youtube.com/watch?v=O81nCGc3YNU
sKxUmH6rUCs,"🔴1 YEAR AGO CHAT SPENT $10,000 ON STOCKS... TODAY IT'S WORTH...",301688,6100,115,PT1H51M38S,2024-03-24T03:16:26Z,True,https://i.ytimg.com/vi/sKxUmH6rUCs/hqdefault.jpg,https://www.youtube.com/watch?v=sKxUmH6rUCs
28W_tkkywM8,Watching 100 TikToks to Answer This Question,2160753,75400,1361,PT29M14S,2024-03-24T03:07:53Z,False,https://i.ytimg.com/vi/28W_tkkywM8/hqdefault.jpg,https://www.youtube.com/watch?v=28W_tkkywM8
1VmHkVKfLsw,🔴 SPEEDRUNNING YOUTUBE GAMES,282812,4931,109,PT4H52M1S,2024-03-23T20:19:48Z,True,https://i.ytimg.com/vi/1VmHkVKfLsw/hqdefault.jpg,https://www.youtube.com/watch?v=1VmHkVKfLsw
tMiWkksLDfs,I Hate Smallant,1346003,125508,418,PT30S,2024-03-22T07:02:13Z,False,https://i.ytimg.com/vi/tMiWkksLDfs/hqdefault.jpg,https://www.youtube.com/watch?v=tMiWkksLDfs
LKnAg-YGipI,🔴 WATCHING 100 TIK TOKS 100 SHORTS 100 REELS,372718,7630,162,PT3H52M37S,2024-03-22T01:39:14Z,True,https://i.ytimg.com/vi/LKnAg-YGipI/hqdefault.jpg,https://www.youtube.com/watch?v=LKnAg-YGipI
FulLwcYVk8U,🔴 REDDIT RECAP + JETLAG EPISODE 3 ! MARCH MADNESS CONTINUES ON,130141,2978,45,PT2H37M,2024-03-21T05:05:20Z,True,https://i.ytimg.com/vi/FulLwcYVk8U/hqdefault.jpg,https://www.youtube.com/watch?v=FulLwcYVk8U
S05rChQe3MA,Do You See it?,271051,19734,172,PT31S,2024-03-21T02:31:31Z,False,https://i.ytimg.com/vi/S05rChQe3MA/hqdefault.jpg,https://www.youtube.com/watch?v=S05rChQe3MA
SKYAFmZc0Pk,💦EMERGENCY GET IN HERE 💦  FIRST GAME OF THE SEASON 💦 LETS GO MXS 💦@tarik @GOFNS 💦,349363,5544,86,PT3H37M55S,2024-03-19T23:40:07Z,True,https://i.ytimg.com/vi/SKYAFmZc0Pk/hqdefault.jpg,https://www.youtube.com/watch?v=SKYAFmZc0Pk
G1J50JIfeQs,In a hotel ask me anything,236501,4846,128,PT57M11S,2024-03-19T06:33:04Z,True,https://i.ytimg.com/vi/G1J50JIfeQs/hqdefault.jpg,https://www.youtube.com/watch?v=G1J50JIfeQs
Av8mKxCqrmw,This YouTuber Bet I Couldn't Beat His Game,1616855,62405,1075,PT23M22S,2024-03-18T23:55:19Z,False,https://i.ytimg.com/vi/Av8mKxCqrmw/hqdefault.jpg,https://www.youtube.com/watch?v=Av8mKxCqrmw
yxIZYZ17OTU,🔴 THE STREAM ENDS IF I CRY | ELDEN RING LORE,271474,5604,152,PT2H12M18S,2024-03-18T03:55:49Z,True,https://i.ytimg.com/vi/yxIZYZ17OTU/hqdefault.jpg,https://www.youtube.com/watch?v=yxIZYZ17OTU
ayO1TuWsE9I,LISTEN TO ME,731711,68898,1612,PT16S,2024-03-17T03:00:02Z,False,https://i.ytimg.com/vi/ayO1TuWsE9I/hqdefault.jpg,https://www.youtube.com/watch?v=ayO1TuWsE9I
kww5YV71jM4,🔴NEW MR BEAST VIDEO AND THEN ELDEN RING LORE?,244878,5300,97,PT2H14M44S,2024-03-17T02:59:07Z,True,https://i.ytimg.com/vi/kww5YV71jM4/hqdefault.jpg,https://www.youtube.com/watch?v=kww5YV71jM4
kUtZ-yqXJOE,🔴 EXPLORING A NEW WORLD Sponsored by Outcast - A New Beginning !Outcast,167970,2832,38,PT3H24M30S,2024-03-16T03:22:09Z,True,https://i.ytimg.com/vi/kUtZ-yqXJOE/hqdefault.jpg,https://www.youtube.com/watch?v=kUtZ-yqXJOE
gagWPnjv_NU,I Watched 500 YouTube Shorts to Answer This Question,3055982,116599,2798,PT33M4S,2024-03-16T03:14:23Z,False,https://i.ytimg.com/vi/gagWPnjv_NU/hqdefault.jpg,https://www.youtube.com/watch?v=gagWPnjv_NU
fRXc8CFX8QY,he ruins everything,204721,15738,179,PT36S,2024-03-15T23:37:23Z,False,https://i.ytimg.com/vi/fRXc8CFX8QY/hqdefault.jpg,https://www.youtube.com/watch?v=fRXc8CFX8QY
ltE_-DEeQEo,worlds shortest stream,90910,7674,1147,PT20S,2024-03-15T06:55:41Z,True,https://i.ytimg.com/vi/ltE_-DEeQEo/hqdefault.jpg,https://www.youtube.com/watch?v=ltE_-DEeQEo
tLpToQYwFJE,A MESSAGE TO THE CEO OF YOUTUBE,1006804,94343,472,PT28S,2024-03-14T04:39:07Z,False,https://i.ytimg.com/vi/tLpToQYwFJE/hqdefault.jpg,https://www.youtube.com/watch?v=tLpToQYwFJE
QgumaNCBGf8,🔴 JET LAG EPISODE 2 (SHORT STREAM TRAVELLING TOMORROW),109720,2574,47,PT1H16M34S,2024-03-14T04:22:06Z,True,https://i.ytimg.com/vi/QgumaNCBGf8/hqdefault.jpg,https://www.youtube.com/watch?v=QgumaNCBGf8
Ngshuo3Tk-M,🔴 REACTING TO VIDEOS (NEW JET LAG WOOOO!!!!!),217525,4248,72,PT2H53M16S,2024-03-13T05:47:13Z,True,https://i.ytimg.com/vi/Ngshuo3Tk-M/hqdefault.jpg,https://www.youtube.com/watch?v=Ngshuo3Tk-M
Mxy4_prlhY0,Never Hire Schlatt | Unpaid Intern,3546058,132615,3083,PT1H2M23S,2024-03-13T05:38:00Z,False,https://i.ytimg.com/vi/Mxy4_prlhY0/hqdefault.jpg,https://www.youtube.com/watch?v=Mxy4_prlhY0
6o4Pbx4hbpE,Speaking Backwards is Harder than it seems,1463850,123333,288,PT57S,2024-03-13T02:00:53Z,False,https://i.ytimg.com/vi/6o4Pbx4hbpE/hqdefault.jpg,https://www.youtube.com/watch?v=6o4Pbx4hbpE
SI25PYT2Lvg,Worst Handshake in the World,2997355,251511,822,PT1M,2024-03-12T07:12:15Z,False,https://i.ytimg.com/vi/SI25PYT2Lvg/hqdefault.jpg,https://www.youtube.com/watch?v=SI25PYT2Lvg
k8_VLMiq8H8,🔴 INFINITE CRAFT DUEL AGAINST @Smallant,583621,10105,138,PT5H16M9S,2024-03-12T03:37:00Z,True,https://i.ytimg.com/vi/k8_VLMiq8H8/hqdefault.jpg,https://www.youtube.com/watch?v=k8_VLMiq8H8
pQ7HqIN4wGI,How I Accidentally Won a Speedrun Tournament,2961901,102161,1107,PT40M50S,2024-03-09T02:43:00Z,False,https://i.ytimg.com/vi/pQ7HqIN4wGI/hqdefault.jpg,https://www.youtube.com/watch?v=pQ7HqIN4wGI
tFpV-V3NAwM,🔴 I HAVE ONE HOUR TO BEAT THIS GAME OR I GIFT 100 SUBS,390302,8204,120,PT4H44M23S,2024-03-09T02:32:02Z,True,https://i.ytimg.com/vi/tFpV-V3NAwM/hqdefault.jpg,https://www.youtube.com/watch?v=tFpV-V3NAwM
GFjz2frWC3w,🔴 FINAL FANTASY VII (7) REBIRTH WITH SLIME !FF7R #sponsored,142420,3254,47,PT1H58M58S,2024-03-08T03:46:42Z,True,https://i.ytimg.com/vi/GFjz2frWC3w/hqdefault.jpg,https://www.youtube.com/watch?v=GFjz2frWC3w
L3Wh_39Bgn0,Malicious Compliance.,606885,44017,221,PT31S,2024-03-07T20:27:50Z,False,https://i.ytimg.com/vi/L3Wh_39Bgn0/hqdefault.jpg,https://www.youtube.com/watch?v=L3Wh_39Bgn0
-o6aAUnHvj0,🔴 THIS YOUTUBER MADE A NEW GETTING OVER IT GAME... WE BEAT IT TODAY!!!,592229,10915,224,PT5H26M10S,2024-03-07T07:56:51Z,True,https://i.ytimg.com/vi/-o6aAUnHvj0/hqdefault.jpg,https://www.youtube.com/watch?v=-o6aAUnHvj0
PuC40Nk7Ggc,I Let YouTube Autoplay 1000 Videos,3452707,117216,2609,PT22M46S,2024-03-06T08:34:30Z,False,https://i.ytimg.com/vi/PuC40Nk7Ggc/hqdefault.jpg,https://www.youtube.com/watch?v=PuC40Nk7Ggc
nCzhsT2vyyI,🔴 It's Time. Watching 500 YouTube Shorts,404360,10311,286,PT5H32M7S,2024-03-05T08:35:59Z,True,https://i.ytimg.com/vi/nCzhsT2vyyI/hqdefault.jpg,https://www.youtube.com/watch?v=nCzhsT2vyyI
5rq4ZIZVsqk,🔴 ONE HOUR TO GET A WATERMELON OR I GIFT 222 SUBS UPDATES/DRAMA/REACT/GAMING/GOONING,163554,3658,80,PT2H7M18S,2024-03-04T04:29:22Z,True,https://i.ytimg.com/vi/5rq4ZIZVsqk/hqdefault.jpg,https://www.youtube.com/watch?v=5rq4ZIZVsqk
n8gZHTxJUgU,Proving I'm the Best Speedrunner Once and For All,2135865,48956,760,PT32M36S,2024-03-04T04:19:39Z,False,https://i.ytimg.com/vi/n8gZHTxJUgU/hqdefault.jpg,https://www.youtube.com/watch?v=n8gZHTxJUgU
qmE4tQgWDso,This Took 5 Years,2339818,164128,875,PT32S,2024-03-03T23:43:58Z,False,https://i.ytimg.com/vi/qmE4tQgWDso/hqdefault.jpg,https://www.youtube.com/watch?v=qmE4tQgWDso
xcM6KiXF4rU,🔴 PROFESSIONAL MRBEAST REACTOR REACTS TO MRBEAST | STREAMING EVERYDAY 2/31,150030,3935,93,PT54M58S,2024-03-02T20:31:12Z,True,https://i.ytimg.com/vi/xcM6KiXF4rU/hqdefault.jpg,https://www.youtube.com/watch?v=xcM6KiXF4rU
4FxLBaDCssw,🔴 HELP ME DESIGN A TATTOO (NEW SUB BADGES),102478,2602,119,PT1H17M22S,2024-03-02T05:27:53Z,True,https://i.ytimg.com/vi/4FxLBaDCssw/hqdefault.jpg,https://www.youtube.com/watch?v=4FxLBaDCssw
cnIhdusPkeI,Schlatt Teaches Children,2635412,182865,1011,PT59S,2024-03-01T04:00:13Z,False,https://i.ytimg.com/vi/cnIhdusPkeI/hqdefault.jpg,https://www.youtube.com/watch?v=cnIhdusPkeI
gUCeLObQo9k,🔴 SPEEDRUNNING YOUTUBE,291441,6878,136,PT2H39M15S,2024-02-29T06:02:24Z,True,https://i.ytimg.com/vi/gUCeLObQo9k/hqdefault.jpg,https://www.youtube.com/watch?v=gUCeLObQo9k
88G3J02apBc,I accidentally kicked a gay man,1485193,116416,687,PT30S,2024-02-27T08:15:00Z,False,https://i.ytimg.com/vi/88G3J02apBc/hqdefault.jpg,https://www.youtube.com/watch?v=88G3J02apBc
p1QR_Khk7L8,🔴 5 YEAR ANNIVERSARY OF BEING A YOUTUBER,226057,5513,85,PT4H11M55S,2024-02-27T07:53:45Z,True,https://i.ytimg.com/vi/p1QR_Khk7L8/hqdefault.jpg,https://www.youtube.com/watch?v=p1QR_Khk7L8
yD0Kfup7U3U,I Forced a British Man to Try EVERY Fast Food Restaurant,2111159,62995,1242,PT23M9S,2024-02-26T08:00:43Z,False,https://i.ytimg.com/vi/yD0Kfup7U3U/hqdefault.jpg,https://www.youtube.com/watch?v=yD0Kfup7U3U
iucNVUJ89KQ,"UNPAID INTERN FEAT.  @jschlattLIVE, @LilyPichu, @Kyedae, @danielthrasher  !RedBull !OMEN !HyperX",1607559,79352,2414,PT1H34M54S,2024-02-24T22:44:41Z,True,https://i.ytimg.com/vi/iucNVUJ89KQ/hqdefault.jpg,https://www.youtube.com/watch?v=iucNVUJ89KQ
8fS599oWjLY,Huge Streamer Awards Drama,882058,41376,892,PT15M55S,2024-02-24T00:02:23Z,False,https://i.ytimg.com/vi/8fS599oWjLY/hqdefault.jpg,https://www.youtube.com/watch?v=8fS599oWjLY
bah1xOhQ7ec,I Walked in on my Teacher,2556266,239211,935,PT56S,2024-02-23T08:17:49Z,False,https://i.ytimg.com/vi/bah1xOhQ7ec/hqdefault.jpg,https://www.youtube.com/watch?v=bah1xOhQ7ec
k9q86Ia8Vgo,🔴 PROVING I AM THE GREATEST (mario) GAMER ON EARTH | 1v1 @Squeex,263483,4339,53,PT5H42M20S,2024-02-23T06:40:32Z,True,https://i.ytimg.com/vi/k9q86Ia8Vgo/hqdefault.jpg,https://www.youtube.com/watch?v=k9q86Ia8Vgo
fAr8FIthTb4,🔴 2V2UESDAY 🧑‍🤝‍🧑 WINNER 🏆 POV  🎥 WITH:  @starsmitten,251239,4646,66,PT4H38M46S,2024-02-22T02:52:49Z,True,https://i.ytimg.com/vi/fAr8FIthTb4/hqdefault.jpg,https://www.youtube.com/watch?v=fAr8FIthTb4
fflIIeiLZWU,🔴 Award Winning Streamer (must watch experience),208587,4839,50,PT5H10M15S,2024-02-21T07:41:49Z,True,https://i.ytimg.com/vi/fflIIeiLZWU/hqdefault.jpg,https://www.youtube.com/watch?v=fflIIeiLZWU
4L01lVKfWKk,I Confronted YouTubes 'Scary' New CEO,1103316,64916,2672,PT50M24S,2024-02-20T18:30:20Z,False,https://i.ytimg.com/vi/4L01lVKfWKk/hqdefault.jpg,https://www.youtube.com/watch?v=4L01lVKfWKk
5sbSmiD-usI,They Stole My Face,1755624,149802,446,PT33S,2024-02-20T08:07:16Z,False,https://i.ytimg.com/vi/5sbSmiD-usI/hqdefault.jpg,https://www.youtube.com/watch?v=5sbSmiD-usI
9XPgRloUUec,🔴 SHORT ASS MAN WITH A SHORT ASS STREAM (PARASOCIAL CLUB AFTER),105325,2398,69,PT1H15M49S,2024-02-16T05:23:28Z,True,https://i.ytimg.com/vi/9XPgRloUUec/hqdefault.jpg,https://www.youtube.com/watch?v=9XPgRloUUec
Lf5aVR53PZ4,I Tried Your Dumb Stream Ideas,1568217,52779,582,PT18M35S,2024-02-16T05:15:11Z,False,https://i.ytimg.com/vi/Lf5aVR53PZ4/hqdefault.jpg,https://www.youtube.com/watch?v=Lf5aVR53PZ4
rz8bcJJmDpA,YOU'VE BEEN WARNED,949213,65600,363,PT21S,2024-02-14T22:39:20Z,False,https://i.ytimg.com/vi/rz8bcJJmDpA/hqdefault.jpg,https://www.youtube.com/watch?v=rz8bcJJmDpA
G7PdJg43nqg,Why February is My Favorite Month,885703,81124,568,PT31S,2024-02-14T06:13:52Z,False,https://i.ytimg.com/vi/G7PdJg43nqg/hqdefault.jpg,https://www.youtube.com/watch?v=G7PdJg43nqg
qI7ADr2izyM,🔴 THE PUZZLE MASTER IS BACK #sponsored by Islands of Insight !islands,178162,3555,44,PT2H45M33S,2024-02-14T06:05:04Z,True,https://i.ytimg.com/vi/qI7ADr2izyM/hqdefault.jpg,https://www.youtube.com/watch?v=qI7ADr2izyM
633OKr7FuAk,This Speedrun is as bad as it looks,2471268,102617,1545,PT16M48S,2024-02-13T09:55:51Z,False,https://i.ytimg.com/vi/633OKr7FuAk/hqdefault.jpg,https://www.youtube.com/watch?v=633OKr7FuAk
ptjZLaD-USY,I Cheated.,2764578,197192,517,PT32S,2024-02-13T09:12:53Z,False,https://i.ytimg.com/vi/ptjZLaD-USY/hqdefault.jpg,https://www.youtube.com/watch?v=ptjZLaD-USY
A7Jfd_RR9Nw,🔴 SPEEDRUNNING EVERYTHING (ty @PointCrow for the title :),377977,5725,127,PT3H18M39S,2024-02-13T05:14:40Z,True,https://i.ytimg.com/vi/A7Jfd_RR9Nw/hqdefault.jpg,https://www.youtube.com/watch?v=A7Jfd_RR9Nw
nHvZ-hMb_0w,🔴 PALWORLD WITH PALS,316713,5890,116,PT5H38M19S,2024-02-11T06:18:59Z,True,https://i.ytimg.com/vi/nHvZ-hMb_0w/hqdefault.jpg,https://www.youtube.com/watch?v=nHvZ-hMb_0w
1CjSKpHh4Ac,I Watched ALL the FNAF Lore. Now I'm an expert.,5395193,141403,2483,PT54M51S,2024-02-10T07:29:43Z,False,https://i.ytimg.com/vi/1CjSKpHh4Ac/hqdefault.jpg,https://www.youtube.com/watch?v=1CjSKpHh4Ac
VlWJxaXYqmg,🔴 HAHAHA IM GONNA GO CRAZY!!,206736,3682,43,PT3H21M42S,2024-02-10T05:39:22Z,True,https://i.ytimg.com/vi/VlWJxaXYqmg/hqdefault.jpg,https://www.youtube.com/watch?v=VlWJxaXYqmg
9pp8oTDchBE,Less Attractive = Less Views,3225719,216293,1412,PT32S,2024-02-10T01:00:07Z,False,https://i.ytimg.com/vi/9pp8oTDchBE/hqdefault.jpg,https://www.youtube.com/watch?v=9pp8oTDchBE
6sjf7R0o-ss,🔴 I TRY YOUR TERRIBLE STREAM SUGGESTIONS,227297,4760,85,PT4H18M25S,2024-02-08T05:18:35Z,True,https://i.ytimg.com/vi/6sjf7R0o-ss/hqdefault.jpg,https://www.youtube.com/watch?v=6sjf7R0o-ss
6cKpB_igqbo,Learning How to Kickflip in 24 Hours,604055,36313,300,PT31S,2024-02-08T00:33:42Z,False,https://i.ytimg.com/vi/6cKpB_igqbo/hqdefault.jpg,https://www.youtube.com/watch?v=6cKpB_igqbo
ECz0FYBgJ84,this mobile game is a scam,386063,32166,160,PT25S,2024-02-07T08:45:00Z,False,https://i.ytimg.com/vi/ECz0FYBgJ84/hqdefault.jpg,https://www.youtube.com/watch?v=ECz0FYBgJ84
i2tQH0lHJXs,I Got Scammed at the Grammys,1274439,50104,1259,PT23M36S,2024-02-07T05:34:20Z,False,https://i.ytimg.com/vi/i2tQH0lHJXs/hqdefault.jpg,https://www.youtube.com/watch?v=i2tQH0lHJXs
9cJod-AZg90,🔴 5v5 DRAFT CREW BATTLE,265973,4671,57,PT4H47M49S,2024-02-07T03:31:31Z,True,https://i.ytimg.com/vi/9cJod-AZg90/hqdefault.jpg,https://www.youtube.com/watch?v=9cJod-AZg90
FK_eK0p_HxA,🔴 STORYTIME THEN BALDURS GATE,141339,3401,82,PT1H3M9S,2024-02-05T23:37:49Z,True,https://i.ytimg.com/vi/FK_eK0p_HxA/hqdefault.jpg,https://www.youtube.com/watch?v=FK_eK0p_HxA
jT3BpgYn3JY,F MrBeast,3292054,204872,782,PT41S,2024-02-05T07:23:42Z,False,https://i.ytimg.com/vi/jT3BpgYn3JY/hqdefault.jpg,https://www.youtube.com/watch?v=jT3BpgYn3JY
KIKtlVBgUQo,This French Streamer Scammed Me,2219260,60356,1062,PT38M49S,2024-02-05T07:18:57Z,False,https://i.ytimg.com/vi/KIKtlVBgUQo/hqdefault.jpg,https://www.youtube.com/watch?v=KIKtlVBgUQo
_QW4zkIipLc,Never Answer MrBeast’s Texts,2657923,96677,1109,PT28M34S,2024-02-03T07:43:19Z,False,https://i.ytimg.com/vi/_QW4zkIipLc/hqdefault.jpg,https://www.youtube.com/watch?v=_QW4zkIipLc
B3GjZ21dGsM,🔴 TWITCH VS YOUTUBE FOR @pokimane's FIRST YOUTUBE STREAM THEN RANKED VALORANT,261508,4681,50,PT6H30M42S,2024-02-02T03:56:14Z,True,https://i.ytimg.com/vi/B3GjZ21dGsM/hqdefault.jpg,https://www.youtube.com/watch?v=B3GjZ21dGsM
kFjOhZZeJN0,🔴 FIVE NIGHTS AT FREDDY'S LORE STREAM,444620,12516,283,PT4H36M32S,2024-02-01T02:49:25Z,True,https://i.ytimg.com/vi/kFjOhZZeJN0/hqdefault.jpg,https://www.youtube.com/watch?v=kFjOhZZeJN0
QtVkI21963k,I Asked 100 Streamers How to Be Successful,1086372,51927,1561,PT37M16S,2024-01-30T06:05:32Z,False,https://i.ytimg.com/vi/QtVkI21963k/hqdefault.jpg,https://www.youtube.com/watch?v=QtVkI21963k
RLX0Idd6bPs,im gonna say it...,5879142,435358,1809,PT51S,2024-01-30T05:00:06Z,False,https://i.ytimg.com/vi/RLX0Idd6bPs/hqdefault.jpg,https://www.youtube.com/watch?v=RLX0Idd6bPs
x6UjyD6zQj8,I Hired a Pro Gamer to Secretly Destroy My Friends,3146672,124369,1873,PT13M37S,2024-01-28T06:35:11Z,False,https://i.ytimg.com/vi/x6UjyD6zQj8/hqdefault.jpg,https://www.youtube.com/watch?v=x6UjyD6zQj8
0iotTaUkEAY,🔴MrBeast made me jump out of a helicopter (at gu n point),213773,5987,148,PT1H26M19S,2024-01-28T05:32:27Z,True,https://i.ytimg.com/vi/0iotTaUkEAY/hqdefault.jpg,https://www.youtube.com/watch?v=0iotTaUkEAY
2dvRbD0p0CU,🔴VOTED FOR THE STREAMER AWARDS ✅ GETTING CARRIED BY LILYPICHU IN VALORANT,176102,3624,48,PT3H42M21S,2024-01-27T06:55:45Z,True,https://i.ytimg.com/vi/2dvRbD0p0CU/hqdefault.jpg,https://www.youtube.com/watch?v=2dvRbD0p0CU
ykra5mAM4Pk,🔴HOW TO BE A STREAMER | THE ULTIMATE GUIDE,193402,5851,111,PT2H9M5S,2024-01-26T04:19:52Z,True,https://i.ytimg.com/vi/ykra5mAM4Pk/hqdefault.jpg,https://www.youtube.com/watch?v=ykra5mAM4Pk
ZW82fB-y7ko,I Ranked EVERY Mobile Game,2637140,77450,2345,PT22M14S,2024-01-26T04:12:13Z,False,https://i.ytimg.com/vi/ZW82fB-y7ko/hqdefault.jpg,https://www.youtube.com/watch?v=ZW82fB-y7ko
Xjd9UQAdgfU,🔴This Stream Will Self Destruct in 69 Minutes,165156,4235,99,PT1H9M49S,2024-01-24T04:44:18Z,True,https://i.ytimg.com/vi/Xjd9UQAdgfU/hqdefault.jpg,https://www.youtube.com/watch?v=Xjd9UQAdgfU
ReDZC4wpeE4,🔴HUGE STREAM DRAMA,190035,4071,70,PT2H13M16S,2024-01-23T04:34:26Z,True,https://i.ytimg.com/vi/ReDZC4wpeE4/hqdefault.jpg,https://www.youtube.com/watch?v=ReDZC4wpeE4
x82GfCSuyMM,I Gave My Chat My Credit Card. Big Mistake.,393718,27938,176,PT21S,2024-01-22T08:26:01Z,False,https://i.ytimg.com/vi/x82GfCSuyMM/hqdefault.jpg,https://www.youtube.com/watch?v=x82GfCSuyMM
UQcn01JooLo,🔴STREAMING UNTIL I OLLIE,372265,6982,204,PT2H36M,2024-01-19T01:06:09Z,True,https://i.ytimg.com/vi/UQcn01JooLo/hqdefault.jpg,https://www.youtube.com/watch?v=UQcn01JooLo
v0YiRc5xTyY,I Ranked Every YouTuber. Bad idea.,2160636,80700,1521,PT24M42S,2024-01-19T01:02:46Z,False,https://i.ytimg.com/vi/v0YiRc5xTyY/hqdefault.jpg,https://www.youtube.com/watch?v=v0YiRc5xTyY
A7yVN7GmTvc,🔴STREAMING UNTIL I LAND A KICKFLIP,195596,4375,155,PT58M51S,2024-01-18T22:16:39Z,True,https://i.ytimg.com/vi/A7yVN7GmTvc/hqdefault.jpg,https://www.youtube.com/watch?v=A7yVN7GmTvc
1OvHJB5p7tE,🔴THE RETURN OF BRO VS BRO AGAINST FRENCH MAN @AREtoilesMC,257152,4712,63,PT5H8S,2024-01-18T02:18:48Z,True,https://i.ytimg.com/vi/1OvHJB5p7tE/hqdefault.jpg,https://www.youtube.com/watch?v=1OvHJB5p7tE
aWbPAccuOb8,My Gambling Addiction,392793,28902,163,PT38S,2024-01-17T08:04:00Z,False,https://i.ytimg.com/vi/aWbPAccuOb8/hqdefault.jpg,https://www.youtube.com/watch?v=aWbPAccuOb8
GdMYVaPfIUw,🔴RANKING EVERY MOBILE GAME,773292,8863,518,PT3H46M54S,2024-01-17T05:50:57Z,True,https://i.ytimg.com/vi/GdMYVaPfIUw/hqdefault.jpg,https://www.youtube.com/watch?v=GdMYVaPfIUw
kFc11gPPSyo,The Only Streamer I Have Beef With,739008,57066,125,PT27S,2024-01-16T06:04:28Z,False,https://i.ytimg.com/vi/kFc11gPPSyo/hqdefault.jpg,https://www.youtube.com/watch?v=kFc11gPPSyo
JgT7e_TfWBo,🔴STREAM,168344,3747,63,PT1H6M40S,2024-01-16T02:14:04Z,True,https://i.ytimg.com/vi/JgT7e_TfWBo/hqdefault.jpg,https://www.youtube.com/watch?v=JgT7e_TfWBo
gvWwF-QTX-Y,"$50,000 BIGGEST VALORANT TOURNAMENT 2024 | LUDWIG x TARIK INVITATIONAL 2 !OMEN !RedBull",477521,7479,57,PT9H1M39S,2024-01-15T04:09:20Z,True,https://i.ytimg.com/vi/gvWwF-QTX-Y/hqdefault.jpg,https://www.youtube.com/watch?v=gvWwF-QTX-Y
8NVovE1q4Uo,"DAY 1 PART 2 | $50,000 BIGGEST VALORANT TOURNEY 2024 | LUDWIG x TARIK INVITATIONAL 2 !OMEN !RedBull",97106,1831,14,PT46M43S,2024-01-14T06:22:49Z,True,https://i.ytimg.com/vi/8NVovE1q4Uo/hqdefault.jpg,https://www.youtube.com/watch?v=8NVovE1q4Uo
jg7ka2tEZuc,"$50,000 BIGGEST VALORANT TOURNAMENT 2024 | LUDWIG x TARIK INVITATIONAL 2 !OMEN !RedBull",536173,8608,32,PT11H41M44S,2024-01-14T06:11:09Z,True,https://i.ytimg.com/vi/jg7ka2tEZuc/hqdefault.jpg,https://www.youtube.com/watch?v=jg7ka2tEZuc
RwkXj7VNg98,🔴 RANKING YOUTUBERS (big drama),355260,8505,220,PT1H56M45S,2024-01-12T01:50:54Z,True,https://i.ytimg.com/vi/RwkXj7VNg98/hqdefault.jpg,https://www.youtube.com/watch?v=RwkXj7VNg98
v-w4nO8-yt0,I Ranked Every Flash Game,2199665,55424,1639,PT29M21S,2024-01-12T01:36:54Z,False,https://i.ytimg.com/vi/v-w4nO8-yt0/hqdefault.jpg,https://www.youtube.com/watch?v=v-w4nO8-yt0
U7Qw8w-XYVs,MrBeast is a bad man,7393597,604345,1387,PT46S,2024-01-11T20:09:12Z,False,https://i.ytimg.com/vi/U7Qw8w-XYVs/hqdefault.jpg,https://www.youtube.com/watch?v=U7Qw8w-XYVs
An5UWBYWTuM,🔴 WHO WANTS TO BE A MILLIONAIRE BATTLE ROYALE,274275,4968,42,PT4H31M30S,2024-01-11T03:48:07Z,True,https://i.ytimg.com/vi/An5UWBYWTuM/hqdefault.jpg,https://www.youtube.com/watch?v=An5UWBYWTuM
XgXzdDKcs5Y,I Gave My Stream My Credit Card for 1 Hour. Big Mistake.,1906329,70243,911,PT19M35S,2024-01-10T07:26:58Z,False,https://i.ytimg.com/vi/XgXzdDKcs5Y/hqdefault.jpg,https://www.youtube.com/watch?v=XgXzdDKcs5Y
RXY-aGUqFVc,🔴MATPAT RETIRING | EMERGENCY STREAM,410382,15438,703,PT1H1M51S,2024-01-10T01:06:54Z,True,https://i.ytimg.com/vi/RXY-aGUqFVc/hqdefault.jpg,https://www.youtube.com/watch?v=RXY-aGUqFVc
01Kt0k5dt2M,I Secretly Invented a Popular Video Game,383696,30216,82,PT26S,2024-01-09T23:53:11Z,False,https://i.ytimg.com/vi/01Kt0k5dt2M/hqdefault.jpg,https://www.youtube.com/watch?v=01Kt0k5dt2M
hVx4MCJ0iH8,🔴 STREAMER AWARD NOMINATIONS | BIG ANNOUNCEMENT | BLADURS GATE,173000,3848,78,PT1H44M5S,2024-01-09T00:21:44Z,True,https://i.ytimg.com/vi/hVx4MCJ0iH8/hqdefault.jpg,https://www.youtube.com/watch?v=hVx4MCJ0iH8
1pqu2hY7dy4,Don't Fall for This YouTube Scam,2137290,155470,1726,PT32S,2024-01-08T08:17:31Z,False,https://i.ytimg.com/vi/1pqu2hY7dy4/hqdefault.jpg,https://www.youtube.com/watch?v=1pqu2hY7dy4
ZKCnsBspEcs,The Brightest Flashlight in the World,3148826,172995,820,PT26S,2024-01-07T05:52:25Z,False,https://i.ytimg.com/vi/ZKCnsBspEcs/hqdefault.jpg,https://www.youtube.com/watch?v=ZKCnsBspEcs
9cOj1AXGUEA,🔴 2V2UESDAY ON A SATURDAY,272610,4780,57,PT4H19M22S,2024-01-07T02:53:32Z,True,https://i.ytimg.com/vi/9cOj1AXGUEA/hqdefault.jpg,https://www.youtube.com/watch?v=9cOj1AXGUEA
-wzWD6fG6Xk,🔴LATE NIGHT STREAM BIG SURPRISE!!,155848,3559,46,PT2H12M19S,2024-01-06T06:55:48Z,True,https://i.ytimg.com/vi/-wzWD6fG6Xk/hqdefault.jpg,https://www.youtube.com/watch?v=-wzWD6fG6Xk
Hcq0FC3CAjE,"If You Send Me a Bad Song, You Get Banned",1184350,48775,1247,PT17M22S,2024-01-06T06:46:44Z,False,https://i.ytimg.com/vi/Hcq0FC3CAjE/hqdefault.jpg,https://www.youtube.com/watch?v=Hcq0FC3CAjE
0_OPGPfDrFU,I Secretly Created a Trivia Game to Destroy this Streamer,4083828,92403,1244,PT30M56S,2024-01-04T22:15:21Z,False,https://i.ytimg.com/vi/0_OPGPfDrFU/hqdefault.jpg,https://www.youtube.com/watch?v=0_OPGPfDrFU
rAmjoO7Z3QI,How Much MrBeast Makes,2682735,213615,630,PT30S,2024-01-04T08:03:40Z,False,https://i.ytimg.com/vi/rAmjoO7Z3QI/hqdefault.jpg,https://www.youtube.com/watch?v=rAmjoO7Z3QI
vf8MO9C0VkM,🔴AMAZON STREAM | ONE HOUR TO BUY ANYTHING YOU WANT TO DECORATE MY OFFICE,228465,5529,119,PT2H34M34S,2024-01-04T03:42:43Z,True,https://i.ytimg.com/vi/vf8MO9C0VkM/hqdefault.jpg,https://www.youtube.com/watch?v=vf8MO9C0VkM
V908k3rLMsI,🔴SEND ME A LINK TO A GODLIKE SONG (copyright free),316770,5429,126,PT3H53M21S,2024-01-03T05:44:21Z,True,https://i.ytimg.com/vi/V908k3rLMsI/hqdefault.jpg,https://www.youtube.com/watch?v=V908k3rLMsI
NXc77C2KLvg,I am the greatest gamer in the world,1231045,94671,392,PT27S,2024-01-02T23:30:27Z,False,https://i.ytimg.com/vi/NXc77C2KLvg/hqdefault.jpg,https://www.youtube.com/watch?v=NXc77C2KLvg
X1FJyBiMcjE,This Streamer called me out. So I embarrassed her on stream.,2189936,71138,1035,PT19M2S,2024-01-01T03:55:57Z,False,https://i.ytimg.com/vi/X1FJyBiMcjE/hqdefault.jpg,https://www.youtube.com/watch?v=X1FJyBiMcjE
VyRhJVi5V8Q,🔴WRITING DOWN MY GOALS FOR 2024 🎆 NEW YEARS EVE 🎆,148476,3410,67,PT2H30M26S,2024-01-01T03:37:52Z,True,https://i.ytimg.com/vi/VyRhJVi5V8Q/hqdefault.jpg,https://www.youtube.com/watch?v=VyRhJVi5V8Q
VuXGJwgX5gc,🔴Are Old Browser Games Still Good?,361512,6420,124,PT6H58M24S,2023-12-31T08:37:59Z,True,https://i.ytimg.com/vi/VuXGJwgX5gc/hqdefault.jpg,https://www.youtube.com/watch?v=VuXGJwgX5gc
NNMGAeS1XdE,🔴LIVE AND ALIVE BABY,213450,3757,75,PT3H53M59S,2023-12-30T04:49:45Z,True,https://i.ytimg.com/vi/NNMGAeS1XdE/hqdefault.jpg,https://www.youtube.com/watch?v=NNMGAeS1XdE
R3JSmPU_KU8,I think I went too far...,2464589,237501,762,PT34S,2023-12-29T07:40:22Z,False,https://i.ytimg.com/vi/R3JSmPU_KU8/hqdefault.jpg,https://www.youtube.com/watch?v=R3JSmPU_KU8
P8uaAgR3qKk,🔴PLAYING @Northernlion  TO SEE WHO IS THE CHAMPION OF DAILIES,227919,4249,105,PT3H3M51S,2023-12-28T21:12:13Z,True,https://i.ytimg.com/vi/P8uaAgR3qKk/hqdefault.jpg,https://www.youtube.com/watch?v=P8uaAgR3qKk
Lg43Kpj4jXQ,this hurt my feelings,465005,38662,137,PT16S,2023-12-28T03:02:24Z,False,https://i.ytimg.com/vi/Lg43Kpj4jXQ/hqdefault.jpg,https://www.youtube.com/watch?v=Lg43Kpj4jXQ
mVaefRmqVAc,🔴IM BACK! BIG DRAMA BIGGER REACTS AND BIGGEST GAMER,264244,4723,79,PT4H47M42S,2023-12-27T06:21:00Z,True,https://i.ytimg.com/vi/mVaefRmqVAc/hqdefault.jpg,https://www.youtube.com/watch?v=mVaefRmqVAc
YUExUFuPCMw,Do not buy this game.,1029118,67008,124,PT25S,2023-12-24T20:49:51Z,False,https://i.ytimg.com/vi/YUExUFuPCMw/hqdefault.jpg,https://www.youtube.com/watch?v=YUExUFuPCMw
sDafc-YNvlc,I Hired a Professional Singer to fool my chat,3362624,156417,2303,PT12M8S,2023-12-22T21:33:34Z,False,https://i.ytimg.com/vi/sDafc-YNvlc/hqdefault.jpg,https://www.youtube.com/watch?v=sDafc-YNvlc
pUu4vDMcAF8,Michael Reeves is crazy,1418115,76172,258,PT21S,2023-12-21T22:56:29Z,False,https://i.ytimg.com/vi/pUu4vDMcAF8/hqdefault.jpg,https://www.youtube.com/watch?v=pUu4vDMcAF8
67rExG_8PT4,They made a Sequel to Only Up. It's horrible.,1187389,49371,529,PT11M20S,2023-12-21T05:31:11Z,False,https://i.ytimg.com/vi/67rExG_8PT4/hqdefault.jpg,https://www.youtube.com/watch?v=67rExG_8PT4
KJncaWB8ALI,🔴SHORT STREAM GET IN HERE,133114,2861,41,PT1H41M21S,2023-12-21T03:59:57Z,True,https://i.ytimg.com/vi/KJncaWB8ALI/hqdefault.jpg,https://www.youtube.com/watch?v=KJncaWB8ALI
Pvaf6FdIsoI,I Created The Ultimate Influencer Dodgeball Tournament,1307651,68050,1235,PT13M37S,2023-12-20T08:59:03Z,False,https://i.ytimg.com/vi/Pvaf6FdIsoI/hqdefault.jpg,https://www.youtube.com/watch?v=Pvaf6FdIsoI
FXSirgJ33NE,🔴they made a sequel... lets beat it.,316539,6487,79,PT2H42M58S,2023-12-19T07:02:25Z,True,https://i.ytimg.com/vi/FXSirgJ33NE/hqdefault.jpg,https://www.youtube.com/watch?v=FXSirgJ33NE
NtgNN-Ymju4,🔴 SHORT STREAM watching mr breast and daily dose,154717,3811,67,PT2H20M3S,2023-12-18T04:42:59Z,True,https://i.ytimg.com/vi/NtgNN-Ymju4/hqdefault.jpg,https://www.youtube.com/watch?v=NtgNN-Ymju4
oTYD2vvSr9o,THE MATCH | THE FIGHT FOR #1 !rivals !chessboxing !swipe,358793,6943,154,PT4H32M1S,2023-12-16T01:00:43Z,True,https://i.ytimg.com/vi/oTYD2vvSr9o/hqdefault.jpg,https://www.youtube.com/watch?v=oTYD2vvSr9o
xo1SeNQOKvI,🔴JERMA HOUSE FLIPPER CHALLENEGE WITH DOUGDOUG,231009,3513,37,PT5H18M19S,2023-12-15T02:42:45Z,True,https://i.ytimg.com/vi/xo1SeNQOKvI/hqdefault.jpg,https://www.youtube.com/watch?v=xo1SeNQOKvI
-uIdwdV1w9g,🔴 DODGEBALL STORY TIME THEN FORTNITE AND VALORANT WITH MY BEST FRIEND IN THE WORLD,293541,5619,63,PT5H39M52S,2023-12-13T09:04:34Z,True,https://i.ytimg.com/vi/-uIdwdV1w9g/hqdefault.jpg,https://www.youtube.com/watch?v=-uIdwdV1w9g
Naxqk6buRZY,CREATOR DODGEBALL WORLD CHAMPIONSHIP !chessboxing !swipe !rivals,1248486,34421,944,PT5H5M1S,2023-12-11T02:09:10Z,True,https://i.ytimg.com/vi/Naxqk6buRZY/hqdefault.jpg,https://www.youtube.com/watch?v=Naxqk6buRZY
QNfnjM2RKIc,I Went to the Worst Barber in LA,751867,30872,680,PT16M5S,2023-12-10T05:22:08Z,False,https://i.ytimg.com/vi/QNfnjM2RKIc/hqdefault.jpg,https://www.youtube.com/watch?v=QNfnjM2RKIc
Gp0TbKM8Pf4,This streamer won't leave me alone,236589,11110,136,PT25S,2023-12-08T23:13:55Z,False,https://i.ytimg.com/vi/Gp0TbKM8Pf4/hqdefault.jpg,https://www.youtube.com/watch?v=Gp0TbKM8Pf4
W-ycrH49-f4,🔴 BRO VS BRO VS @tinakitten BROUGHT TO YOU BY AMPM SNACK SQUAD STREAM !ampm #ad,488532,7265,108,PT9H50M3S,2023-12-08T04:45:31Z,True,https://i.ytimg.com/vi/W-ycrH49-f4/hqdefault.jpg,https://www.youtube.com/watch?v=W-ycrH49-f4
XXgClpAPxy0,🔴 VALO WITH SLIME - BOT FRAG = 100 GIFTED | IM BACK!!,310110,5873,47,PT8H55M32S,2023-12-07T09:40:25Z,True,https://i.ytimg.com/vi/XXgClpAPxy0/hqdefault.jpg,https://www.youtube.com/watch?v=XXgClpAPxy0
FXMIR9QAR8A,"I lost $100,000 because of my name",1278114,73848,656,PT56S,2023-12-06T00:00:42Z,False,https://i.ytimg.com/vi/FXMIR9QAR8A/hqdefault.jpg,https://www.youtube.com/watch?v=FXMIR9QAR8A
qqN0s_jE9RM,Try Not to Laugh at TIKTOKS,2047714,74110,47428,PT14M55S,2023-12-05T05:44:53Z,False,https://i.ytimg.com/vi/qqN0s_jE9RM/hqdefault.jpg,https://www.youtube.com/watch?v=qqN0s_jE9RM
y-jX6pAJhP8,This YouTuber Scammed Me,809929,66879,241,PT36S,2023-12-04T03:07:52Z,False,https://i.ytimg.com/vi/y-jX6pAJhP8/hqdefault.jpg,https://www.youtube.com/watch?v=y-jX6pAJhP8
T8WkjJh3CEY,The Most Racist Person I Ever Met,1614034,66259,1803,PT23M45S,2023-12-03T06:52:41Z,False,https://i.ytimg.com/vi/T8WkjJh3CEY/hqdefault.jpg,https://www.youtube.com/watch?v=T8WkjJh3CEY
s8kCIDMNCLo,🔴 TIK TOK BINGO THEN GAMES,199651,4394,430,PT2H40M59S,2023-12-01T03:29:42Z,True,https://i.ytimg.com/vi/s8kCIDMNCLo/hqdefault.jpg,https://www.youtube.com/watch?v=s8kCIDMNCLo
5srxhMB_FUc,🔴 UNUSUAL MEMES THEN HIVEMASTER SOLO RUNS,254535,4573,50,PT5H5M59S,2023-11-30T06:14:02Z,True,https://i.ytimg.com/vi/5srxhMB_FUc/hqdefault.jpg,https://www.youtube.com/watch?v=5srxhMB_FUc
DGrTZtVzL5o,im a loser,937943,37312,1335,PT12M7S,2023-11-29T07:35:15Z,False,https://i.ytimg.com/vi/DGrTZtVzL5o/hqdefault.jpg,https://www.youtube.com/watch?v=DGrTZtVzL5o
GNELySN9G6g,🔴 Lethal Company Professional,330293,5361,112,PT2H28M4S,2023-11-29T05:12:29Z,True,https://i.ytimg.com/vi/GNELySN9G6g/hqdefault.jpg,https://www.youtube.com/watch?v=GNELySN9G6g
MmkeBZQEPfY,🔴 BIG STREAM | IQ TEST | YLYL | VALO | LETHAL COMPANY | GIVING AWAY FREE BIDETS,397397,6797,103,PT9H52M23S,2023-11-28T08:09:47Z,True,https://i.ytimg.com/vi/MmkeBZQEPfY/hqdefault.jpg,https://www.youtube.com/watch?v=MmkeBZQEPfY
7iZWChDPIWM,"I Lost $10,000 Playing Fortnite",1122133,96715,181,PT48S,2023-11-27T04:53:45Z,False,https://i.ytimg.com/vi/7iZWChDPIWM/hqdefault.jpg,https://www.youtube.com/watch?v=7iZWChDPIWM
PGXrZdWTF58,BACK FROM FRANCE 🇫🇷 2V2UESDAY,283417,5136,35,PT6H54M40S,2023-11-26T06:26:58Z,True,https://i.ytimg.com/vi/PGXrZdWTF58/hqdefault.jpg,https://www.youtube.com/watch?v=PGXrZdWTF58
yZeFXoyCelI,BEAT THE GAME IN ONE HOUR OR ELSE...,1019424,60274,625,PT16M36S,2023-11-21T17:14:46Z,False,https://i.ytimg.com/vi/yZeFXoyCelI/hqdefault.jpg,https://www.youtube.com/watch?v=yZeFXoyCelI
IuIjM_T6WZA,Schlatt Scares Me,14286224,1209967,6549,PT41S,2023-11-21T04:49:17Z,False,https://i.ytimg.com/vi/IuIjM_T6WZA/hqdefault.jpg,https://www.youtube.com/watch?v=IuIjM_T6WZA
vG_XyYIdPCQ,I Tried Drifting with Schlatt. Big Mistake.,2040190,122934,2863,PT13M10S,2023-11-20T06:51:29Z,False,https://i.ytimg.com/vi/vG_XyYIdPCQ/hqdefault.jpg,https://www.youtube.com/watch?v=vG_XyYIdPCQ
BYA9hjmvyaQ,No one has ever played this game,6390491,373113,445,PT27S,2023-11-18T08:40:37Z,False,https://i.ytimg.com/vi/BYA9hjmvyaQ/hqdefault.jpg,https://www.youtube.com/watch?v=BYA9hjmvyaQ
70gfvXWF7T4,VICTORY ROYALE IN ONE HOUR OR I GIVE YOU $500 | NO FNAF TODAY !,151263,3242,43,PT2H23M50S,2023-11-17T19:20:02Z,True,https://i.ytimg.com/vi/70gfvXWF7T4/hqdefault.jpg,https://www.youtube.com/watch?v=70gfvXWF7T4
u0SQf5bEbIU,ONE HOUR OR RANDOM VIEWER GETS $500 | DO NOT MENTION MY HAIRCUT PLEASE!,197002,4149,73,PT2H30M51S,2023-11-17T06:36:45Z,True,https://i.ytimg.com/vi/u0SQf5bEbIU/hqdefault.jpg,https://www.youtube.com/watch?v=u0SQf5bEbIU
VnyebroaVaM,I made a mistake,3177700,162578,513,PT45S,2023-11-17T06:31:51Z,False,https://i.ytimg.com/vi/VnyebroaVaM/hqdefault.jpg,https://www.youtube.com/watch?v=VnyebroaVaM
ouRWckfEuHM,This Speedrunner Terrifies Me,5754239,449513,838,PT19S,2023-11-16T01:00:20Z,False,https://i.ytimg.com/vi/ouRWckfEuHM/hqdefault.jpg,https://www.youtube.com/watch?v=ouRWckfEuHM
vrwNptO640w,RIVALS 2 WORLD PREMIERE !rivals2,628606,4611,188,PT3H52M7S,2023-11-15T23:32:43Z,True,https://i.ytimg.com/vi/vrwNptO640w/hqdefault.jpg,https://www.youtube.com/watch?v=vrwNptO640w
xZ2gvna62Ek,I Tried Playing Steam Games No One Plays,2453694,70620,1081,PT19M35S,2023-11-15T07:56:12Z,False,https://i.ytimg.com/vi/xZ2gvna62Ek/hqdefault.jpg,https://www.youtube.com/watch?v=xZ2gvna62Ek
g--ZYTdKdxY,Sorry MrBeast...,1005048,73481,243,PT29S,2023-11-15T06:59:42Z,False,https://i.ytimg.com/vi/g--ZYTdKdxY/hqdefault.jpg,https://www.youtube.com/watch?v=g--ZYTdKdxY
bjLhSkdk8o4,Im a loser.,303802,5041,42,PT3H39M33S,2023-11-15T06:54:12Z,True,https://i.ytimg.com/vi/bjLhSkdk8o4/hqdefault.jpg,https://www.youtube.com/watch?v=bjLhSkdk8o4
yylA827Q3wI,"$10,000 OTK VALO TOURNEY WINNERS POV WITH @kkataminaYT @peterparkTV @Sykkuno @Tuonto",213785,3458,46,PT5H5M36S,2023-11-14T01:23:00Z,True,https://i.ytimg.com/vi/yylA827Q3wI/hqdefault.jpg,https://www.youtube.com/watch?v=yylA827Q3wI
EeZuiS1Y2bM,I’m Tired of British People,2100066,128473,1979,PT27S,2023-11-12T09:35:00Z,False,https://i.ytimg.com/vi/EeZuiS1Y2bM/hqdefault.jpg,https://www.youtube.com/watch?v=EeZuiS1Y2bM
tIc2lmcrhUw,ONE HOUR TO SPEEDRUN MATH OR I GIFT 100 SUBS,188298,3747,222,PT1H22M24S,2023-11-11T23:30:29Z,True,https://i.ytimg.com/vi/tIc2lmcrhUw/hqdefault.jpg,https://www.youtube.com/watch?v=tIc2lmcrhUw
GSmlHwStDpg,🏆 FORTNITE WIN IN ONE HOUR OR I GIVE CHAT $500,175553,4091,54,PT2H40M12S,2023-11-11T07:31:20Z,True,https://i.ytimg.com/vi/GSmlHwStDpg/hqdefault.jpg,https://www.youtube.com/watch?v=GSmlHwStDpg
098Pv7p0qY0,VALORANT GOD GAMER POV,182177,4482,38,PT4H8M31S,2023-11-10T06:49:49Z,True,https://i.ytimg.com/vi/098Pv7p0qY0/hqdefault.jpg,https://www.youtube.com/watch?v=098Pv7p0qY0
SkYZt6ZCROY,Can I make my cat fly with balloons,2923797,189686,856,PT39S,2023-11-10T00:44:43Z,False,https://i.ytimg.com/vi/SkYZt6ZCROY/hqdefault.jpg,https://www.youtube.com/watch?v=SkYZt6ZCROY
zi08WiMRqmE,"IF WE GET A VICTORY ROYALE BEFORE THE TIME RUNS OUT I GIVE THEM $10,000",193130,5290,46,PT3H16M12S,2023-11-09T06:58:05Z,True,https://i.ytimg.com/vi/zi08WiMRqmE/hqdefault.jpg,https://www.youtube.com/watch?v=zi08WiMRqmE
IS3lS28iwU4,"Beat my score, keep my laptop",583930,48731,311,PT41S,2023-11-09T01:18:48Z,False,https://i.ytimg.com/vi/IS3lS28iwU4/hqdefault.jpg,https://www.youtube.com/watch?v=IS3lS28iwU4
-wMhzGVwVFc,PLAYING DEAD STEAM GAMES WITH @stanz AND CHAT THEN FEAR & HUNGER,253630,4917,56,PT5H22M39S,2023-11-08T07:39:47Z,True,https://i.ytimg.com/vi/-wMhzGVwVFc/hqdefault.jpg,https://www.youtube.com/watch?v=-wMhzGVwVFc
0IppsJT--WY,I almost got kicked out of twitchcon,318229,31166,145,PT43S,2023-11-07T23:34:19Z,False,https://i.ytimg.com/vi/0IppsJT--WY/hqdefault.jpg,https://www.youtube.com/watch?v=0IppsJT--WY
LiWwRFFJmds,ALL I DID WAS PLAY THE WATERMELON GAME AND LOSE. THATS THE WHOLE STREAM,326654,6851,39,PT6H44M28S,2023-11-06T08:40:59Z,True,https://i.ytimg.com/vi/LiWwRFFJmds/hqdefault.jpg,https://www.youtube.com/watch?v=LiWwRFFJmds
aQX-HoJ_eLI,😤 GRINDING FOR DOUBLE 🍉🍉 WATERMELON 🍉🍉💧💚 MXS VIEW PARTY 💧💚,517863,7004,111,PT3H35M28S,2023-11-05T02:33:57Z,True,https://i.ytimg.com/vi/aQX-HoJ_eLI/hqdefault.jpg,https://www.youtube.com/watch?v=aQX-HoJ_eLI
o6geLFx4mgI,👑 VICTORY ROYALE: ACHIEVED 😏 FEAR AND HUNGER: RAGE QUIT 😱 TIME FOR VALORANT WITH FRIENDS 🤗,346693,6496,80,PT7H54M14S,2023-11-04T07:06:33Z,True,https://i.ytimg.com/vi/o6geLFx4mgI/hqdefault.jpg,https://www.youtube.com/watch?v=o6geLFx4mgI
Cg-fFuGsep8,"I Got Scammed out of $10,000 at TwitchCon",1189142,45314,1080,PT22M33S,2023-11-03T06:50:43Z,False,https://i.ytimg.com/vi/Cg-fFuGsep8/hqdefault.jpg,https://www.youtube.com/watch?v=Cg-fFuGsep8
DWKkPS2nRto,"💦$20,000 VALO TOURNAMENT💦 MAYBE FEAR HUNGER AFTER MAYBE SUIKA IF I HATE MYSELF!!!! WHO KNOWS💦💦💦",199762,3327,27,PT5H4M51S,2023-11-03T06:39:20Z,True,https://i.ytimg.com/vi/DWKkPS2nRto/hqdefault.jpg,https://www.youtube.com/watch?v=DWKkPS2nRto
kZT8WPcZX9c,🍉 SUIKA 🍉 | 💧💚 MXS VS SEN 🤮 | 💥VALORANT 🚀 | ♟️ CHESS ♘,349827,6140,64,PT8H3M34S,2023-11-02T05:42:56Z,True,https://i.ytimg.com/vi/kZT8WPcZX9c/hqdefault.jpg,https://www.youtube.com/watch?v=kZT8WPcZX9c
eHwEyg0Yh-Y,🎃 PLAYING THE MOST HORRIFYING GAME IN THE WORLD🎃FEAR&HUNGER🎃HAPPY HALLOWEEN🎃,562665,5384,117,PT3H41M3S,2023-11-01T04:26:12Z,True,https://i.ytimg.com/vi/eHwEyg0Yh-Y/hqdefault.jpg,https://www.youtube.com/watch?v=eHwEyg0Yh-Y
9GJ0k2tppFU,ONE HOUR TO GET 3000 OR YOUTUBE WILL FINE ME IN VIOLATION OF MY CONTRACT,975763,9163,84,PT3H55M42S,2023-10-31T07:13:06Z,True,https://i.ytimg.com/vi/9GJ0k2tppFU/hqdefault.jpg,https://www.youtube.com/watch?v=9GJ0k2tppFU
1qrWHtdAWoU,Ultimate Halloween Candy Tier List,1163937,38658,1376,PT28M2S,2023-10-29T06:32:03Z,False,https://i.ytimg.com/vi/1qrWHtdAWoU/hqdefault.jpg,https://www.youtube.com/watch?v=1qrWHtdAWoU
gpNunNqQaic,SUIKA TOURNAMENT?? LETS SET IT UP,329921,5577,93,PT3H34M21S,2023-10-29T04:50:39Z,True,https://i.ytimg.com/vi/gpNunNqQaic/hqdefault.jpg,https://www.youtube.com/watch?v=gpNunNqQaic
vaFbSi-X_hI,best NA fleshtuber at suika game 😏,325110,7343,111,PT4H26M43S,2023-10-28T04:49:55Z,True,https://i.ytimg.com/vi/vaFbSi-X_hI/hqdefault.jpg,https://www.youtube.com/watch?v=vaFbSi-X_hI
rezJ-IJM380,"$50,000 2vThursday Tournament Presented by !Crocs !crocs-tellation",371276,6922,84,PT5H2M24S,2023-10-27T03:20:00Z,True,https://i.ytimg.com/vi/rezJ-IJM380/hqdefault.jpg,https://www.youtube.com/watch?v=rezJ-IJM380
MJnKrtOneoM,ONE HOUR TO BEAT CONNORS SCORE FRFR ONG,475858,7678,137,PT3H17M56S,2023-10-26T07:31:59Z,True,https://i.ytimg.com/vi/MJnKrtOneoM/hqdefault.jpg,https://www.youtube.com/watch?v=MJnKrtOneoM
AJ1wcrVOzU8,I Forced a British Man to eat Everything at Taco Bell,2322556,67109,1972,PT22M19S,2023-10-25T06:38:53Z,False,https://i.ytimg.com/vi/AJ1wcrVOzU8/hqdefault.jpg,https://www.youtube.com/watch?v=AJ1wcrVOzU8
TQe3Zvf4sTY,🎃TRYING EVERY HALLOWEEN CANDY WITH @CDawgVA & @PremierTwo 👻,210671,5107,187,PT2H17M17S,2023-10-25T02:58:17Z,True,https://i.ytimg.com/vi/TQe3Zvf4sTY/hqdefault.jpg,https://www.youtube.com/watch?v=TQe3Zvf4sTY
Qtke4-EL4rg,MXS VS SENTINELS WITH @tarik,244753,5241,97,PT3H3M17S,2023-10-24T03:49:12Z,True,https://i.ytimg.com/vi/Qtke4-EL4rg/hqdefault.jpg,https://www.youtube.com/watch?v=Qtke4-EL4rg
ZpH8lMhqDDc,ONE HOUR TO TELL STORIES FROM TWITCH CON AND PLAY WATERMELON GAME,485646,9000,126,PT5H14M12S,2023-10-23T08:16:25Z,True,https://i.ytimg.com/vi/ZpH8lMhqDDc/hqdefault.jpg,https://www.youtube.com/watch?v=ZpH8lMhqDDc
Pc5F8ItlfiM,Huge Pokemon Scam,7498104,263807,590,PT39S,2023-10-23T08:09:30Z,False,https://i.ytimg.com/vi/Pc5F8ItlfiM/hqdefault.jpg,https://www.youtube.com/watch?v=Pc5F8ItlfiM
HaQvfbHjauM,This speedrunner bragged about being better so I proved him wrong,1649214,42590,514,PT27M51S,2023-10-22T00:51:22Z,False,https://i.ytimg.com/vi/HaQvfbHjauM/hqdefault.jpg,https://www.youtube.com/watch?v=HaQvfbHjauM
GZicM0lRKIM,ONE HOUR TO BEAT CONNORS SCORE OR IM SKIPPING TWITCH CON,1256688,10622,298,PT3H53M34S,2023-10-19T23:05:31Z,True,https://i.ytimg.com/vi/GZicM0lRKIM/hqdefault.jpg,https://www.youtube.com/watch?v=GZicM0lRKIM
lLDLBJjsuaM,ONE HOUR TO BEAT CONNORS SCORE (I AM UPSET AT BRITISH PEOPLE!!),536757,10350,66,PT9H7M3S,2023-10-19T09:52:46Z,True,https://i.ytimg.com/vi/lLDLBJjsuaM/hqdefault.jpg,https://www.youtube.com/watch?v=lLDLBJjsuaM
y-s0XBN8wVA,Breaking the law in Japan,4794275,244713,747,PT50S,2023-10-18T03:30:26Z,False,https://i.ytimg.com/vi/y-s0XBN8wVA/hqdefault.jpg,https://www.youtube.com/watch?v=y-s0XBN8wVA
xOCaI01OpLQ,TASTING THE ENTIRE TACO BELL MENU WITH A 🤢 BRI*ISH 🤮 MAN,345154,8107,278,PT2H18M58S,2023-10-18T02:59:52Z,True,https://i.ytimg.com/vi/xOCaI01OpLQ/hqdefault.jpg,https://www.youtube.com/watch?v=xOCaI01OpLQ
2IY_OmqDP20,ONE HOUR TO BEAT THE GAME OR I CRY FOR REAL,525116,11533,206,PT4H3M19S,2023-10-17T05:34:14Z,True,https://i.ytimg.com/vi/2IY_OmqDP20/hqdefault.jpg,https://www.youtube.com/watch?v=2IY_OmqDP20
L8r5AEMbtJk,ONE HOUR TO BEAT THE GAME OR I UNINSTALL THE GAME FOREVER,327750,7115,158,PT1H8M40S,2023-10-16T00:14:25Z,True,https://i.ytimg.com/vi/L8r5AEMbtJk/hqdefault.jpg,https://www.youtube.com/watch?v=L8r5AEMbtJk
0A_D-PQFq4s,Can You Taste the Difference Between Cheap and Expensive Water?,1310368,46620,1791,PT17M3S,2023-10-16T00:09:02Z,False,https://i.ytimg.com/vi/0A_D-PQFq4s/hqdefault.jpg,https://www.youtube.com/watch?v=0A_D-PQFq4s
kWIf_JVjGSI,ONE HOUR TO BEAT THE GAME OR I GIFT 40  SUBS,337285,7222,78,PT4H8M14S,2023-10-15T07:25:01Z,True,https://i.ytimg.com/vi/kWIf_JVjGSI/hqdefault.jpg,https://www.youtube.com/watch?v=kWIf_JVjGSI
O0pB9s-s1EQ,ROBBIN BANKS WITH @ClintStevens AND @mang0GoBirds,250813,5223,55,PT6H34M43S,2023-10-14T07:24:41Z,True,https://i.ytimg.com/vi/O0pB9s-s1EQ/hqdefault.jpg,https://www.youtube.com/watch?v=O0pB9s-s1EQ
DHxN-QTwQXk,Beating the HARDEST Game in Japan in 1 Hour,1134343,38059,624,PT11M15S,2023-10-13T16:05:47Z,False,https://i.ytimg.com/vi/DHxN-QTwQXk/hqdefault.jpg,https://www.youtube.com/watch?v=DHxN-QTwQXk
Dvw-DDJV2eg,"I got scammed out of $13,100",3060369,216650,518,PT33S,2023-10-10T03:49:48Z,False,https://i.ytimg.com/vi/Dvw-DDJV2eg/hqdefault.jpg,https://www.youtube.com/watch?v=Dvw-DDJV2eg
QpEdScxC90Y,Japans hardest game is ruining my life,6258873,422710,1405,PT43S,2023-10-08T07:10:16Z,False,https://i.ytimg.com/vi/QpEdScxC90Y/hqdefault.jpg,https://www.youtube.com/watch?v=QpEdScxC90Y
hnMRvlu1VaM,He Used a Pro to Cheat in a Fishing Competition,1305844,56923,1766,PT28M20S,2023-10-08T03:51:37Z,False,https://i.ytimg.com/vi/hnMRvlu1VaM/hqdefault.jpg,https://www.youtube.com/watch?v=hnMRvlu1VaM
7QMiFbktFAc,I Scammed Crocs,443311,35307,544,PT16S,2023-10-07T06:13:58Z,False,https://i.ytimg.com/vi/7QMiFbktFAc/hqdefault.jpg,https://www.youtube.com/watch?v=7QMiFbktFAc
D1Id3lkuveY,DONT SAY THIS IN CHAT,651210,42897,384,PT19S,2023-10-05T04:11:52Z,False,https://i.ytimg.com/vi/D1Id3lkuveY/hqdefault.jpg,https://www.youtube.com/watch?v=D1Id3lkuveY
KtKn-ExlpKg,I HAVE 1 HOURS TO BEAT JAPANS HARDEST GAME,455450,8698,146,PT5H19M4S,2023-10-03T22:43:37Z,True,https://i.ytimg.com/vi/KtKn-ExlpKg/hqdefault.jpg,https://www.youtube.com/watch?v=KtKn-ExlpKg
VliIhjKRYeE,Can You Draw a Perfect Circle?,1381846,49764,1089,PT13M48S,2023-10-03T22:32:27Z,False,https://i.ytimg.com/vi/VliIhjKRYeE/hqdefault.jpg,https://www.youtube.com/watch?v=VliIhjKRYeE
PWjmgOC7Yuc,MXS VS C9 Red Bull Double Agent,173724,3974,52,PT3H11M29S,2023-10-03T04:39:14Z,True,https://i.ytimg.com/vi/PWjmgOC7Yuc/hqdefault.jpg,https://www.youtube.com/watch?v=PWjmgOC7Yuc
FIl_Ug3ep5k,I ruined this speedrunners life,3414987,199767,306,PT39S,2023-10-03T03:20:48Z,False,https://i.ytimg.com/vi/FIl_Ug3ep5k/hqdefault.jpg,https://www.youtube.com/watch?v=FIl_Ug3ep5k
xHRRd9fEdwQ,I've Got Beef with Pokimane,682499,47473,293,PT24S,2023-09-30T04:00:57Z,False,https://i.ytimg.com/vi/xHRRd9fEdwQ/hqdefault.jpg,https://www.youtube.com/watch?v=xHRRd9fEdwQ
Gd9YPAWdoYc,YOUTUBE VS TWITCH DRAMA,227427,4803,100,PT1H55M7S,2023-09-30T01:48:17Z,True,https://i.ytimg.com/vi/Gd9YPAWdoYc/hqdefault.jpg,https://www.youtube.com/watch?v=Gd9YPAWdoYc
sIM0tqlFieo,100 YouTubers Controlled My Stream. It Was Cursed.,2980473,90683,1311,PT22M42S,2023-09-30T01:40:04Z,False,https://i.ytimg.com/vi/sIM0tqlFieo/hqdefault.jpg,https://www.youtube.com/watch?v=sIM0tqlFieo
8sEeSkf0HaA,🔴END OF THE 24 HOUR STREAM👴💨,275648,5091,54,PT11H55M,2023-09-29T19:43:49Z,True,https://i.ytimg.com/vi/8sEeSkf0HaA/hqdefault.jpg,https://www.youtube.com/watch?v=8sEeSkf0HaA
WJpoQl9Xho4,🔴24 HOUR STREAM ft. SQUEEX👴💨,433841,7653,51,PT11H50M5S,2023-09-29T07:38:57Z,True,https://i.ytimg.com/vi/WJpoQl9Xho4/hqdefault.jpg,https://www.youtube.com/watch?v=WJpoQl9Xho4
wbA5R5BpNPk,You CANNOT Beat This Game,11850683,675666,4754,PT38S,2023-09-28T07:55:44Z,False,https://i.ytimg.com/vi/wbA5R5BpNPk/hqdefault.jpg,https://www.youtube.com/watch?v=wbA5R5BpNPk
Ct6CxkKSyW0,"This Mistake Cost Me $100,000",1069340,46577,1152,PT22M15S,2023-09-28T06:04:17Z,False,https://i.ytimg.com/vi/Ct6CxkKSyW0/hqdefault.jpg,https://www.youtube.com/watch?v=Ct6CxkKSyW0
Py5dfDQy8rM,come watch my stream :),175335,4027,42,PT3H22M10S,2023-09-28T05:46:46Z,True,https://i.ytimg.com/vi/Py5dfDQy8rM/hqdefault.jpg,https://www.youtube.com/watch?v=Py5dfDQy8rM
vRiOk7xIT4A,I'm Cancelling Chessboxing,211026,6662,140,PT58M10S,2023-09-28T00:37:00Z,True,https://i.ytimg.com/vi/vRiOk7xIT4A/hqdefault.jpg,https://www.youtube.com/watch?v=vRiOk7xIT4A
5RrXBhS-RQI,I got called out in the huge react drama.. GOING NUCLEAR TODAY,306136,6308,227,PT3H51M19S,2023-09-24T06:07:46Z,True,https://i.ytimg.com/vi/5RrXBhS-RQI/hqdefault.jpg,https://www.youtube.com/watch?v=5RrXBhS-RQI
09tDFPeZ5xA,I Ran a Contest to Find the Best Gamer in the World,3303902,85389,2355,PT58M34S,2023-09-23T06:59:10Z,False,https://i.ytimg.com/vi/09tDFPeZ5xA/hqdefault.jpg,https://www.youtube.com/watch?v=09tDFPeZ5xA
LfgmEd5RZYk,I'm Sorry. I Was Wrong.,1798759,163514,636,PT26S,2023-09-22T20:19:53Z,False,https://i.ytimg.com/vi/LfgmEd5RZYk/hqdefault.jpg,https://www.youtube.com/watch?v=LfgmEd5RZYk
3uvtkt4PFGw,DESTROYING THESE GAMERS IN sap,186506,3827,51,PT4H44M22S,2023-09-22T06:53:46Z,True,https://i.ytimg.com/vi/3uvtkt4PFGw/hqdefault.jpg,https://www.youtube.com/watch?v=3uvtkt4PFGw
CaPFqcCwM3M,These are the Rarest Things on Earth,813627,34817,732,PT13M40S,2023-09-22T06:36:00Z,False,https://i.ytimg.com/vi/CaPFqcCwM3M/hqdefault.jpg,https://www.youtube.com/watch?v=CaPFqcCwM3M
QLZ2FwnvSgo,LOTS TO DISCUSS,195825,4542,76,PT2H44M50S,2023-09-20T03:57:33Z,True,https://i.ytimg.com/vi/QLZ2FwnvSgo/hqdefault.jpg,https://www.youtube.com/watch?v=QLZ2FwnvSgo
ZY5Rhr_fmIA,I Got Hacked,2815768,271326,888,PT35S,2023-09-19T06:09:19Z,False,https://i.ytimg.com/vi/ZY5Rhr_fmIA/hqdefault.jpg,https://www.youtube.com/watch?v=ZY5Rhr_fmIA
0VYEotGB2Oc,You CANNOT Laugh.,1632149,56971,675,PT22M22S,2023-09-19T05:59:04Z,False,https://i.ytimg.com/vi/0VYEotGB2Oc/hqdefault.jpg,https://www.youtube.com/watch?v=0VYEotGB2Oc
DuHt-JgWPl4,I ASKED 100 YOUTUBERS WHAT TO DO ON STREAM,290988,7360,55,PT8H25M50S,2023-09-18T08:25:36Z,True,https://i.ytimg.com/vi/DuHt-JgWPl4/hqdefault.jpg,https://www.youtube.com/watch?v=DuHt-JgWPl4
NZrn7c_lhVM,Why Only Up is Dead,1575911,122143,394,PT34S,2023-09-17T03:44:42Z,False,https://i.ytimg.com/vi/NZrn7c_lhVM/hqdefault.jpg,https://www.youtube.com/watch?v=NZrn7c_lhVM
34w6deOq2C4,I Went to France. It was a mistake.,1289762,42413,1406,PT34M26S,2023-09-16T18:30:35Z,False,https://i.ytimg.com/vi/34w6deOq2C4/hqdefault.jpg,https://www.youtube.com/watch?v=34w6deOq2C4
f9txS3eNIsQ,The oldest game ever made,1854668,157241,553,PT17S,2023-09-16T07:04:35Z,False,https://i.ytimg.com/vi/f9txS3eNIsQ/hqdefault.jpg,https://www.youtube.com/watch?v=f9txS3eNIsQ
9TW5mS-qoSc,YLYL WITH SLIME THEN TRYING OUT THE NEW MORTAL KOMBAT WITH HASAN #MK1Sponsored,607925,8781,108,PT3H49M9S,2023-09-15T03:03:50Z,True,https://i.ytimg.com/vi/9TW5mS-qoSc/hqdefault.jpg,https://www.youtube.com/watch?v=9TW5mS-qoSc
NB5y1qAIzk0,This game shouldn't exist,6575375,457945,1015,PT40S,2023-09-14T08:08:01Z,False,https://i.ytimg.com/vi/NB5y1qAIzk0/hqdefault.jpg,https://www.youtube.com/watch?v=NB5y1qAIzk0
YzbRADu_KKI,I SHAVED - GAMING CONTEST WITH MYSTERY GUEST,196791,3732,44,PT5H46M51S,2023-09-14T07:56:41Z,True,https://i.ytimg.com/vi/YzbRADu_KKI/hqdefault.jpg,https://www.youtube.com/watch?v=YzbRADu_KKI
ARuXuDoaRZg,This is the strongest gamer in the world,3908654,148657,2684,PT42S,2023-09-13T04:55:27Z,False,https://i.ytimg.com/vi/ARuXuDoaRZg/hqdefault.jpg,https://www.youtube.com/watch?v=ARuXuDoaRZg
t4y4mhVe2r0,I HAVE RETURNED FROM FRANCE WITH MANY STORIES,304680,5381,115,PT3H40M8S,2023-09-12T06:38:23Z,True,https://i.ytimg.com/vi/t4y4mhVe2r0/hqdefault.jpg,https://www.youtube.com/watch?v=t4y4mhVe2r0
x8IiSEQ6Gak,I hired the best gamer in the world to embarrass my friends.,1656266,58468,858,PT20M35S,2023-09-11T05:51:59Z,False,https://i.ytimg.com/vi/x8IiSEQ6Gak/hqdefault.jpg,https://www.youtube.com/watch?v=x8IiSEQ6Gak
VJf_Q5StV_w,My addiction is ruining my life,300231,19075,312,PT45S,2023-09-08T02:00:45Z,False,https://i.ytimg.com/vi/VJf_Q5StV_w/hqdefault.jpg,https://www.youtube.com/watch?v=VJf_Q5StV_w
bBnp6b13lc8,He thought he was too famous to get arrested. He was wrong.,822694,36717,960,PT15M15S,2023-09-08T00:24:53Z,False,https://i.ytimg.com/vi/bBnp6b13lc8/hqdefault.jpg,https://www.youtube.com/watch?v=bBnp6b13lc8
N02x0m3Ldas,"$50,000 Chess Clash Tournament",347321,8038,160,PT4H3M53S,2023-09-07T22:11:23Z,True,https://i.ytimg.com/vi/N02x0m3Ldas/hqdefault.jpg,https://www.youtube.com/watch?v=N02x0m3Ldas
Pqbj6Kcbh08,I’m the World’s Greatest Gamer,1017257,105338,384,PT44S,2023-09-06T07:53:37Z,False,https://i.ytimg.com/vi/Pqbj6Kcbh08/hqdefault.jpg,https://www.youtube.com/watch?v=Pqbj6Kcbh08
IYuRo7UYhhY,"$100,000 Gaming Contest | Worlds Greatest Gamer Presented By YouTube",1716468,22560,535,PT8H25M24S,2023-09-04T05:38:30Z,True,https://i.ytimg.com/vi/IYuRo7UYhhY/hqdefault.jpg,https://www.youtube.com/watch?v=IYuRo7UYhhY
Kn6DHip_61g,"$100,000 Gaming Contest | Worlds Greatest Gamer Presented By YouTube",1836018,27364,439,PT7H14M35S,2023-09-03T02:44:22Z,True,https://i.ytimg.com/vi/Kn6DHip_61g/hqdefault.jpg,https://www.youtube.com/watch?v=Kn6DHip_61g
Xl2n3zobFP4,He is the Best Gamer in the World,5449663,317702,2181,PT24S,2023-09-02T02:58:22Z,False,https://i.ytimg.com/vi/Xl2n3zobFP4/hqdefault.jpg,https://www.youtube.com/watch?v=Xl2n3zobFP4
mRYRDwfyS7A,RETURN OF THE POKEMON NUZLOCKE,278167,5765,52,PT6H12M54S,2023-09-01T03:53:34Z,True,https://i.ytimg.com/vi/mRYRDwfyS7A/hqdefault.jpg,https://www.youtube.com/watch?v=mRYRDwfyS7A
5aRDOQ8nY7E,I Bet You've Never Seen This Artist Before,5677824,510242,1645,PT40S,2023-08-31T06:19:19Z,False,https://i.ytimg.com/vi/5aRDOQ8nY7E/hqdefault.jpg,https://www.youtube.com/watch?v=5aRDOQ8nY7E
z8Dly6mc47o,finally coming clean about my secret event,176238,4704,107,PT1H56M57S,2023-08-31T01:06:42Z,True,https://i.ytimg.com/vi/z8Dly6mc47o/hqdefault.jpg,https://www.youtube.com/watch?v=z8Dly6mc47o
1PlF2iWSuKE,He thought he was better than me…,12686954,858801,3950,PT31S,2023-08-30T11:54:19Z,False,https://i.ytimg.com/vi/1PlF2iWSuKE/hqdefault.jpg,https://www.youtube.com/watch?v=1PlF2iWSuKE
43V2ctC7Y80,winning a huge creator tournament ft @fuslie @Valkyrae @Sykkuno @shxtou @tinakitten @Emiru @Squeex,271545,5324,54,PT6H8M37S,2023-08-30T05:31:50Z,True,https://i.ytimg.com/vi/43V2ctC7Y80/hqdefault.jpg,https://www.youtube.com/watch?v=43V2ctC7Y80
td1MJcg7yxs,Dont eat this food.,576351,57425,251,PT44S,2023-08-28T23:25:02Z,False,https://i.ytimg.com/vi/td1MJcg7yxs/hqdefault.jpg,https://www.youtube.com/watch?v=td1MJcg7yxs
1DnH1p2Vcz0,How I Accidentally Won a Valorant Tournament,2158418,68476,814,PT17M31S,2023-08-28T04:15:44Z,False,https://i.ytimg.com/vi/1DnH1p2Vcz0/hqdefault.jpg,https://www.youtube.com/watch?v=1DnH1p2Vcz0
EZKNJhYn7GQ,They're gonna fire me for this...,878041,85737,392,PT36S,2023-08-26T11:50:29Z,False,https://i.ytimg.com/vi/EZKNJhYn7GQ/hqdefault.jpg,https://www.youtube.com/watch?v=EZKNJhYn7GQ
NDVXPfhAzxw,If I Answer Wrong I Shave My Head,912382,42340,926,PT9M43S,2023-08-25T06:58:15Z,False,https://i.ytimg.com/vi/NDVXPfhAzxw/hqdefault.jpg,https://www.youtube.com/watch?v=NDVXPfhAzxw
PhzKT1Ij8wo,ONE HOUR TO BEAT THE GAME OR ELSE...,332946,7256,387,PT1H49M57S,2023-08-25T02:18:37Z,True,https://i.ytimg.com/vi/PhzKT1Ij8wo/hqdefault.jpg,https://www.youtube.com/watch?v=PhzKT1Ij8wo
hUgdX3DKZCw,the biggest mistake of my career,3217323,283727,2126,PT45S,2023-08-24T08:09:27Z,False,https://i.ytimg.com/vi/hUgdX3DKZCw/hqdefault.jpg,https://www.youtube.com/watch?v=hUgdX3DKZCw
WQVD_gQ_Ko4,I’m the world’s smartest chess player,8758842,632344,1106,PT36S,2023-08-23T08:26:32Z,False,https://i.ytimg.com/vi/WQVD_gQ_Ko4/hqdefault.jpg,https://www.youtube.com/watch?v=WQVD_gQ_Ko4
T8qBGc2A-4s,BREW BATTLES - LARGEST VALORANT CREW BATTLE !VALChampions,408610,7747,110,PT7H14M28S,2023-08-23T07:26:03Z,True,https://i.ytimg.com/vi/T8qBGc2A-4s/hqdefault.jpg,https://www.youtube.com/watch?v=T8qBGc2A-4s
fL7WyadiVEk,This speedrunner embarassed me,913944,81612,166,PT28S,2023-08-22T09:48:31Z,False,https://i.ytimg.com/vi/fL7WyadiVEk/hqdefault.jpg,https://www.youtube.com/watch?v=fL7WyadiVEk
Tvlyp4ZaZ6M,BEAT THE GAME OR SHAVE HEAD,307329,7550,148,PT4H28M39S,2023-08-22T06:06:40Z,True,https://i.ytimg.com/vi/Tvlyp4ZaZ6M/hqdefault.jpg,https://www.youtube.com/watch?v=Tvlyp4ZaZ6M
gADG8jCtX1g,why I hate smallant.,10968524,781941,2343,PT37S,2023-08-21T03:45:34Z,False,https://i.ytimg.com/vi/gADG8jCtX1g/hqdefault.jpg,https://www.youtube.com/watch?v=gADG8jCtX1g
LN_j7Asaamo,I HAVE ONE HOUR TO BEAT THE GAME OR I GIVEAWAY $1000,267103,6495,104,PT5H37M16S,2023-08-21T03:01:37Z,True,https://i.ytimg.com/vi/LN_j7Asaamo/hqdefault.jpg,https://www.youtube.com/watch?v=LN_j7Asaamo
2o97BFFluE4,I Challenged This Speedrunner to a True Test of Skill,2870998,86346,971,PT23M33S,2023-08-21T02:54:00Z,False,https://i.ytimg.com/vi/2o97BFFluE4/hqdefault.jpg,https://www.youtube.com/watch?v=2o97BFFluE4
zYLPZT0HA_8,I ruined this YouTubers life,2015890,163110,346,PT40S,2023-08-20T03:55:25Z,False,https://i.ytimg.com/vi/zYLPZT0HA_8/hqdefault.jpg,https://www.youtube.com/watch?v=zYLPZT0HA_8
ESTNtm3dCrE,How much money I made streaming,4874597,357441,1169,PT28S,2023-08-19T08:09:02Z,False,https://i.ytimg.com/vi/ESTNtm3dCrE/hqdefault.jpg,https://www.youtube.com/watch?v=ESTNtm3dCrE
UT59zxVEVQ4,POGCHAMPS 5 FINALS FT. @QTCinderella @Wirtual @CDawgVA @Fr8nkk @TYLER1LOL @erobb2213 !clash,439468,9863,157,PT6H23M44S,2023-08-19T01:35:20Z,True,https://i.ytimg.com/vi/UT59zxVEVQ4/hqdefault.jpg,https://www.youtube.com/watch?v=UT59zxVEVQ4
_kO7oKZ7VV8,DRINKING GAMES WITH FRIENDS 18+,252178,5847,100,PT2H9M31S,2023-08-17T04:18:42Z,True,https://i.ytimg.com/vi/_kO7oKZ7VV8/hqdefault.jpg,https://www.youtube.com/watch?v=_kO7oKZ7VV8
O1WBGebV4jQ,NPC STREAM THEN PLAYING ACROSS THE OBELISK WITH @QTCinderella @Squeex @PointCrow !obelisk #ad,285306,8278,173,PT5H44M15S,2023-08-17T01:19:23Z,True,https://i.ytimg.com/vi/O1WBGebV4jQ/hqdefault.jpg,https://www.youtube.com/watch?v=O1WBGebV4jQ
oxyigYxTM_Y,I have a secret kid.,6896025,510530,2370,PT40S,2023-08-16T05:24:39Z,False,https://i.ytimg.com/vi/oxyigYxTM_Y/hqdefault.jpg,https://www.youtube.com/watch?v=oxyigYxTM_Y
N9eNP8QrkcA,ULTIMATE GAMING CONTEST 2V2UESDAY WITH FUSLIE AND OTHER PEOPLE IDK!!,357869,5208,53,PT4H43M47S,2023-08-16T04:05:53Z,True,https://i.ytimg.com/vi/N9eNP8QrkcA/hqdefault.jpg,https://www.youtube.com/watch?v=N9eNP8QrkcA
ga8uoc5qUgI,I Scammed the Biggest Valorant Tournament,805350,84758,165,PT31S,2023-08-14T23:27:26Z,False,https://i.ytimg.com/vi/ga8uoc5qUgI/hqdefault.jpg,https://www.youtube.com/watch?v=ga8uoc5qUgI
Wmdh2ZIkh38,MOIST MOGULS IN GRAND FINALS WITH @slimewire​,531131,4884,78,PT3H46M10S,2023-08-13T22:39:36Z,True,https://i.ytimg.com/vi/Wmdh2ZIkh38/hqdefault.jpg,https://www.youtube.com/watch?v=Wmdh2ZIkh38
BPbswXLzGLY,"I gave chat $10,000 to decorate. It was cursed.",1541198,69740,1248,PT12M48S,2023-08-13T01:56:31Z,False,https://i.ytimg.com/vi/BPbswXLzGLY/hqdefault.jpg,https://www.youtube.com/watch?v=BPbswXLzGLY
vR7eX7XuUIo,"BEAT THE GAME IN ONE HOUR OR GIVE CHAT $1,000",289331,7303,159,PT1H26M49S,2023-08-12T03:53:12Z,True,https://i.ytimg.com/vi/vR7eX7XuUIo/hqdefault.jpg,https://www.youtube.com/watch?v=vR7eX7XuUIo
DKSMWxZqO04,"I Gave My Chat $10,000. This is what they bought.",1297885,120048,462,PT19S,2023-08-11T07:02:27Z,False,https://i.ytimg.com/vi/DKSMWxZqO04/hqdefault.jpg,https://www.youtube.com/watch?v=DKSMWxZqO04
FFByI-85fyo,I found my old college roommate on a dating show.,1717186,71382,1201,PT16M55S,2023-08-11T06:24:21Z,False,https://i.ytimg.com/vi/FFByI-85fyo/hqdefault.jpg,https://www.youtube.com/watch?v=FFByI-85fyo
UvJ1rcCb3AQ,🔴BRO VS BRO 🔴 @Smallant  EDITION 🔴 WINNER POV 🔴🔴🔴🔴,512628,6651,129,PT3H57M17S,2023-08-11T01:42:16Z,True,https://i.ytimg.com/vi/UvJ1rcCb3AQ/hqdefault.jpg,https://www.youtube.com/watch?v=UvJ1rcCb3AQ
BjeL7IgNgVc,I found the World’s Hardest Game… again,1651510,138651,742,PT35S,2023-08-09T01:35:22Z,False,https://i.ytimg.com/vi/BjeL7IgNgVc/hqdefault.jpg,https://www.youtube.com/watch?v=BjeL7IgNgVc
1E5LlF30TMw,xqc is on a plane playing in the finals of a chess tournament lmao,257026,5094,94,PT4H37M44S,2023-08-09T00:54:08Z,True,https://i.ytimg.com/vi/1E5LlF30TMw/hqdefault.jpg,https://www.youtube.com/watch?v=1E5LlF30TMw
243BJj8OQHQ,"The Worst ""Food"" in the World",423231,33625,388,PT30S,2023-08-08T08:29:39Z,False,https://i.ytimg.com/vi/243BJj8OQHQ/hqdefault.jpg,https://www.youtube.com/watch?v=243BJj8OQHQ
t4IFsfGlGnw,If I don't answer a question the video ends,1854714,76463,1224,PT23M39S,2023-08-08T02:29:05Z,False,https://i.ytimg.com/vi/t4IFsfGlGnw/hqdefault.jpg,https://www.youtube.com/watch?v=t4IFsfGlGnw
2--Lyxx-rXs,HUGE REACT DRAMA?? POGCHAMPS MATCHES! VALORANT! BIG DAY,187474,4147,62,PT4H10M16S,2023-08-08T02:28:04Z,True,https://i.ytimg.com/vi/2--Lyxx-rXs/hqdefault.jpg,https://www.youtube.com/watch?v=2--Lyxx-rXs
o8zT9y0XnZ0,WATCHING AN EPISODE OF THE BUTTON AND ENDING (REALLY SHORT STREAM) (NO CLICKBAIT),193908,6661,159,PT1H26M59S,2023-08-07T05:17:57Z,True,https://i.ytimg.com/vi/o8zT9y0XnZ0/hqdefault.jpg,https://www.youtube.com/watch?v=o8zT9y0XnZ0
xRvUELT998k,They made a knock-off Only Up. It’s impossible.,2066601,75806,1000,PT23M40S,2023-08-05T04:05:03Z,False,https://i.ytimg.com/vi/xRvUELT998k/hqdefault.jpg,https://www.youtube.com/watch?v=xRvUELT998k
p3YWhqQItLQ,"$10,000 AMAZON UNBOXING | DECORATING MY NEW ROOM",356466,9190,194,PT3H33M15S,2023-08-05T03:31:57Z,True,https://i.ytimg.com/vi/p3YWhqQItLQ/hqdefault.jpg,https://www.youtube.com/watch?v=p3YWhqQItLQ
C-QyCQdTD-o,I'm Stupid,2156608,207014,1184,PT28S,2023-08-04T07:42:49Z,False,https://i.ytimg.com/vi/C-QyCQdTD-o/hqdefault.jpg,https://www.youtube.com/watch?v=C-QyCQdTD-o
g7QHk4ERrOg,WATCHING POGCHAMPS 5 GET IN HERE,163221,3524,62,PT2H31M36S,2023-08-03T22:43:09Z,True,https://i.ytimg.com/vi/g7QHk4ERrOg/hqdefault.jpg,https://www.youtube.com/watch?v=g7QHk4ERrOg
n0NiRBLzNYo,NEW MERCH!!! HUGE GAMING STREAM !! (it will be decent sized at least 4 hours),248149,5407,59,PT5H49M5S,2023-08-03T06:10:47Z,True,https://i.ytimg.com/vi/n0NiRBLzNYo/hqdefault.jpg,https://www.youtube.com/watch?v=n0NiRBLzNYo
gEwfK8twxaE,I CANNOT TELL A LIE,5715562,384518,1307,PT30S,2023-08-02T21:37:59Z,False,https://i.ytimg.com/vi/gEwfK8twxaE/hqdefault.jpg,https://www.youtube.com/watch?v=gEwfK8twxaE
0G8kYMaiGZI,I Tried Speedrunning Drive-Thrus. It was cursed.,4335367,127933,3243,PT36M48S,2023-08-01T19:05:19Z,False,https://i.ytimg.com/vi/0G8kYMaiGZI/hqdefault.jpg,https://www.youtube.com/watch?v=0G8kYMaiGZI
mEIlkT0kfhU,DO NOT TRY THIS AT HOME,5084168,414791,1711,PT29S,2023-08-01T07:43:45Z,False,https://i.ytimg.com/vi/mEIlkT0kfhU/hqdefault.jpg,https://www.youtube.com/watch?v=mEIlkT0kfhU
mRCRtisVKn4,HUGE ANNOUNCEMENT AND TAKING THE SATS AGAIN,401731,6488,106,PT3H43M27S,2023-08-01T02:45:26Z,True,https://i.ytimg.com/vi/mRCRtisVKn4/hqdefault.jpg,https://www.youtube.com/watch?v=mRCRtisVKn4
81YWF7kVbLI,ETHICALLY WATCHING JET LAG GET IN HERE,251968,5336,73,PT3H44M51S,2023-07-31T06:30:13Z,True,https://i.ytimg.com/vi/81YWF7kVbLI/hqdefault.jpg,https://www.youtube.com/watch?v=81YWF7kVbLI
YG4yuI5guus,I Speedran Mario Until I Got the World Record,1254019,49561,775,PT16M51S,2023-07-30T08:07:06Z,False,https://i.ytimg.com/vi/YG4yuI5guus/hqdefault.jpg,https://www.youtube.com/watch?v=YG4yuI5guus
d7R96fnNUCQ,The Worst Song in the World,2101903,154220,450,PT26S,2023-07-30T08:04:51Z,False,https://i.ytimg.com/vi/d7R96fnNUCQ/hqdefault.jpg,https://www.youtube.com/watch?v=d7R96fnNUCQ
Av9Eb9hQSxY,ASK ME ANYTHING BUT IF I DONT ANSWER I DRINK HOT SAUCE,279937,7799,166,PT3H8M5S,2023-07-30T05:10:29Z,True,https://i.ytimg.com/vi/Av9Eb9hQSxY/hqdefault.jpg,https://www.youtube.com/watch?v=Av9Eb9hQSxY
DAlzvmxll1o,HUGE DRAMA + NEW MERCH (HAS REACTING GONE TOO FAR) THEN PLAYING VALORANT UNTIL I LOSE,293492,6141,171,PT3H58M23S,2023-07-29T06:44:00Z,True,https://i.ytimg.com/vi/DAlzvmxll1o/hqdefault.jpg,https://www.youtube.com/watch?v=DAlzvmxll1o
GpXbnxKoQjQ,"This is what $10,000 on Amazon looks like",1435332,118533,700,PT29S,2023-07-29T06:42:05Z,False,https://i.ytimg.com/vi/GpXbnxKoQjQ/hqdefault.jpg,https://www.youtube.com/watch?v=GpXbnxKoQjQ
BVWtJNV9Tcc,They made the World’s Hardest Game even Harder,7423665,524943,1363,PT28S,2023-07-27T08:35:27Z,False,https://i.ytimg.com/vi/BVWtJNV9Tcc/hqdefault.jpg,https://www.youtube.com/watch?v=BVWtJNV9Tcc
oXwgG6D3g7k,I bought a motorcycle. It was a huge mistake.,1338098,55966,3116,PT12M52S,2023-07-27T04:30:17Z,False,https://i.ytimg.com/vi/oXwgG6D3g7k/hqdefault.jpg,https://www.youtube.com/watch?v=oXwgG6D3g7k
DVPCpBsASCc,🚨 GRAND FINALS OF THE @OfflineTV VALORANT TOURNAMENT 🚨,625479,5218,50,PT3H34M47S,2023-07-26T00:58:39Z,True,https://i.ytimg.com/vi/DVPCpBsASCc/hqdefault.jpg,https://www.youtube.com/watch?v=DVPCpBsASCc
yIoRro48UDI,I don't like this youtuber.,2902884,252033,704,PT28S,2023-07-25T03:05:55Z,False,https://i.ytimg.com/vi/yIoRro48UDI/hqdefault.jpg,https://www.youtube.com/watch?v=yIoRro48UDI
vQ1Mw-_PABo,i didnt do my hair today dont make fun of me.,287628,6009,117,PT5H3M12S,2023-07-25T02:08:00Z,True,https://i.ytimg.com/vi/vQ1Mw-_PABo/hqdefault.jpg,https://www.youtube.com/watch?v=vQ1Mw-_PABo
O-FteTug08k,"Find the keys, keep the car",2767556,194036,843,PT31S,2023-07-24T05:45:47Z,False,https://i.ytimg.com/vi/O-FteTug08k/hqdefault.jpg,https://www.youtube.com/watch?v=O-FteTug08k
tvN-ISetG8U,$25K STUMBLE GUYS TOURNEY W/ @QTCinderella @Squeex @PointCrow @Myth_YT !stumbleguys #stumblepartner,214839,4062,40,PT5H20M21S,2023-07-23T23:29:49Z,True,https://i.ytimg.com/vi/tvN-ISetG8U/hqdefault.jpg,https://www.youtube.com/watch?v=tvN-ISetG8U
lzJriRzGNqQ,Link a song but if it’s bad you get BANNED,885701,41341,1227,PT18M36S,2023-07-23T23:24:23Z,False,https://i.ytimg.com/vi/lzJriRzGNqQ/hqdefault.jpg,https://www.youtube.com/watch?v=lzJriRzGNqQ
lYWgJ7Gp8gU,Do you know this simple trivia question,1023897,87887,722,PT25S,2023-07-23T02:07:53Z,False,https://i.ytimg.com/vi/lYWgJ7Gp8gU/hqdefault.jpg,https://www.youtube.com/watch?v=lYWgJ7Gp8gU
pELTPVlZAkk,What is Skibidi Toilet?,1870682,75881,2964,PT20M17S,2023-07-22T05:41:48Z,False,https://i.ytimg.com/vi/pELTPVlZAkk/hqdefault.jpg,https://www.youtube.com/watch?v=pELTPVlZAkk
iwqa9Gp6-9w,"🚨 I HAVE ONE HOUR TO BEAT ONLY UP 2 🚨 RACING THIS ""SPEEDRUNNER"" 👨‍🦲 @Squeex 👨‍🦲🚨",346495,7202,104,PT5H19S,2023-07-22T04:44:05Z,True,https://i.ytimg.com/vi/iwqa9Gp6-9w/hqdefault.jpg,https://www.youtube.com/watch?v=iwqa9Gp6-9w
xnw-GJnDdJk,Never make this mistake,4242081,419369,2255,PT38S,2023-07-21T23:31:22Z,False,https://i.ytimg.com/vi/xnw-GJnDdJk/hqdefault.jpg,https://www.youtube.com/watch?v=xnw-GJnDdJk
ug_H9Qq9Dc0,My Best Friend betrayed me,1397795,139879,343,PT39S,2023-07-21T01:11:02Z,False,https://i.ytimg.com/vi/ug_H9Qq9Dc0/hqdefault.jpg,https://www.youtube.com/watch?v=ug_H9Qq9Dc0
yx0hpWvQIz8,"I let my chat spend $10,000. The results are cursed.",3163766,106040,1989,PT24M2S,2023-07-20T01:43:17Z,False,https://i.ytimg.com/vi/yx0hpWvQIz8/hqdefault.jpg,https://www.youtube.com/watch?v=yx0hpWvQIz8
4au0_gzNm7E,I was robbed,4141974,330220,1515,PT41S,2023-07-19T09:29:26Z,False,https://i.ytimg.com/vi/4au0_gzNm7E/hqdefault.jpg,https://www.youtube.com/watch?v=4au0_gzNm7E
E-KZ_NtMO0Q,@DougDoug'S FAST FOOD CHALLENGE WITH @TheYardPodcast,796175,17250,701,PT5H41M46S,2023-07-19T03:46:19Z,True,https://i.ytimg.com/vi/E-KZ_NtMO0Q/hqdefault.jpg,https://www.youtube.com/watch?v=E-KZ_NtMO0Q
DVYKe-WjIkg,PLAYING MARIO 100 TIMES TO SEE HOW GOOD I GET,276759,6152,75,PT3H37M12S,2023-07-18T06:02:04Z,True,https://i.ytimg.com/vi/DVYKe-WjIkg/hqdefault.jpg,https://www.youtube.com/watch?v=DVYKe-WjIkg
b6MF8B5qKE0,WATCHING ALL OF SKIBIDI TOILET,436596,11264,654,PT4H19M18S,2023-07-17T01:27:44Z,True,https://i.ytimg.com/vi/b6MF8B5qKE0/hqdefault.jpg,https://www.youtube.com/watch?v=b6MF8B5qKE0
08mfUE5ysJY,I Forced My British Friend to Eat the Entire McDonald's Menu,2533855,80372,2347,PT23M39S,2023-07-17T01:13:20Z,False,https://i.ytimg.com/vi/08mfUE5ysJY/hqdefault.jpg,https://www.youtube.com/watch?v=08mfUE5ysJY
G9ZhPWZZMrE,I Found My College Roommate on Another Dating Show...,1783712,67212,1514,PT15M57S,2023-07-14T06:02:51Z,False,https://i.ytimg.com/vi/G9ZhPWZZMrE/hqdefault.jpg,https://www.youtube.com/watch?v=G9ZhPWZZMrE
85J5ljuSGcc,SEND ME A SONG -  BAD SONG = BAN,308048,7877,168,PT3H36M7S,2023-07-14T05:38:45Z,True,https://i.ytimg.com/vi/85J5ljuSGcc/hqdefault.jpg,https://www.youtube.com/watch?v=85J5ljuSGcc
jc46p361kfc,LINK ME SOMETHING TO BUY | AMAZON STREAM TO DECORATE NEW ROOM,287928,7828,113,PT4H21M46S,2023-07-13T05:48:16Z,True,https://i.ytimg.com/vi/jc46p361kfc/hqdefault.jpg,https://www.youtube.com/watch?v=jc46p361kfc
igGH8SwYRFw,I left my laptop at Starbucks,6089536,513908,2896,PT52S,2023-07-12T23:58:41Z,False,https://i.ytimg.com/vi/igGH8SwYRFw/hqdefault.jpg,https://www.youtube.com/watch?v=igGH8SwYRFw
Ss8CxnX7Mno,I Was Keeping This Secret...,665023,55775,159,PT26S,2023-07-12T03:45:58Z,False,https://i.ytimg.com/vi/Ss8CxnX7Mno/hqdefault.jpg,https://www.youtube.com/watch?v=Ss8CxnX7Mno
5Zm673ZA9z0,BUILDING A HOUSE FOR JERMA 🚨 I GOT CALLED OUT 🚨 DO WOMEN HAVE RIZZ? 🚨 DOUGDOUG MARIO KART CHALLENGE,380755,7616,88,PT6H45M32S,2023-07-12T03:14:54Z,True,https://i.ytimg.com/vi/5Zm673ZA9z0/hqdefault.jpg,https://www.youtube.com/watch?v=5Zm673ZA9z0
V28t_WObg4g,LAST DAY OF THE LUDWIG AHGREN CHAMPIONSHIP SERIES 5 PRESENTED BY THE ALL-NEW TOYOTA PRIUS !prius,464119,9364,198,PT9H42M25S,2023-07-10T03:22:09Z,True,https://i.ytimg.com/vi/V28t_WObg4g/hqdefault.jpg,https://www.youtube.com/watch?v=V28t_WObg4g
S_GYb6T6P6s,I Forced Pro Gamers To Compete on My Gameshow,889065,48155,2450,PT21M37S,2023-07-09T21:12:22Z,False,https://i.ytimg.com/vi/S_GYb6T6P6s/hqdefault.jpg,https://www.youtube.com/watch?v=S_GYb6T6P6s
0InNUJjyYcA,DAY 2 OF THE LUDWIG AHGREN CHAMPIONSHIP SERIES 5 PRESENTED BY THE ALL-NEW TOYOTA PRIUS !prius,324350,6020,76,PT9H20M36S,2023-07-09T03:07:31Z,True,https://i.ytimg.com/vi/0InNUJjyYcA/hqdefault.jpg,https://www.youtube.com/watch?v=0InNUJjyYcA
MFa2gXxyWpM,I Let Chat Make My YouTube Banner... It's Cursed.,1234551,49869,1034,PT11M24S,2023-07-09T02:49:42Z,False,https://i.ytimg.com/vi/MFa2gXxyWpM/hqdefault.jpg,https://www.youtube.com/watch?v=MFa2gXxyWpM
F4M-3AHJwpc,The Hardest Gaming Challenge in the World,4732590,393740,1622,PT34S,2023-07-08T07:33:13Z,False,https://i.ytimg.com/vi/F4M-3AHJwpc/hqdefault.jpg,https://www.youtube.com/watch?v=F4M-3AHJwpc
YEU0lil6xh0,DAY 1 OF THE LUDWIG AHGREN CHAMPIONSHIP SERIES 5 PRESENTED BY THE ALL-NEW TOYOTA PRIUS !prius,356340,6884,109,PT10H16M40S,2023-07-08T04:10:11Z,True,https://i.ytimg.com/vi/YEU0lil6xh0/hqdefault.jpg,https://www.youtube.com/watch?v=YEU0lil6xh0
oaXiNKkoLIs,"How I Accidentally Won $100,000",1878396,55759,1053,PT9M41S,2023-07-07T01:03:31Z,False,https://i.ytimg.com/vi/oaXiNKkoLIs/hqdefault.jpg,https://www.youtube.com/watch?v=oaXiNKkoLIs
22viP90wYeg,Beating the Hardest Games of all time in one hour.,1837319,69767,1017,PT17M13S,2023-07-06T07:45:16Z,False,https://i.ytimg.com/vi/22viP90wYeg/hqdefault.jpg,https://www.youtube.com/watch?v=22viP90wYeg
vAJ4wRFa_sQ,I got scammed. Again.,1396230,137824,528,PT40S,2023-07-06T03:49:09Z,False,https://i.ytimg.com/vi/vAJ4wRFa_sQ/hqdefault.jpg,https://www.youtube.com/watch?v=vAJ4wRFa_sQ
KdH8IRXqRyU,WINNERS POV MARIO KART TOURNAMENT AGAINST @DougDoug @stanz @Squeex,341069,6019,129,PT5H54S,2023-07-06T03:07:13Z,True,https://i.ytimg.com/vi/KdH8IRXqRyU/hqdefault.jpg,https://www.youtube.com/watch?v=KdH8IRXqRyU
umGQqZIl9ng,HUGE ANNOUNCEMENT | OFFICIAL ONLY UP SPEEDRUN RACE FEAT.   @Sykkuno @DougDoug @Squeex @Smallant,1504618,11544,253,PT3H51M39S,2023-07-04T02:09:12Z,True,https://i.ytimg.com/vi/umGQqZIl9ng/hqdefault.jpg,https://www.youtube.com/watch?v=umGQqZIl9ng
nNgft3txF4k,I Have a Problem,3194562,384396,1073,PT36S,2023-07-03T17:30:22Z,False,https://i.ytimg.com/vi/nNgft3txF4k/hqdefault.jpg,https://www.youtube.com/watch?v=nNgft3txF4k
EfUBACbR1qI,I Got Scammed at Vidcon,1126039,44621,948,PT25M35S,2023-07-02T05:25:03Z,False,https://i.ytimg.com/vi/EfUBACbR1qI/hqdefault.jpg,https://www.youtube.com/watch?v=EfUBACbR1qI
tU53Dwl_T4w,This Video Scarred Me,5881953,463549,2056,PT46S,2023-06-29T07:24:46Z,False,https://i.ytimg.com/vi/tU53Dwl_T4w/hqdefault.jpg,https://www.youtube.com/watch?v=tU53Dwl_T4w
qhm4xSvBdxQ,YOU LAUGH YOU LOSE 🚨 GOING FAST IN SONIC ORIGINS PLUS !sonic #sponsored  🚨 VALORANT WITH @stanz,257683,6205,46,PT4H33M4S,2023-06-29T04:50:32Z,True,https://i.ytimg.com/vi/qhm4xSvBdxQ/hqdefault.jpg,https://www.youtube.com/watch?v=qhm4xSvBdxQ
B-G2rMvWtPE,This world record is crazy,1916660,173588,395,PT20S,2023-06-28T08:09:49Z,False,https://i.ytimg.com/vi/B-G2rMvWtPE/hqdefault.jpg,https://www.youtube.com/watch?v=B-G2rMvWtPE
QAxEhFyoKZk,GOD GAMER GAUNTLET 2023 😤 FINALLY GETTING PAID TO WEAR CROCS !crocs,428024,10600,197,PT4H30M11S,2023-06-28T06:38:21Z,True,https://i.ytimg.com/vi/QAxEhFyoKZk/hqdefault.jpg,https://www.youtube.com/watch?v=QAxEhFyoKZk
Kxaoa1LBf4E,I Tried Speedrunning China’s Hardest Game,2510496,64915,1191,PT16M53S,2023-06-26T05:13:14Z,False,https://i.ytimg.com/vi/Kxaoa1LBf4E/hqdefault.jpg,https://www.youtube.com/watch?v=Kxaoa1LBf4E
W90kqzfqrgM,How I Became the 2nd Smartest Person in the World,2561359,189936,663,PT37S,2023-06-26T00:32:36Z,False,https://i.ytimg.com/vi/W90kqzfqrgM/hqdefault.jpg,https://www.youtube.com/watch?v=W90kqzfqrgM
Yop6sau8m6Q,STUMBLE GUYS WITH @xChocoBars  !stumbleguys #stumblepartner,160822,3329,67,PT1H52M32S,2023-06-25T23:19:14Z,True,https://i.ytimg.com/vi/Yop6sau8m6Q/hqdefault.jpg,https://www.youtube.com/watch?v=Yop6sau8m6Q
Wxft5Y20KQM,i messed up.,2446534,251929,736,PT29S,2023-06-25T05:49:58Z,False,https://i.ytimg.com/vi/Wxft5Y20KQM/hqdefault.jpg,https://www.youtube.com/watch?v=Wxft5Y20KQM
OB65zg1kXxs,How I nearly got fired from YouTube,6237617,597009,1168,PT40S,2023-06-24T00:15:14Z,False,https://i.ytimg.com/vi/OB65zg1kXxs/hqdefault.jpg,https://www.youtube.com/watch?v=OB65zg1kXxs
8EkzJhuxsrc,The Game Only Geniuses Can Beat,2071015,68312,1116,PT19M44S,2023-06-23T06:00:50Z,False,https://i.ytimg.com/vi/8EkzJhuxsrc/hqdefault.jpg,https://www.youtube.com/watch?v=8EkzJhuxsrc
KAXX-Pvw4tQ,I HAVE 3 HOURS TO BEAT THE GAME IN LESS THAN 31 MINUTES OR I SPIN THE WHEEL,450445,9319,138,PT4H18M59S,2023-06-22T02:26:18Z,True,https://i.ytimg.com/vi/KAXX-Pvw4tQ/hqdefault.jpg,https://www.youtube.com/watch?v=KAXX-Pvw4tQ
pldBaa21U-4,"I HAVE ONE HOUR TO BEAT THIS ""SPEEDRUNNER"" @Squeex OR I GIFT 100 SUBS",502310,11101,167,PT6H43M25S,2023-06-21T08:20:55Z,True,https://i.ytimg.com/vi/pldBaa21U-4/hqdefault.jpg,https://www.youtube.com/watch?v=pldBaa21U-4
PF8jYj0AWMY,This might be an unpopular opinion,1848024,129608,573,PT27S,2023-06-20T22:36:48Z,False,https://i.ytimg.com/vi/PF8jYj0AWMY/hqdefault.jpg,https://www.youtube.com/watch?v=PF8jYj0AWMY
ibet0BeAkSo,My Cat Ruined My Speedrun,3354383,348883,1301,PT37S,2023-06-20T07:47:05Z,False,https://i.ytimg.com/vi/ibet0BeAkSo/hqdefault.jpg,https://www.youtube.com/watch?v=ibet0BeAkSo
66Wqn67GIE8,"PLAYING GAMES & DRINKING WITH @fuslie @FoolishGamers @kkataminaYT @tinakitten (GOD GAMER, 5M SUBS)",437643,12108,162,PT5H54M32S,2023-06-20T07:25:56Z,True,https://i.ytimg.com/vi/66Wqn67GIE8/hqdefault.jpg,https://www.youtube.com/watch?v=66Wqn67GIE8
52ZWNFC3fiE,This Speedrunner Scares Me,8265006,499253,1210,PT27S,2023-06-19T08:03:39Z,False,https://i.ytimg.com/vi/52ZWNFC3fiE/hqdefault.jpg,https://www.youtube.com/watch?v=52ZWNFC3fiE
7GXXlSDThnI,BEAT THE GAME IN ONE HOUR OR GIFT 100 SUBS,463840,12974,284,PT56M19S,2023-06-18T23:08:04Z,True,https://i.ytimg.com/vi/7GXXlSDThnI/hqdefault.jpg,https://www.youtube.com/watch?v=7GXXlSDThnI
Qyo_5mMhzPg,How I Became the Best Mario Party Player in the World,3028831,267565,582,PT37S,2023-06-18T06:59:49Z,False,https://i.ytimg.com/vi/Qyo_5mMhzPg/hqdefault.jpg,https://www.youtube.com/watch?v=Qyo_5mMhzPg
Tws8gEGYGz8,China's hardest game almost broke me,2265107,86768,1707,PT20M29S,2023-06-18T06:38:42Z,False,https://i.ytimg.com/vi/Tws8gEGYGz8/hqdefault.jpg,https://www.youtube.com/watch?v=Tws8gEGYGz8
xd5B4YPG-3g,30 MINUTES LEFT... MAKE MY YOUTUBER BANNER... ONE PIXEL AT A TIME | OUR/PLACE,561006,11284,188,PT11H55M,2023-06-18T06:33:05Z,True,https://i.ytimg.com/vi/xd5B4YPG-3g/hqdefault.jpg,https://www.youtube.com/watch?v=xd5B4YPG-3g
F59g0IwSmw0,The Most Popular Game in China Sucks.,16380545,1060116,4500,PT37S,2023-06-17T07:44:04Z,False,https://i.ytimg.com/vi/F59g0IwSmw0/hqdefault.jpg,https://www.youtube.com/watch?v=F59g0IwSmw0
vX1ez7gjl8E,IF I LOSE 3 GAME I END THE STREAM.... WITH @slimewire,250197,4590,58,PT3H32M5S,2023-06-17T07:24:35Z,True,https://i.ytimg.com/vi/vX1ez7gjl8E/hqdefault.jpg,https://www.youtube.com/watch?v=vX1ez7gjl8E
E-0uLiMUMuk,How I Won the Mario Party World Cup,2140237,67011,768,PT25M33S,2023-06-17T07:07:45Z,False,https://i.ytimg.com/vi/E-0uLiMUMuk/hqdefault.jpg,https://www.youtube.com/watch?v=E-0uLiMUMuk
jfFY67UHmck,You've Never Heard My Favorite Song,11750910,715936,2835,PT26S,2023-06-16T07:35:27Z,False,https://i.ytimg.com/vi/jfFY67UHmck/hqdefault.jpg,https://www.youtube.com/watch?v=jfFY67UHmck
932VqwFHZ6U,IF I LOSE 3 GAMEs I END THE STREAM,175026,4227,46,PT2H28M36S,2023-06-15T23:06:33Z,True,https://i.ytimg.com/vi/932VqwFHZ6U/hqdefault.jpg,https://www.youtube.com/watch?v=932VqwFHZ6U
EEiSAjTzu3g,I Made a Speedrun,5595524,451424,1164,PT26S,2023-06-15T07:37:33Z,False,https://i.ytimg.com/vi/EEiSAjTzu3g/hqdefault.jpg,https://www.youtube.com/watch?v=EEiSAjTzu3g
eQ5llxkjEQU,let's try final fantasy 16... !ff16 #ad,254105,5055,254,PT3H10M1S,2023-06-15T05:57:45Z,True,https://i.ytimg.com/vi/eQ5llxkjEQU/hqdefault.jpg,https://www.youtube.com/watch?v=eQ5llxkjEQU
G2q50-oJvos,finding out how dumb I am  IQ TEST,365689,7899,137,PT6H23M42S,2023-06-14T07:35:27Z,True,https://i.ytimg.com/vi/G2q50-oJvos/hqdefault.jpg,https://www.youtube.com/watch?v=G2q50-oJvos
kdQp0U5AQm0,My College Girlfriend Cheated on Me,6314515,482671,1217,PT32S,2023-06-12T19:46:44Z,False,https://i.ytimg.com/vi/kdQp0U5AQm0/hqdefault.jpg,https://www.youtube.com/watch?v=kdQp0U5AQm0
kxCVQov_dt0,I streamed until I beat Zelda. It was a mistake.,3345024,65988,1626,PT1H27M28S,2023-06-12T19:43:03Z,False,https://i.ytimg.com/vi/kxCVQov_dt0/hqdefault.jpg,https://www.youtube.com/watch?v=kxCVQov_dt0
QpGLcNO-vRQ,$1000 MARIO PARTY WORLD CUP ft. @EazySpeezy @Squeex @stanz,415054,8760,116,PT4H28M35S,2023-06-12T01:50:21Z,True,https://i.ytimg.com/vi/QpGLcNO-vRQ/hqdefault.jpg,https://www.youtube.com/watch?v=QpGLcNO-vRQ
9LlpRF3ae_w,How Many Men Does It Take To Climb a Wall?,1667150,129552,421,PT44S,2023-06-11T06:27:11Z,False,https://i.ytimg.com/vi/9LlpRF3ae_w/hqdefault.jpg,https://www.youtube.com/watch?v=9LlpRF3ae_w
JeZwIKXepbM,IF I DONT BEAT THE GAME I SHAVE MY MUSTACHE,536575,10092,136,PT8H38M15S,2023-06-10T05:17:09Z,True,https://i.ytimg.com/vi/JeZwIKXepbM/hqdefault.jpg,https://www.youtube.com/watch?v=JeZwIKXepbM
2PcZm0j6b5U,YouTube Has a Problem.,2636409,273449,1415,PT43S,2023-06-10T04:52:20Z,False,https://i.ytimg.com/vi/2PcZm0j6b5U/hqdefault.jpg,https://www.youtube.com/watch?v=2PcZm0j6b5U
zGqi87yG7dM,How Much Food Can You Eat?,2543311,196726,433,PT33S,2023-06-09T06:10:41Z,False,https://i.ytimg.com/vi/zGqi87yG7dM/hqdefault.jpg,https://www.youtube.com/watch?v=zGqi87yG7dM
9KWow0jgQaU,MOIST MOGULS VS M80 | BIGGEST MATCH EVER | MXM MERCH AVAILABLE NOW,199461,4177,51,PT2H23M21S,2023-06-08T22:41:17Z,True,https://i.ytimg.com/vi/9KWow0jgQaU/hqdefault.jpg,https://www.youtube.com/watch?v=9KWow0jgQaU
GrvcmV2S3UE,4 HOURS TO GET TO THE TOP OR I START OVER | MXM MERCH IS OUT NOW!!!,271406,5640,78,PT4H11M47S,2023-06-08T06:01:58Z,True,https://i.ytimg.com/vi/GrvcmV2S3UE/hqdefault.jpg,https://www.youtube.com/watch?v=GrvcmV2S3UE
2va1KVcoNFU,The Strongest Man in the World,4985234,422947,1806,PT35S,2023-06-08T06:00:01Z,False,https://i.ytimg.com/vi/2va1KVcoNFU/hqdefault.jpg,https://www.youtube.com/watch?v=2va1KVcoNFU
k8g-nLbT6JM,I Hate This Streamer,1753530,48556,1174,PT7M33S,2023-06-07T20:50:39Z,False,https://i.ytimg.com/vi/k8g-nLbT6JM/hqdefault.jpg,https://www.youtube.com/watch?v=k8g-nLbT6JM
Xxy4aXoCA7M,This streamer ruined everything,2509239,272202,836,PT40S,2023-06-06T22:50:42Z,False,https://i.ytimg.com/vi/Xxy4aXoCA7M/hqdefault.jpg,https://www.youtube.com/watch?v=Xxy4aXoCA7M
Dfu5jY_9aPg,My Secret World Record,5152524,384251,778,PT33S,2023-06-05T05:57:58Z,False,https://i.ytimg.com/vi/Dfu5jY_9aPg/hqdefault.jpg,https://www.youtube.com/watch?v=Dfu5jY_9aPg
pOCYXfMFodI,HUGE DAY | TWITTER DRAMA | W'S ONLY | MXM SMASH WATCH PARTY | DIAMOND IN VALO???,234987,4254,33,PT4H9S,2023-06-05T02:57:03Z,True,https://i.ytimg.com/vi/pOCYXfMFodI/hqdefault.jpg,https://www.youtube.com/watch?v=pOCYXfMFodI
bca7S-dWV_Y,I'm The Best Mario Party Player in the World,1490367,146535,445,PT34S,2023-06-03T20:14:31Z,False,https://i.ytimg.com/vi/bca7S-dWV_Y/hqdefault.jpg,https://www.youtube.com/watch?v=bca7S-dWV_Y
B-tL7220WYc,How I Accidentally Became the Best Mario Party Player in the World,6094782,137899,2682,PT49M10S,2023-06-03T05:15:45Z,False,https://i.ytimg.com/vi/B-tL7220WYc/hqdefault.jpg,https://www.youtube.com/watch?v=B-tL7220WYc
RO9NHl_hR2M,HUGE MATCH | MOIST MOGULS VS THE GUARD | CHALLENGERS PLAYOFFS WITH @penguinz0 @tarik,256693,6076,114,PT2H36M35S,2023-06-03T01:01:19Z,True,https://i.ytimg.com/vi/RO9NHl_hR2M/hqdefault.jpg,https://www.youtube.com/watch?v=RO9NHl_hR2M
RgOjivK84WM,I made a viral song,1788268,158763,388,PT31S,2023-06-02T10:48:43Z,False,https://i.ytimg.com/vi/RgOjivK84WM/hqdefault.jpg,https://www.youtube.com/watch?v=RgOjivK84WM
oKRstHS2gr8,VCL PLAYOFFS!!! MOIST MOGULS VS TSM WATCH PARTY WITH @penguinz0 @tarik,202638,4504,39,PT2H10M5S,2023-06-02T00:38:21Z,True,https://i.ytimg.com/vi/oKRstHS2gr8/hqdefault.jpg,https://www.youtube.com/watch?v=oKRstHS2gr8
ix9cuEnI2qI,How I Became the Best Pokemon Trainer in the World,1122909,93121,209,PT41S,2023-06-01T10:02:19Z,False,https://i.ytimg.com/vi/ix9cuEnI2qI/hqdefault.jpg,https://www.youtube.com/watch?v=ix9cuEnI2qI
uQgkWVeJS2g,How Much is a Gold Play Button Worth?,4211270,374499,656,PT40S,2023-05-31T06:54:42Z,False,https://i.ytimg.com/vi/uQgkWVeJS2g/hqdefault.jpg,https://www.youtube.com/watch?v=uQgkWVeJS2g
D3NUtdUE_4Y,MARIO PARTY (2) WORLD RECORD HOLDER,313985,7434,58,PT5H29M18S,2023-05-31T06:07:11Z,True,https://i.ytimg.com/vi/D3NUtdUE_4Y/hqdefault.jpg,https://www.youtube.com/watch?v=D3NUtdUE_4Y
zrMtwJGqH_4,I Hired a Pro Pokemon Player to Destroy My Chat,4605282,127595,2000,PT36M29S,2023-05-31T05:45:16Z,True,https://i.ytimg.com/vi/zrMtwJGqH_4/hqdefault.jpg,https://www.youtube.com/watch?v=zrMtwJGqH_4
Xk16bdqtWCo,SELLING MY GOLD PLAY BUTTON (AND EVERYTHING ELSE I OWN) ALL PROCEEDS GO TO MAKE-A-WISH,354492,9107,182,PT3H34M11S,2023-05-29T00:58:35Z,True,https://i.ytimg.com/vi/Xk16bdqtWCo/hqdefault.jpg,https://www.youtube.com/watch?v=Xk16bdqtWCo
NJC5UUQfv1w,The Human Test,3406609,238913,4314,PT57S,2023-05-28T09:18:13Z,False,https://i.ytimg.com/vi/NJC5UUQfv1w/hqdefault.jpg,https://www.youtube.com/watch?v=NJC5UUQfv1w
WkELjtlddfU,I GOT THE MARIO PARTY WORLD RECORD,557320,12187,205,PT8H5M5S,2023-05-27T07:12:15Z,True,https://i.ytimg.com/vi/WkELjtlddfU/hqdefault.jpg,https://www.youtube.com/watch?v=WkELjtlddfU
ourRR4HWwE0,HUGE ANNOUNCEMENT🚨 MARIO PARTY WORLD RECORD? 🚨 THIS SPEEDRUNNER IS GOING DOWN 🚨 !mpspb,1129620,8696,131,PT3H48M33S,2023-05-26T02:54:57Z,True,https://i.ytimg.com/vi/ourRR4HWwE0/hqdefault.jpg,https://www.youtube.com/watch?v=ourRR4HWwE0
1qUmVV6t9pI,I Need Help,1836202,152441,1093,PT43S,2023-05-25T08:32:40Z,False,https://i.ytimg.com/vi/1qUmVV6t9pI/hqdefault.jpg,https://www.youtube.com/watch?v=1qUmVV6t9pI
eZNGFKClR2s,TALKING WITH DR K @HealthyGamerGG 🚨 PLAYSTATION SHOWCASE 🚨 GETTING WORLD RECORDS IN MARIO PARTY,427536,11208,106,PT7H4M45S,2023-05-25T01:54:29Z,True,https://i.ytimg.com/vi/eZNGFKClR2s/hqdefault.jpg,https://www.youtube.com/watch?v=eZNGFKClR2s
Hz-63Niv5ug,Do Gamers Have Good Aim in Real Life?,8822282,723328,3054,PT48S,2023-05-24T09:18:35Z,False,https://i.ytimg.com/vi/Hz-63Niv5ug/hqdefault.jpg,https://www.youtube.com/watch?v=Hz-63Niv5ug
XsaAriKpYy4,"TAKING BACK MY MARIO PARTY RECORD FROM THIS ""SPEEDRUNNER""",758370,9620,142,PT3H12M1S,2023-05-24T02:37:37Z,True,https://i.ytimg.com/vi/XsaAriKpYy4/hqdefault.jpg,https://www.youtube.com/watch?v=XsaAriKpYy4
TUfu_fdB8Qc,I Destroyed This Speedrunner,5119928,442091,811,PT36S,2023-05-23T08:39:44Z,False,https://i.ytimg.com/vi/TUfu_fdB8Qc/hqdefault.jpg,https://www.youtube.com/watch?v=TUfu_fdB8Qc
yv5N0dIJnS8,I Embarassed This Speedrunner on Stream,1673132,57914,739,PT22M41S,2023-05-22T06:36:14Z,False,https://i.ytimg.com/vi/yv5N0dIJnS8/hqdefault.jpg,https://www.youtube.com/watch?v=yv5N0dIJnS8
_fIirR-iKpY,WATCHING MOIST MOGULS WITH @penguinz0  | Battle of BC 5,230499,4065,38,PT4H6M16S,2023-05-22T04:52:59Z,True,https://i.ytimg.com/vi/_fIirR-iKpY/hqdefault.jpg,https://www.youtube.com/watch?v=_fIirR-iKpY
CoGsv_phKvg,The Time I Caught My Girlfriend Cheating On Me (College),10712135,925048,4610,PT50S,2023-05-19T02:04:40Z,False,https://i.ytimg.com/vi/CoGsv_phKvg/hqdefault.jpg,https://www.youtube.com/watch?v=CoGsv_phKvg
lQJctq6udBM,"How I Got $1,000 From Twitch",7870415,619275,564,PT56S,2023-05-18T08:08:17Z,False,https://i.ytimg.com/vi/lQJctq6udBM/hqdefault.jpg,https://www.youtube.com/watch?v=lQJctq6udBM
4olKOFTRc6g,BREAKING A PRO SPEEDRUNNER'S MARIO PARTY RECORD,326980,6912,96,PT4H52M48S,2023-05-18T07:52:16Z,True,https://i.ytimg.com/vi/4olKOFTRc6g/hqdefault.jpg,https://www.youtube.com/watch?v=4olKOFTRc6g
IlAZHoWGHBE,I Snuck Into Twitch Rivals,773078,43266,667,PT8M56S,2023-05-18T07:24:43Z,False,https://i.ytimg.com/vi/IlAZHoWGHBE/hqdefault.jpg,https://www.youtube.com/watch?v=IlAZHoWGHBE
P4gg_1QxqAA,LAST MOIST MOGULS GAME OF THE SEASON | TARIK VIEWERS WELCOME,198822,4979,74,PT2H1M53S,2023-05-17T20:25:28Z,True,https://i.ytimg.com/vi/P4gg_1QxqAA/hqdefault.jpg,https://www.youtube.com/watch?v=P4gg_1QxqAA
mVpxuDHG69g,The Craziest Year of my Life,17243564,922521,8391,PT57S,2023-05-17T10:14:10Z,False,https://i.ytimg.com/vi/mVpxuDHG69g/hqdefault.jpg,https://www.youtube.com/watch?v=mVpxuDHG69g
2HjVcncWMv4,How I Got Fired From SnapChat,5094241,420737,1829,PT53S,2023-05-16T07:19:11Z,False,https://i.ytimg.com/vi/2HjVcncWMv4/hqdefault.jpg,https://www.youtube.com/watch?v=2HjVcncWMv4
cgobX27KZRU,I Tried Proving Chess Pros Are Actually Dumb,3037975,109374,1853,PT16M20S,2023-05-15T16:30:19Z,False,https://i.ytimg.com/vi/cgobX27KZRU/hqdefault.jpg,https://www.youtube.com/watch?v=cgobX27KZRU
hHch_FnpdDY,I Have a Problem,3219212,320749,543,PT46S,2023-05-15T08:27:17Z,False,https://i.ytimg.com/vi/hHch_FnpdDY/hqdefault.jpg,https://www.youtube.com/watch?v=hHch_FnpdDY
X5SKp2_7q8U,❗The Penultimate Day of the Ludlocke | Victory Road | 135 Bans | 40+ Hours ❗,502327,5898,139,PT3H47M7S,2023-05-14T22:50:09Z,True,https://i.ytimg.com/vi/X5SKp2_7q8U/hqdefault.jpg,https://www.youtube.com/watch?v=X5SKp2_7q8U
9aaKs6KaQ34,Is Twitch Better Than YouTube?,2614204,236513,1100,PT47S,2023-05-14T08:28:01Z,False,https://i.ytimg.com/vi/9aaKs6KaQ34/hqdefault.jpg,https://www.youtube.com/watch?v=9aaKs6KaQ34
Nghaic7KLSU,How I Scammed 50 YouTubers,5552128,464420,1020,PT51S,2023-05-13T06:30:07Z,False,https://i.ytimg.com/vi/Nghaic7KLSU/hqdefault.jpg,https://www.youtube.com/watch?v=Nghaic7KLSU
q-9XJ5y03iI,I hate this Youtuber,8631333,612906,1959,PT44S,2023-05-12T10:07:33Z,False,https://i.ytimg.com/vi/q-9XJ5y03iI/hqdefault.jpg,https://www.youtube.com/watch?v=q-9XJ5y03iI
smjgYcLu5io,THE UNDEFEATED MOIST MOGULS ARE PLAYING | MUST WATCH TV WITH @tarik,202919,4234,53,PT2H43M40S,2023-05-11T22:59:52Z,True,https://i.ytimg.com/vi/smjgYcLu5io/hqdefault.jpg,https://www.youtube.com/watch?v=smjgYcLu5io
AIIjX3aQnUI,Are Chess Players actually smart?,5590096,447897,2146,PT45S,2023-05-11T12:05:20Z,False,https://i.ytimg.com/vi/AIIjX3aQnUI/hqdefault.jpg,https://www.youtube.com/watch?v=AIIjX3aQnUI
rwWMdUi0EWM,Are Chess Streamers Actually Smart? ft. @GothamChess,498681,10942,381,PT2H44M3S,2023-05-10T21:05:07Z,True,https://i.ytimg.com/vi/rwWMdUi0EWM/hqdefault.jpg,https://www.youtube.com/watch?v=rwWMdUi0EWM
Edvwaztyi-Q,I'm the world's fastest button masher,38171875,1966820,10213,PT42S,2023-05-10T08:39:56Z,False,https://i.ytimg.com/vi/Edvwaztyi-Q/hqdefault.jpg,https://www.youtube.com/watch?v=Edvwaztyi-Q
-jtYvR1NC20,im playing pokemon until i beat it. thats it. thats the stream,314076,5931,86,PT5H52M18S,2023-05-10T07:40:05Z,True,https://i.ytimg.com/vi/-jtYvR1NC20/hqdefault.jpg,https://www.youtube.com/watch?v=-jtYvR1NC20
EEMRVK6ZsYE,I Tried Speedrunning Mario Party. I Broke the Record.,2922818,85837,991,PT23M50S,2023-05-10T07:06:24Z,False,https://i.ytimg.com/vi/EEMRVK6ZsYE/hqdefault.jpg,https://www.youtube.com/watch?v=EEMRVK6ZsYE
3dWBzzTqGHk,Do Not Try This at Home,17857248,1103240,2851,PT44S,2023-05-09T06:45:01Z,False,https://i.ytimg.com/vi/3dWBzzTqGHk/hqdefault.jpg,https://www.youtube.com/watch?v=3dWBzzTqGHk
CwyYXENU2SA,HUGE VALORANT TOURNAMENT | MXM B TEAM @stanz @FoolishGamers @kkataminaYT @AbeIndoors,532439,3681,56,PT3H46M39S,2023-05-09T06:10:23Z,True,https://i.ytimg.com/vi/CwyYXENU2SA/hqdefault.jpg,https://www.youtube.com/watch?v=CwyYXENU2SA
vVFwr9x1LFs,It's Been 10 Years,3540608,218746,1188,PT58S,2023-05-08T09:30:12Z,False,https://i.ytimg.com/vi/vVFwr9x1LFs/hqdefault.jpg,https://www.youtube.com/watch?v=vVFwr9x1LFs
ZjrpUzanMPE,ludlocke ahah come thru :p,547030,5054,124,PT3H44M2S,2023-05-08T01:40:20Z,True,https://i.ytimg.com/vi/ZjrpUzanMPE/hqdefault.jpg,https://www.youtube.com/watch?v=ZjrpUzanMPE
fRuZlf1Tifo,I Almost Ruined My YouTube Contract,20196758,1312348,12215,PT47S,2023-05-07T08:30:09Z,False,https://i.ytimg.com/vi/fRuZlf1Tifo/hqdefault.jpg,https://www.youtube.com/watch?v=fRuZlf1Tifo
tTwZQiiyPSM,REACTS ❗❗ GAMES ❗❗ LUDLOCKE ❗❗ VALORANT ❗❗,250179,5758,54,PT5H30M46S,2023-05-07T08:03:31Z,True,https://i.ytimg.com/vi/tTwZQiiyPSM/hqdefault.jpg,https://www.youtube.com/watch?v=tTwZQiiyPSM
ILMHmEADlwY,Destroying a Twitch Streamer to Prove YouTube is Better,2387044,53150,586,PT32M16S,2023-05-07T07:33:03Z,False,https://i.ytimg.com/vi/ILMHmEADlwY/hqdefault.jpg,https://www.youtube.com/watch?v=ILMHmEADlwY
6dxHsycCz6Y,GETTING THE MARIO PARTY WR OR GIVING MY STREAM KEY TO SQUEEX,294278,5714,79,PT6H30M14S,2023-05-06T08:13:21Z,True,https://i.ytimg.com/vi/6dxHsycCz6Y/hqdefault.jpg,https://www.youtube.com/watch?v=6dxHsycCz6Y
6udsFEEO1Qw,I'm the greatest basketball player of all time,1619061,124461,348,PT33S,2023-05-06T08:00:02Z,False,https://i.ytimg.com/vi/6udsFEEO1Qw/hqdefault.jpg,https://www.youtube.com/watch?v=6udsFEEO1Qw
Kllbd7qtXkY,Chat is ruining my life.,6130774,516192,1406,PT36S,2023-05-05T11:06:38Z,False,https://i.ytimg.com/vi/Kllbd7qtXkY/hqdefault.jpg,https://www.youtube.com/watch?v=Kllbd7qtXkY
N_fRbvVBo04,It was supposed to be a gay dating show. He lied.,2827119,101151,2115,PT15M2S,2023-05-05T05:32:20Z,False,https://i.ytimg.com/vi/N_fRbvVBo04/hqdefault.jpg,https://www.youtube.com/watch?v=N_fRbvVBo04
m-Md-c2ltpk,THEY TOLD ME MOIST MOGULS WERE GOING TO LOSE TODAY,295717,5545,47,PT3H16M1S,2023-05-05T02:28:11Z,True,https://i.ytimg.com/vi/m-Md-c2ltpk/hqdefault.jpg,https://www.youtube.com/watch?v=m-Md-c2ltpk
p7P8BwBXpN0,The Rarest m&m in the World,5034125,333026,2587,PT24S,2023-05-04T07:46:10Z,False,https://i.ytimg.com/vi/p7P8BwBXpN0/hqdefault.jpg,https://www.youtube.com/watch?v=p7P8BwBXpN0
p42L61O-Z4o,IF I SAY A POKEMON'S NAME I RELEASE THE POKEMON,288576,5860,112,PT4H16M40S,2023-05-04T05:10:56Z,True,https://i.ytimg.com/vi/p42L61O-Z4o/hqdefault.jpg,https://www.youtube.com/watch?v=p42L61O-Z4o
jiFRQMohSqY,How To Grow Taller,8199808,545823,2520,PT39S,2023-05-03T09:00:32Z,False,https://i.ytimg.com/vi/jiFRQMohSqY/hqdefault.jpg,https://www.youtube.com/watch?v=jiFRQMohSqY
4c7SM0FJ8Rc,I Survived 24 Hours in the Wild,1606196,76675,1781,PT22M9S,2023-05-03T03:46:11Z,False,https://i.ytimg.com/vi/4c7SM0FJ8Rc/hqdefault.jpg,https://www.youtube.com/watch?v=4c7SM0FJ8Rc
vuR6HBfxJyQ,🚨 LUDLOCKE 🚨 CHESS 🚨 OMEGA STRIKERS 🚨,229579,4801,52,PT3H27M49S,2023-05-03T02:27:09Z,True,https://i.ytimg.com/vi/vuR6HBfxJyQ/hqdefault.jpg,https://www.youtube.com/watch?v=vuR6HBfxJyQ
m9m-te1VjeM,How I Became the Best Smash Player in the World,3858639,375686,605,PT50S,2023-05-02T08:07:28Z,False,https://i.ytimg.com/vi/m9m-te1VjeM/hqdefault.jpg,https://www.youtube.com/watch?v=m9m-te1VjeM
xPSS_k10x14,IM BACK ! LONG BREAK !,225633,5148,102,PT2H52M34S,2023-05-02T05:03:27Z,True,https://i.ytimg.com/vi/xPSS_k10x14/hqdefault.jpg,https://www.youtube.com/watch?v=xPSS_k10x14
iKr3uWhis8I,this is why I'm stupid,2106899,195820,584,PT31S,2023-05-01T07:00:14Z,False,https://i.ytimg.com/vi/iKr3uWhis8I/hqdefault.jpg,https://www.youtube.com/watch?v=iKr3uWhis8I
ymxFiv60Q1Q,Make a Basket. Win $100.,2076786,160939,503,PT31S,2023-04-30T07:30:22Z,False,https://i.ytimg.com/vi/ymxFiv60Q1Q/hqdefault.jpg,https://www.youtube.com/watch?v=ymxFiv60Q1Q
gtpMWgw23_A,My Viewer Emailed Me a Funny Video. If I Don't Laugh I Ban Her.,1608622,73099,1076,PT14M42S,2023-04-30T04:42:49Z,False,https://i.ytimg.com/vi/gtpMWgw23_A/hqdefault.jpg,https://www.youtube.com/watch?v=gtpMWgw23_A
Ctb7Ur2ZStY,How I Became a Chess Grandmaster,9654011,689129,2005,PT1M,2023-04-29T06:07:40Z,False,https://i.ytimg.com/vi/Ctb7Ur2ZStY/hqdefault.jpg,https://www.youtube.com/watch?v=Ctb7Ur2ZStY
73dVTlEpKUs,Watch this if you are lost.,1848250,214104,2302,PT42S,2023-04-28T05:29:12Z,False,https://i.ytimg.com/vi/73dVTlEpKUs/hqdefault.jpg,https://www.youtube.com/watch?v=73dVTlEpKUs
3NVyo2QxEmY,JUMP KING WITH FALL DAMAGE ✅ ESFAND NFL DRAFT PARTY ✅ OMEGA STRIKERS ✅ CHESS ✅ #OmegaStrikersPartner,268570,5697,64,PT4H27M42S,2023-04-28T04:38:07Z,True,https://i.ytimg.com/vi/3NVyo2QxEmY/hqdefault.jpg,https://www.youtube.com/watch?v=3NVyo2QxEmY
Fm5o6h7vSZs,They Made a Gameshow About Me...,1080149,47860,1050,PT17M47S,2023-04-27T06:58:17Z,False,https://i.ytimg.com/vi/Fm5o6h7vSZs/hqdefault.jpg,https://www.youtube.com/watch?v=Fm5o6h7vSZs
b-Sh2ZmyxvQ,BIG TWITTER DRAMA ✅ WATCHING MXM ✅ JET LAG FINALE ✅ MUST WATCH STREAM ✅,230692,5085,40,PT4H51S,2023-04-27T04:06:16Z,True,https://i.ytimg.com/vi/b-Sh2ZmyxvQ/hqdefault.jpg,https://www.youtube.com/watch?v=b-Sh2ZmyxvQ
hChXW-RbXFE,It's Impossible To Crack This Egg.,3600873,327303,1200,PT47S,2023-04-26T18:51:56Z,False,https://i.ytimg.com/vi/hChXW-RbXFE/hqdefault.jpg,https://www.youtube.com/watch?v=hChXW-RbXFE
lMYWY5ElJmk,I Tried Driving High. Legally.,918440,43923,1069,PT15M35S,2023-04-26T07:18:17Z,False,https://i.ytimg.com/vi/lMYWY5ElJmk/hqdefault.jpg,https://www.youtube.com/watch?v=lMYWY5ElJmk
px5bTkKUohU,My Cat is Immortal Now.,4457453,365571,525,PT25S,2023-04-26T00:45:36Z,False,https://i.ytimg.com/vi/px5bTkKUohU/hqdefault.jpg,https://www.youtube.com/watch?v=px5bTkKUohU
IOnyEgrzegQ,DO NOT WATCH THIS STREAM.,264975,6381,137,PT4H1M20S,2023-04-25T06:57:24Z,True,https://i.ytimg.com/vi/IOnyEgrzegQ/hqdefault.jpg,https://www.youtube.com/watch?v=IOnyEgrzegQ
HgjMXARSfds,"I Lost $500,000. It Was Worth It.",8422662,622106,1214,PT54S,2023-04-24T19:00:07Z,False,https://i.ytimg.com/vi/HgjMXARSfds/hqdefault.jpg,https://www.youtube.com/watch?v=HgjMXARSfds
N2-d-BN9AxA,REACTING TO JETLAG AND HUGE DRAMA TO TALK ABOUT (AMERICA DESERVED RUN 11),256134,5730,120,PT4H10M21S,2023-04-24T08:46:54Z,True,https://i.ytimg.com/vi/N2-d-BN9AxA/hqdefault.jpg,https://www.youtube.com/watch?v=N2-d-BN9AxA
sQTYY6KUEH8,I challenged him to make a game with my cat... it took 10 days.,1592016,70572,929,PT21M9S,2023-04-23T06:33:22Z,False,https://i.ytimg.com/vi/sQTYY6KUEH8/hqdefault.jpg,https://www.youtube.com/watch?v=sQTYY6KUEH8
2C_JoNd-YiE,IM PLAYING POKEMON TODAY. THAT'S IT. A LOT OF POKEMON.,220432,4193,222,PT1H46M29S,2023-04-23T01:31:27Z,True,https://i.ytimg.com/vi/2C_JoNd-YiE/hqdefault.jpg,https://www.youtube.com/watch?v=2C_JoNd-YiE
QIXOqaa-Ru8,DRIVING ACCROSS THE WORLD ＨＩＧＨ donot try at home,362781,8302,212,PT2H54M48S,2023-04-21T05:14:40Z,True,https://i.ytimg.com/vi/QIXOqaa-Ru8/hqdefault.jpg,https://www.youtube.com/watch?v=QIXOqaa-Ru8
1eXgm29AlLg,She Predicted My Future,1033126,92651,268,PT36S,2023-04-20T21:16:18Z,False,https://i.ytimg.com/vi/1eXgm29AlLg/hqdefault.jpg,https://www.youtube.com/watch?v=1eXgm29AlLg
NQ_xLFEZTZo,I Forced Chat To Make a Video Game With My Cat ft. @MichaelReeves @QTCinderella @Ottomated,345726,7801,102,PT5H33M34S,2023-04-20T06:53:18Z,True,https://i.ytimg.com/vi/NQ_xLFEZTZo/hqdefault.jpg,https://www.youtube.com/watch?v=NQ_xLFEZTZo
sOpwkMlPvP0,I Found My College Roommate on a Dating Show...,4542807,162842,2919,PT20M29S,2023-04-20T06:33:21Z,False,https://i.ytimg.com/vi/sOpwkMlPvP0/hqdefault.jpg,https://www.youtube.com/watch?v=sOpwkMlPvP0
yD4cm5bME4g,THE MOIST MOGULS ARE BACK BABY!!! ➡️ REACTING ➡️ LUDLOCKE ➡️ FORTNITE?!,386068,7355,33,PT9H22M20S,2023-04-19T06:24:15Z,True,https://i.ytimg.com/vi/yD4cm5bME4g/hqdefault.jpg,https://www.youtube.com/watch?v=yD4cm5bME4g
OGSlZCPOX-E,YouTube Chat vs Twitch Chat,1586180,57249,918,PT30M15S,2023-04-18T05:36:30Z,False,https://i.ytimg.com/vi/OGSlZCPOX-E/hqdefault.jpg,https://www.youtube.com/watch?v=OGSlZCPOX-E
2iN-LZyHwD8,The Most Expensive Piece of Sushi in the World,3138673,282365,1034,PT38S,2023-04-16T22:57:18Z,False,https://i.ytimg.com/vi/2iN-LZyHwD8/hqdefault.jpg,https://www.youtube.com/watch?v=2iN-LZyHwD8
WJwmg4N851I,12 HOURS REMAIN... DO I MAKE IT THROUGH THE NIGHT?,669575,16269,138,PT11H55M1S,2023-04-16T18:03:25Z,True,https://i.ytimg.com/vi/WJwmg4N851I/hqdefault.jpg,https://www.youtube.com/watch?v=WJwmg4N851I
Gs_UmRJ8oB4,24 HOUR SURVIVAL STREAM IN THE WILD AGAINST THE ELEMENTS,920279,25302,146,PT11H52M33S,2023-04-16T07:23:36Z,True,https://i.ytimg.com/vi/Gs_UmRJ8oB4/hqdefault.jpg,https://www.youtube.com/watch?v=Gs_UmRJ8oB4
AMaxOeB6VfE,SHORT STREAM TONIGHT (24 HOUR TOMO 10 AM PT),154924,4043,67,PT2H19M7S,2023-04-15T05:24:04Z,True,https://i.ytimg.com/vi/AMaxOeB6VfE/hqdefault.jpg,https://www.youtube.com/watch?v=AMaxOeB6VfE
NnSJyBQOJUg,If I Laugh I Double The Ingredients,1599608,60551,890,PT14M6S,2023-04-15T04:08:39Z,False,https://i.ytimg.com/vi/NnSJyBQOJUg/hqdefault.jpg,https://www.youtube.com/watch?v=NnSJyBQOJUg
94NbTUucblA,MXM DO OR DIE THIS IS IT LET'S WIN!!! | LUDLOCKE,291810,5827,58,PT5H1M24S,2023-04-14T05:53:45Z,True,https://i.ytimg.com/vi/94NbTUucblA/hqdefault.jpg,https://www.youtube.com/watch?v=94NbTUucblA
_fVojLMsXyw,I Let Stream Decorate a House. It was a disaster.,1245877,53476,706,PT19M33S,2023-04-13T07:27:39Z,False,https://i.ytimg.com/vi/_fVojLMsXyw/hqdefault.jpg,https://www.youtube.com/watch?v=_fVojLMsXyw
4kauRbr26Oo,I Almost Died on Stream,2864852,231963,597,PT37S,2023-04-13T06:32:33Z,False,https://i.ytimg.com/vi/4kauRbr26Oo/hqdefault.jpg,https://www.youtube.com/watch?v=4kauRbr26Oo
7ZU-6vUtKn0,SICK MAN LOSES MIND OVER MXM GC | THE BUTTON?!?!  | LUDLOCKE!!! | JET LAG THE GAME POGGERS!!!,272178,5861,29,PT7H2M26S,2023-04-13T05:07:36Z,True,https://i.ytimg.com/vi/7ZU-6vUtKn0/hqdefault.jpg,https://www.youtube.com/watch?v=7ZU-6vUtKn0
-9dZawgE0Ko,I Got Scammed on the Biggest Live Gameshow,707125,36688,726,PT9M16S,2023-04-12T05:12:35Z,False,https://i.ytimg.com/vi/-9dZawgE0Ko/hqdefault.jpg,https://www.youtube.com/watch?v=-9dZawgE0Ko
vN0Ch_qJ9A8,MXM GAMECHANGERS WATCH PARTY!!!,299904,5349,51,PT4H51M49S,2023-04-12T04:35:26Z,True,https://i.ytimg.com/vi/vN0Ch_qJ9A8/hqdefault.jpg,https://www.youtube.com/watch?v=vN0Ch_qJ9A8
iyNmwu1R21c,The Fastest Way to Drink a Beer,5062956,393681,1610,PT26S,2023-04-11T03:13:53Z,False,https://i.ytimg.com/vi/iyNmwu1R21c/hqdefault.jpg,https://www.youtube.com/watch?v=iyNmwu1R21c
e_ZnqNochAU,BEATING THE LUDLOCKE TODAY,307752,5919,92,PT4H4M30S,2023-04-10T06:29:03Z,True,https://i.ytimg.com/vi/e_ZnqNochAU/hqdefault.jpg,https://www.youtube.com/watch?v=e_ZnqNochAU
yHi4IpZSyGE,making banana bread but if i laugh i add a banana (tts on),309779,8117,129,PT2H54M23S,2023-04-09T04:46:11Z,True,https://i.ytimg.com/vi/yHi4IpZSyGE/hqdefault.jpg,https://www.youtube.com/watch?v=yHi4IpZSyGE
eKGxrYJwTNM,Every Dot is a YouTuber. Can I Win?,1300207,63457,729,PT8M37S,2023-04-08T04:21:57Z,False,https://i.ytimg.com/vi/eKGxrYJwTNM/hqdefault.jpg,https://www.youtube.com/watch?v=eKGxrYJwTNM
auH703P_HFg,CHAT DECORATES (ruins) @Myth_YT's STREAM ROOM,289791,7023,94,PT3H42M22S,2023-04-08T01:11:01Z,True,https://i.ytimg.com/vi/auH703P_HFg/hqdefault.jpg,https://www.youtube.com/watch?v=auH703P_HFg
ASeVWyy735Y,I Hired a Pro Gamer To Secretly Destroy My Chat,5449581,178948,1492,PT8M2S,2023-04-06T22:36:01Z,False,https://i.ytimg.com/vi/ASeVWyy735Y/hqdefault.jpg,https://www.youtube.com/watch?v=ASeVWyy735Y
5buuJIky2JM,YOUTUBE CHAT VS TWITCH CHAT | COME FIGHT AGAINST THE PURPLE SNAKES @DougDoug,307462,6541,135,PT4H42M17S,2023-04-06T06:33:35Z,True,https://i.ytimg.com/vi/5buuJIky2JM/hqdefault.jpg,https://www.youtube.com/watch?v=5buuJIky2JM
epaKrf2UPF8,How To Win Any Argument,12619060,851925,2328,PT35S,2023-04-03T08:20:29Z,False,https://i.ytimg.com/vi/epaKrf2UPF8/hqdefault.jpg,https://www.youtube.com/watch?v=epaKrf2UPF8
l2jp8NczeQQ,REACT CONTENT WOW!!! THEN LUDLOCKE !!!,296382,6093,93,PT4H32M57S,2023-04-02T07:42:30Z,True,https://i.ytimg.com/vi/l2jp8NczeQQ/hqdefault.jpg,https://www.youtube.com/watch?v=l2jp8NczeQQ
9oCkctXrkZs,I Hate This YouTuber,16057066,923355,10415,PT40S,2023-04-01T06:25:16Z,False,https://i.ytimg.com/vi/9oCkctXrkZs/hqdefault.jpg,https://www.youtube.com/watch?v=9oCkctXrkZs
sFWR1k2tAD8,1V1ING MY VIEWERS IN MELEE THEN REACT ANDY TO JET LAG AND JSCHLATT NEW PODCAST!!!,279431,5252,98,PT5H14M3S,2023-04-01T06:02:01Z,True,https://i.ytimg.com/vi/sFWR1k2tAD8/hqdefault.jpg,https://www.youtube.com/watch?v=sFWR1k2tAD8
GNIIK7gNJMs,LONG STREAM GET INVOLVED | jackbox with FRIENDS :) | LUDLOCKE LATER,331736,8319,100,PT8H20M45S,2023-03-31T05:03:53Z,True,https://i.ytimg.com/vi/GNIIK7gNJMs/hqdefault.jpg,https://www.youtube.com/watch?v=GNIIK7gNJMs
TF7lgNEYgSY,"I got scammed out of $100,000",3369157,273404,1927,PT50S,2023-03-31T04:36:57Z,False,https://i.ytimg.com/vi/TF7lgNEYgSY/hqdefault.jpg,https://www.youtube.com/watch?v=TF7lgNEYgSY
idZDOvtJVng,MOIST MOGULS REMATCH VS G2 WITH @tarik & @penguinz0,306978,6043,61,PT3H46M53S,2023-03-30T06:56:48Z,True,https://i.ytimg.com/vi/idZDOvtJVng/hqdefault.jpg,https://www.youtube.com/watch?v=idZDOvtJVng
6EC-6MQMu2s,"This YouTuber Scammed Me Out Of $100,000",897854,49143,1140,PT8M1S,2023-03-30T00:43:33Z,False,https://i.ytimg.com/vi/6EC-6MQMu2s/hqdefault.jpg,https://www.youtube.com/watch?v=6EC-6MQMu2s
2Ykd5haAfz0,MOGUL EMERALD LUDLOCKE | IF YOUR POKEMON DIES YOU GET BANNED,269173,6668,90,PT4H14M9S,2023-03-29T06:25:35Z,True,https://i.ytimg.com/vi/2Ykd5haAfz0/hqdefault.jpg,https://www.youtube.com/watch?v=2Ykd5haAfz0
UIhpZdzdNhY,This YouTuber Roasted Me. So I Destroyed His Career.,2383206,65309,1227,PT31M56S,2023-03-28T22:38:56Z,False,https://i.ytimg.com/vi/UIhpZdzdNhY/hqdefault.jpg,https://www.youtube.com/watch?v=UIhpZdzdNhY
81NblSWOgOY,Never Fall For This Joke Again,3997131,304994,1047,PT46S,2023-03-28T07:26:07Z,False,https://i.ytimg.com/vi/81NblSWOgOY/hqdefault.jpg,https://www.youtube.com/watch?v=81NblSWOgOY
lfIbYCpLiG0,THE MOGUL EMERALD LUDLOCKE | IF YOUR POKEMON DIES YOU GET BANNED,483680,11322,285,PT4H21M5S,2023-03-28T07:19:59Z,True,https://i.ytimg.com/vi/lfIbYCpLiG0/hqdefault.jpg,https://www.youtube.com/watch?v=lfIbYCpLiG0
l_SoOSe7LIw,"🔴$100,000 STREAMER WARS🟣TWITCH VS YOUTUBE🔴APEX LEGENDS🟣@playapex  #apexlegendspartner",180929,4402,110,PT2H46M26S,2023-03-26T00:12:49Z,True,https://i.ytimg.com/vi/l_SoOSe7LIw/hqdefault.jpg,https://www.youtube.com/watch?v=l_SoOSe7LIw
_idr-S9PSns,MOIST MOGULS BIGGEST MATCH EVER | CANNOT MISS | MXM VS M80 with @tarik,321732,6987,82,PT2H37M35S,2023-03-24T23:08:02Z,True,https://i.ytimg.com/vi/_idr-S9PSns/hqdefault.jpg,https://www.youtube.com/watch?v=_idr-S9PSns
dWNIKJdL6lU,I'm The Best Rock Paper Scissors Player in the World,1725018,183486,767,PT41S,2023-03-24T07:22:27Z,False,https://i.ytimg.com/vi/dWNIKJdL6lU/hqdefault.jpg,https://www.youtube.com/watch?v=dWNIKJdL6lU
8coE0NgnNhc,BRO VS BRO AGAINST @DougDoug,308744,8999,161,PT5H2M27S,2023-03-24T03:42:47Z,True,https://i.ytimg.com/vi/8coE0NgnNhc/hqdefault.jpg,https://www.youtube.com/watch?v=8coE0NgnNhc
7UNDdUDKBKU,Proximity Chat Valorant is Insane.,927546,40391,505,PT8M32S,2023-03-23T03:44:55Z,False,https://i.ytimg.com/vi/7UNDdUDKBKU/hqdefault.jpg,https://www.youtube.com/watch?v=7UNDdUDKBKU
rTbP-9VqN3I,MOIST MOGULS TOURNAMENT!! CANNOT MISS!! with @penguinz0 ​@tarik @DisguisedToast @Sykkuno,380173,8074,65,PT4H29M56S,2023-03-23T01:23:50Z,True,https://i.ytimg.com/vi/rTbP-9VqN3I/hqdefault.jpg,https://www.youtube.com/watch?v=rTbP-9VqN3I
8eUB8abgZWM,2V2UESDAY WITH @Natsumiii HOSTED BY @fuslie (THIEF AND CRIMINAL),292405,6389,81,PT4H12M12S,2023-03-21T23:53:34Z,True,https://i.ytimg.com/vi/8eUB8abgZWM/hqdefault.jpg,https://www.youtube.com/watch?v=8eUB8abgZWM
1Lnp6qvUB1o,My Identity Was Stolen,4548370,357722,1239,PT27S,2023-03-21T23:26:54Z,False,https://i.ytimg.com/vi/1Lnp6qvUB1o/hqdefault.jpg,https://www.youtube.com/watch?v=1Lnp6qvUB1o
UWNaKbN-tw4,I Tried Your Dumb Chess Ideas,1794004,62914,1053,PT21M39S,2023-03-21T06:55:21Z,False,https://i.ytimg.com/vi/UWNaKbN-tw4/hqdefault.jpg,https://www.youtube.com/watch?v=UWNaKbN-tw4
UtMoMwohf0k,watching mr beast (known terrorist) then reacting to other things,282447,9046,128,PT4H1M44S,2023-03-20T07:18:54Z,True,https://i.ytimg.com/vi/UtMoMwohf0k/hqdefault.jpg,https://www.youtube.com/watch?v=UtMoMwohf0k
_M2rB90GoBE,How to Make Money Without Working,5568894,428059,1862,PT1M,2023-03-20T00:18:12Z,False,https://i.ytimg.com/vi/_M2rB90GoBE/hqdefault.jpg,https://www.youtube.com/watch?v=_M2rB90GoBE
F35VYg3Bkbk,LONG STREAM | MUST WATCH | WORLDS FIRST PROXIMITY VOICE VALORANT GAME | HANGING WITH friends :),312673,9061,67,PT8H26M24S,2023-03-19T05:24:32Z,True,https://i.ytimg.com/vi/F35VYg3Bkbk/hqdefault.jpg,https://www.youtube.com/watch?v=F35VYg3Bkbk
wj4mqn_yeIc,I Got Cancelled,2156262,210282,647,PT31S,2023-03-17T18:49:14Z,False,https://i.ytimg.com/vi/wj4mqn_yeIc/hqdefault.jpg,https://www.youtube.com/watch?v=wj4mqn_yeIc
dXing18rVww,I Shouldn't Have Tried This Speedrun.,745677,35955,804,PT16M41S,2023-03-17T07:14:09Z,False,https://i.ytimg.com/vi/dXing18rVww/hqdefault.jpg,https://www.youtube.com/watch?v=dXing18rVww
32yB9KdxzNw,WATCHING MOIST MOGULS VS FAZE THEN CSGO feat. @tarik @penguinz0 @HasanAbi @DisguisedToast @just9n,379363,10643,86,PT5H43M58S,2023-03-17T05:08:52Z,True,https://i.ytimg.com/vi/32yB9KdxzNw/hqdefault.jpg,https://www.youtube.com/watch?v=32yB9KdxzNw
dzmMQ6Th3I0,HELLO COME WATCH MY STREAM. THANK YOU!,329809,7071,72,PT3H27M8S,2023-03-16T06:35:06Z,True,https://i.ytimg.com/vi/dzmMQ6Th3I0/hqdefault.jpg,https://www.youtube.com/watch?v=dzmMQ6Th3I0
z_KTSdiuLuQ,This Joke ALWAYS Works,49286077,2643333,10019,PT28S,2023-03-15T20:22:47Z,False,https://i.ytimg.com/vi/z_KTSdiuLuQ/hqdefault.jpg,https://www.youtube.com/watch?v=z_KTSdiuLuQ
ZEYhxkYu074,Trying Your Dumb Chess Ideas with @stanz,199199,6219,80,PT4H19M44S,2023-03-15T05:52:59Z,True,https://i.ytimg.com/vi/ZEYhxkYu074/hqdefault.jpg,https://www.youtube.com/watch?v=ZEYhxkYu074
T169mkoq2-I,I Tried Living Like a Zoo Animal for a Day,1509921,71754,1283,PT26M52S,2023-03-15T05:28:24Z,False,https://i.ytimg.com/vi/T169mkoq2-I/hqdefault.jpg,https://www.youtube.com/watch?v=T169mkoq2-I
dPVk7arS0r0,They Made the Hardest Game in the World Multiplayer,774594,35325,524,PT16M26S,2023-03-14T07:14:39Z,False,https://i.ytimg.com/vi/dPVk7arS0r0/hqdefault.jpg,https://www.youtube.com/watch?v=dPVk7arS0r0
Cr6Dz4hK9qE,"CHAT BUYS $10K WORTH OF STOCKS, NITRO RACING, CHESS",228795,7850,92,PT4H12M53S,2023-03-14T06:53:49Z,True,https://i.ytimg.com/vi/Cr6Dz4hK9qE/hqdefault.jpg,https://www.youtube.com/watch?v=Cr6Dz4hK9qE
qYupippGfGc,When Trash Talk Goes Too Far...,1062623,42685,667,PT21M3S,2023-03-11T06:38:31Z,False,https://i.ytimg.com/vi/qYupippGfGc/hqdefault.jpg,https://www.youtube.com/watch?v=qYupippGfGc
C6wFOUvjzN0,MUST WATCH MOIST MOGULS AGAINST SHOPIFY REBELLION FT @tarik (ALSO IM SICK),299313,6761,52,PT3H24M20S,2023-03-11T00:58:41Z,True,https://i.ytimg.com/vi/C6wFOUvjzN0/hqdefault.jpg,https://www.youtube.com/watch?v=C6wFOUvjzN0
r9RCe5Bt7C0,IF I LOSE A CHESS GAME THE STREAM ENDS,214418,5535,91,PT1H29M49S,2023-03-10T04:43:59Z,True,https://i.ytimg.com/vi/r9RCe5Bt7C0/hqdefault.jpg,https://www.youtube.com/watch?v=r9RCe5Bt7C0
aegUUtkvkoY,Mario Speedrun But Every 5 Minutes I Add An Overlay (Idea from @DougDoug ),332268,7878,106,PT4H30M14S,2023-03-09T07:31:51Z,True,https://i.ytimg.com/vi/aegUUtkvkoY/hqdefault.jpg,https://www.youtube.com/watch?v=aegUUtkvkoY
kDfTXoEAU6I,The Most Valuable Watch in the World,11799193,815820,4573,PT35S,2023-03-08T07:25:37Z,False,https://i.ytimg.com/vi/kDfTXoEAU6I/hqdefault.jpg,https://www.youtube.com/watch?v=kDfTXoEAU6I
gUauqzeNOYA,I Tried Driving Drunk. Legally.,2194761,73584,919,PT14M21S,2023-03-07T20:29:28Z,False,https://i.ytimg.com/vi/gUauqzeNOYA/hqdefault.jpg,https://www.youtube.com/watch?v=gUauqzeNOYA
xXZLylTch5A,I Have Beef With This Twitch Streamer,5488552,406059,762,PT41S,2023-03-07T05:00:47Z,False,https://i.ytimg.com/vi/xXZLylTch5A/hqdefault.jpg,https://www.youtube.com/watch?v=xXZLylTch5A
oqQp5-vo2V8,Ai MADE IT UP!!! BRAND NEW IDEA FT. @fuslie @Natsumiii @LilyPichu,334633,7698,92,PT4H54M17S,2023-03-06T06:24:45Z,True,https://i.ytimg.com/vi/oqQp5-vo2V8/hqdefault.jpg,https://www.youtube.com/watch?v=oqQp5-vo2V8
XoXtUw3FHcQ,You Laugh You Lose But it’s My Girlfriends Tik Toks,1278792,55520,535,PT14M43S,2023-03-03T07:32:10Z,False,https://i.ytimg.com/vi/XoXtUw3FHcQ/hqdefault.jpg,https://www.youtube.com/watch?v=XoXtUw3FHcQ
nwL4VuMv5XE,If You Link a Bad Video You Get Banned,891509,49830,676,PT10M8S,2023-03-02T03:45:40Z,False,https://i.ytimg.com/vi/nwL4VuMv5XE/hqdefault.jpg,https://www.youtube.com/watch?v=nwL4VuMv5XE
EN4izhntW1g,Cooking Expensive Steak in a Toaster,871519,40015,810,PT8M45S,2023-03-01T06:00:01Z,False,https://i.ytimg.com/vi/EN4izhntW1g/hqdefault.jpg,https://www.youtube.com/watch?v=EN4izhntW1g
hGTaSrspAbU,WATCHING THE MOIST MOGULS DOMINATE,465710,13132,239,PT2H26M16S,2023-02-28T04:24:10Z,True,https://i.ytimg.com/vi/hGTaSrspAbU/hqdefault.jpg,https://www.youtube.com/watch?v=hGTaSrspAbU
_XsN1AqCZHY,I Gave MrBeast $10 Million,28058673,1787627,4852,PT56S,2023-02-28T04:09:51Z,False,https://i.ytimg.com/vi/_XsN1AqCZHY/hqdefault.jpg,https://www.youtube.com/watch?v=_XsN1AqCZHY
4fk7Jx27YEg,CHECKING OUT @QTCinderella'S TIKTOK,316008,8653,146,PT2H18M12S,2023-02-27T04:13:50Z,True,https://i.ytimg.com/vi/4fk7Jx27YEg/hqdefault.jpg,https://www.youtube.com/watch?v=4fk7Jx27YEg
vuLMTU8QHAU,CUTE ANIMALS + ANIMAL FOOD TIER LIST FT. @mayahiga @AlveusSanctuary ​,1014527,26857,446,PT2H50M34S,2023-02-26T00:46:12Z,True,https://i.ytimg.com/vi/vuLMTU8QHAU/hqdefault.jpg,https://www.youtube.com/watch?v=vuLMTU8QHAU
w-V42HfHfjo,"NEW FODDIAN GAME HARDER THAN JUMP KING (YEAH, ITS GAMEING TIME) WITH @stanz",341969,7323,84,PT5H30M52S,2023-02-25T07:32:31Z,True,https://i.ytimg.com/vi/w-V42HfHfjo/hqdefault.jpg,https://www.youtube.com/watch?v=w-V42HfHfjo
d92jLdlkXQU,Creepy Guy Goes For a Kiss on Dating Show,3009825,117428,2368,PT14M30S,2023-02-25T01:27:59Z,False,https://i.ytimg.com/vi/d92jLdlkXQU/hqdefault.jpg,https://www.youtube.com/watch?v=d92jLdlkXQU
57hf0TY8tA4,DRIVING ACROSS THE COUNTRY DRUNK (ai suggested this) ((dont try this at home)) THEN DRUNK CHESS!!!,537003,13087,196,PT5H2M50S,2023-02-24T07:36:10Z,True,https://i.ytimg.com/vi/57hf0TY8tA4/hqdefault.jpg,https://www.youtube.com/watch?v=57hf0TY8tA4
RDAROhyCnSc,I Challenged Japan's Best Competitive Eater. It Didn't Go Well...,2066261,93839,1552,PT12M41S,2023-02-24T07:03:56Z,False,https://i.ytimg.com/vi/RDAROhyCnSc/hqdefault.jpg,https://www.youtube.com/watch?v=RDAROhyCnSc
DbIIu5Va7nw,IF I LAUGH THE STREAM ENDS IF I DONT I DELETE MY SUBREDDIT,255860,6672,94,PT2H28M21S,2023-02-23T06:15:33Z,True,https://i.ytimg.com/vi/DbIIu5Va7nw/hqdefault.jpg,https://www.youtube.com/watch?v=DbIIu5Va7nw
1S9rSppdnmo,Doing Whatever Stream Tells Me To Do... Again.,1722725,62915,24759,PT29M44S,2023-02-22T07:38:25Z,False,https://i.ytimg.com/vi/1S9rSppdnmo/hqdefault.jpg,https://www.youtube.com/watch?v=1S9rSppdnmo
dMeskJKnHi8,BRO VS BRO YOUTUBE VS TWITCH EDITION FT. @Valkyrae @fuslie @kkataminaYT @shxtou @Natsumiii,318724,7043,90,PT4H57M10S,2023-02-22T06:34:29Z,True,https://i.ytimg.com/vi/dMeskJKnHi8/hqdefault.jpg,https://www.youtube.com/watch?v=dMeskJKnHi8
NzbnDGGAeO4,Huge Pokemon Scam,7689879,423232,552,PT44S,2023-02-21T08:59:28Z,False,https://i.ytimg.com/vi/NzbnDGGAeO4/hqdefault.jpg,https://www.youtube.com/watch?v=NzbnDGGAeO4
cCD5T4vQakE,LETTING AI DO MY STREAMER AWARD VOTING,249339,6105,62,PT4H48M1S,2023-02-21T06:44:58Z,True,https://i.ytimg.com/vi/cCD5T4vQakE/hqdefault.jpg,https://www.youtube.com/watch?v=cCD5T4vQakE
fTZKKbOOZw4,LINK ME YOUR BEST YOUTUBE VIDEO,414651,10139,156,PT3H5M42S,2023-02-19T07:24:38Z,True,https://i.ytimg.com/vi/fTZKKbOOZw4/hqdefault.jpg,https://www.youtube.com/watch?v=fTZKKbOOZw4
7E-ldGL2zL0,The Most Expensive Strawberry in the World,8385905,726666,4454,PT53S,2023-02-19T04:02:33Z,False,https://i.ytimg.com/vi/7E-ldGL2zL0/hqdefault.jpg,https://www.youtube.com/watch?v=7E-ldGL2zL0
S-MA-VXsz1Q,Why I Went to Japan,750829,35468,641,PT16M38S,2023-02-18T06:21:25Z,False,https://i.ytimg.com/vi/S-MA-VXsz1Q/hqdefault.jpg,https://www.youtube.com/watch?v=S-MA-VXsz1Q
rA94VKOcleM,COOKING STEAK WITH A TOASTER,241892,6805,189,PT1H37M55S,2023-02-18T02:41:10Z,True,https://i.ytimg.com/vi/rA94VKOcleM/hqdefault.jpg,https://www.youtube.com/watch?v=rA94VKOcleM
IVAZMpFwikg,LETTING CHAT CONTROL MY STREAM UNTIL MIDNIGHT,263542,7472,413,PT5H32S,2023-02-17T08:06:21Z,True,https://i.ytimg.com/vi/IVAZMpFwikg/hqdefault.jpg,https://www.youtube.com/watch?v=IVAZMpFwikg
qEYSHTQO_NY,Americans Try EVERYTHING from Japanese McDonalds,1476885,47910,1105,PT19M13S,2023-02-17T07:39:44Z,False,https://i.ytimg.com/vi/qEYSHTQO_NY/hqdefault.jpg,https://www.youtube.com/watch?v=qEYSHTQO_NY
w7LexETQuDk,BACK IN AMERICA! LONG STREAM LOTS TO TALK ABOUT,433957,8567,121,PT6H58M48S,2023-02-16T08:20:22Z,True,https://i.ytimg.com/vi/w7LexETQuDk/hqdefault.jpg,https://www.youtube.com/watch?v=w7LexETQuDk
WNMQsPEl61s,I Flew to Japan And Lied to My Girlfriend,6476110,450218,1084,PT50S,2023-02-16T08:00:52Z,False,https://i.ytimg.com/vi/WNMQsPEl61s/hqdefault.jpg,https://www.youtube.com/watch?v=WNMQsPEl61s
qj_46jd6pfQ,I Attempted the Hardest Gaming Challenge in the World,662921,36787,639,PT11M8S,2023-02-15T01:29:25Z,False,https://i.ytimg.com/vi/qj_46jd6pfQ/hqdefault.jpg,https://www.youtube.com/watch?v=qj_46jd6pfQ
sNsSnwg2loE,He Fumbled the Bag,1623418,71780,1256,PT16M51S,2023-02-12T14:39:52Z,False,https://i.ytimg.com/vi/sNsSnwg2loE/hqdefault.jpg,https://www.youtube.com/watch?v=sNsSnwg2loE
DwG2Morom38,STORY TIME (IN JAPAN)! VALORANT (IN JAPAN)! CHESS (IN JAPAN) !Spotify #SpotifyPartner,227914,5346,99,PT3H3M10S,2023-02-12T03:15:15Z,True,https://i.ytimg.com/vi/DwG2Morom38/hqdefault.jpg,https://www.youtube.com/watch?v=DwG2Morom38
19iuE4jIN5k,RANKING EVERYTHING FROM JAPANESE MCDONALDS,549786,14397,356,PT1H35M,2023-02-06T03:19:38Z,True,https://i.ytimg.com/vi/19iuE4jIN5k/hqdefault.jpg,https://www.youtube.com/watch?v=19iuE4jIN5k
oxH5fFEx_os,This British YouTuber Roasted Me. So I proved him wrong.,2438399,60895,563,PT32M4S,2023-02-05T06:11:24Z,False,https://i.ytimg.com/vi/oxH5fFEx_os/hqdefault.jpg,https://www.youtube.com/watch?v=oxH5fFEx_os
7vAVEZN7vRY,PLAYING CHESS (IN JAPANESE),377462,8109,103,PT3H29M18S,2023-02-05T05:30:43Z,True,https://i.ytimg.com/vi/7vAVEZN7vRY/hqdefault.jpg,https://www.youtube.com/watch?v=7vAVEZN7vRY
f9791J1b7zI,"FIRST STREAM IN JAPAN  !HarleyQuinn, Harley Quinn & The Joker: Sound Mind #ad",312013,9738,149,PT2H8M59S,2023-02-04T08:40:06Z,True,https://i.ytimg.com/vi/f9791J1b7zI/hqdefault.jpg,https://www.youtube.com/watch?v=f9791J1b7zI
rfb6vEoP-e8,I Embarrassed The Best Valorant Player in the World,1022793,39331,607,PT16M27S,2023-02-04T08:12:59Z,False,https://i.ytimg.com/vi/rfb6vEoP-e8/hqdefault.jpg,https://www.youtube.com/watch?v=rfb6vEoP-e8
lTn-offpavg,HOW MANY TIMES CAN A PRO MINECRAFT SPEEDRUNNER BEAT THE GAME BEFORE WE DO?,433616,8899,240,PT4H29M5S,2023-01-30T07:45:24Z,True,https://i.ytimg.com/vi/lTn-offpavg/hqdefault.jpg,https://www.youtube.com/watch?v=lTn-offpavg
lgo0p4ubpM4,🔴POKEMON MASTER WATCHES NEW MRBEAST VIDEO | TIK TOK TIME | PERHAPS SOME GAMING?,251898,5324,71,PT4H30M52S,2023-01-29T09:08:43Z,True,https://i.ytimg.com/vi/lgo0p4ubpM4/hqdefault.jpg,https://www.youtube.com/watch?v=lgo0p4ubpM4
CmxNicHnpfc,"I destroyed 10,000 people in chess",9440919,721290,2571,PT56S,2023-01-28T17:53:29Z,False,https://i.ytimg.com/vi/CmxNicHnpfc/hqdefault.jpg,https://www.youtube.com/watch?v=CmxNicHnpfc
Es_nV1db2v0,🔴MOIST ESPORTS OWNER💦IM IN A VIDEO GAME💦CHESS VS CHAT💦,290304,6265,102,PT4H30M50S,2023-01-27T07:21:43Z,True,https://i.ytimg.com/vi/Es_nV1db2v0/hqdefault.jpg,https://www.youtube.com/watch?v=Es_nV1db2v0
t9WquqHgu_M,🎉 4 MILLION SUBS CELEBRATION 🎉 HOW MANY GAMES CAN I BEAT IN ONE HOUR? 🎮,362244,11283,119,PT4H27M11S,2023-01-24T02:54:55Z,True,https://i.ytimg.com/vi/t9WquqHgu_M/hqdefault.jpg,https://www.youtube.com/watch?v=t9WquqHgu_M
-gKvF2xm9dQ,"GOD 🛐 GAMER 🎮 GAUNTLET 🥊 2.0  🤯- SAP 🎰, CHESS ♟️, MELEE 👊, VALORANT 🚭",288826,6262,52,PT5H58M38S,2023-01-23T09:50:57Z,True,https://i.ytimg.com/vi/-gKvF2xm9dQ/hqdefault.jpg,https://www.youtube.com/watch?v=-gKvF2xm9dQ
q24YkD0MYNs,MOGUL MOVES SMASH TOURNAMENT | MOST IMPORTANT TOURNEY OF THE YEAR!! CANNOT MISS!!!,1539513,9959,114,PT3H58M22S,2023-01-22T03:36:47Z,True,https://i.ytimg.com/vi/q24YkD0MYNs/hqdefault.jpg,https://www.youtube.com/watch?v=q24YkD0MYNs
YmwvVDPl8Zg,1V1 AGAINST @tarik BUT HE HAS THE WORST GUN IN THE GAME,860454,7782,101,PT3H52M38S,2023-01-21T06:58:32Z,True,https://i.ytimg.com/vi/YmwvVDPl8Zg/hqdefault.jpg,https://www.youtube.com/watch?v=YmwvVDPl8Zg
-qtaEDathsA,I beat a Valorant pro without playing the game,9077228,679255,895,PT48S,2023-01-20T00:19:37Z,False,https://i.ytimg.com/vi/-qtaEDathsA/hqdefault.jpg,https://www.youtube.com/watch?v=-qtaEDathsA
JEouxrXKJD4,I Hired a Chess Master to Secretly Destroy My Friends,9075827,254582,3634,PT17M42S,2023-01-19T08:43:18Z,False,https://i.ytimg.com/vi/JEouxrXKJD4/hqdefault.jpg,https://www.youtube.com/watch?v=JEouxrXKJD4
fMxGhJWbhLY,REACTING TO LOGAN PAUL'S APOLOGY AND TIKTOKS THEN CHESS AND THEN SAP,348065,7683,122,PT3H21M8S,2023-01-19T05:37:40Z,True,https://i.ytimg.com/vi/fMxGhJWbhLY/hqdefault.jpg,https://www.youtube.com/watch?v=fMxGhJWbhLY
kwgowGBuxkQ,BRO VS BRO AGAINST @CDawgVA,604275,9726,101,PT3H30M55S,2023-01-18T08:50:29Z,True,https://i.ytimg.com/vi/kwgowGBuxkQ/hqdefault.jpg,https://www.youtube.com/watch?v=kwgowGBuxkQ
cKZngquwcEw,This Dating Show Got So Awkward They Stopped Talking,1644296,78780,1660,PT11M26S,2023-01-17T06:56:59Z,False,https://i.ytimg.com/vi/cKZngquwcEw/hqdefault.jpg,https://www.youtube.com/watch?v=cKZngquwcEw
zYY1c5St5yg,Can You Make Money With Pokemon Cards?,2778455,203239,1761,PT55S,2023-01-17T03:13:56Z,False,https://i.ytimg.com/vi/zYY1c5St5yg/hqdefault.jpg,https://www.youtube.com/watch?v=zYY1c5St5yg
RQ9d53oTJsM,FIRST VALORANT LAN OF THE YEAR | Ludwig x Tarik Invitational (DAY TWO),748402,15436,119,PT9H40M30S,2023-01-16T05:04:44Z,True,https://i.ytimg.com/vi/RQ9d53oTJsM/hqdefault.jpg,https://www.youtube.com/watch?v=RQ9d53oTJsM
n5RPosmuJ2Q,Do Pro Gamers Have Good Aim in Real Life?,3648648,158614,2828,PT11M39S,2023-01-16T03:14:52Z,False,https://i.ytimg.com/vi/n5RPosmuJ2Q/hqdefault.jpg,https://www.youtube.com/watch?v=n5RPosmuJ2Q
IGOBL4VQvJM,FIRST VALORANT LAN OF THE YEAR | Ludwig x Tarik Invitational (DAY ONE),765896,15211,103,PT9H43M16S,2023-01-15T04:43:58Z,True,https://i.ytimg.com/vi/IGOBL4VQvJM/hqdefault.jpg,https://www.youtube.com/watch?v=IGOBL4VQvJM
4rj5-fBHPN8,VICE ANDREW TATE DOC (GRAPHIC STUFF BE WARNED),484547,10598,597,PT4H6M52S,2023-01-14T06:50:56Z,True,https://i.ytimg.com/vi/4rj5-fBHPN8/hqdefault.jpg,https://www.youtube.com/watch?v=4rj5-fBHPN8
SK8f8udQjWE,I Survived 50 Hours Trapped Inside a Box,1596075,74867,1128,PT14M29S,2023-01-13T05:04:58Z,False,https://i.ytimg.com/vi/SK8f8udQjWE/hqdefault.jpg,https://www.youtube.com/watch?v=SK8f8udQjWE
12nja7pnb_o,DIAMOND 💎 GAMEPLAY 🎮 COME 😩 AND WATCH 👀,413424,7708,167,PT6H17M1S,2023-01-12T07:57:05Z,True,https://i.ytimg.com/vi/12nja7pnb_o/hqdefault.jpg,https://www.youtube.com/watch?v=12nja7pnb_o
oGdddULu1ek,I Made a Viral Video Game,8052802,628125,2962,PT55S,2023-01-11T20:08:34Z,False,https://i.ytimg.com/vi/oGdddULu1ek/hqdefault.jpg,https://www.youtube.com/watch?v=oGdddULu1ek
baWPU2JuhPw,I FOUND MY POKEMON CARDS... HUGE DRAMA!! HOLLOW KNIGHT OR BALD... HAHHAHA WE'LL SEE!!,357855,7283,101,PT4H56M46S,2023-01-11T08:01:24Z,True,https://i.ytimg.com/vi/baWPU2JuhPw/hqdefault.jpg,https://www.youtube.com/watch?v=baWPU2JuhPw
GznmPkQKuwE,He Rejects Everyone Who Doesn't Like Marvel,3484956,132815,3945,PT15M13S,2023-01-10T02:54:45Z,False,https://i.ytimg.com/vi/GznmPkQKuwE/hqdefault.jpg,https://www.youtube.com/watch?v=GznmPkQKuwE
EOQuD0RNYzg,HUGE LOGAN PAUL APOLOGIZES DRAMA WOW,483901,10380,158,PT3H1M24S,2023-01-09T00:51:47Z,True,https://i.ytimg.com/vi/EOQuD0RNYzg/hqdefault.jpg,https://www.youtube.com/watch?v=EOQuD0RNYzg
mMegn-0t5wE,Am I Smarter Than These Streamers?,828797,35176,733,PT14M49S,2023-01-09T00:23:08Z,False,https://i.ytimg.com/vi/mMegn-0t5wE/hqdefault.jpg,https://www.youtube.com/watch?v=mMegn-0t5wE
KvR0o_33PFE,UPDATE TO LOGAN PAUL DRAMA | PAY THE MODS FRIDAY??? IDK!!!,425712,10296,391,PT2H1M18S,2023-01-07T00:01:09Z,True,https://i.ytimg.com/vi/KvR0o_33PFE/hqdefault.jpg,https://www.youtube.com/watch?v=KvR0o_33PFE
QV-ulOP9WcU,LATE NIGHT 🌃 GRIND 😤 TO DIAMOND 💎 10 RR AWAY 👀 GET IN HERE QUICK 🏃💨 YOU WERE HERE 🈁,391097,8072,54,PT6H9M31S,2023-01-06T10:16:58Z,True,https://i.ytimg.com/vi/QV-ulOP9WcU/hqdefault.jpg,https://www.youtube.com/watch?v=QV-ulOP9WcU
mzEZVWR3D0Q,I DID A THING !! COME WATCH !!,549363,14537,112,PT7H24M7S,2023-01-05T10:04:18Z,True,https://i.ytimg.com/vi/mzEZVWR3D0Q/hqdefault.jpg,https://www.youtube.com/watch?v=mzEZVWR3D0Q
AUGbuumiiAs,Huge Tom Brady Drama,670118,37569,2493,PT8M22S,2023-01-05T09:26:11Z,False,https://i.ytimg.com/vi/AUGbuumiiAs/hqdefault.jpg,https://www.youtube.com/watch?v=AUGbuumiiAs
T_lTlb_Jouo,BEST OF LUDWIG,1027622,41873,577,PT30M11S,2023-01-04T08:53:23Z,False,https://i.ytimg.com/vi/T_lTlb_Jouo/hqdefault.jpg,https://www.youtube.com/watch?v=T_lTlb_Jouo
aQcikL8sw7Q,HUGE UPDATE TO LOGAN PAUL DRAMA || IM BACK HOME!! | VALO WITH SLIME TN :),316105,9242,69,PT4H11M52S,2023-01-04T08:33:15Z,True,https://i.ytimg.com/vi/aQcikL8sw7Q/hqdefault.jpg,https://www.youtube.com/watch?v=aQcikL8sw7Q
8bwky5RgrCM,hello again.,464657,10440,123,PT3H5M45S,2023-01-02T06:23:16Z,True,https://i.ytimg.com/vi/8bwky5RgrCM/hqdefault.jpg,https://www.youtube.com/watch?v=8bwky5RgrCM
WMF8QpNhqRg,2022 AWARD SHOW | LAST STREAM OF THE YEAR CANNOT MISS EXPERIENCE,320444,7760,86,PT2H31M49S,2023-01-01T04:09:40Z,True,https://i.ytimg.com/vi/WMF8QpNhqRg/hqdefault.jpg,https://www.youtube.com/watch?v=WMF8QpNhqRg
m_GJAbEOO38,I Speedrun Tik Tok,1482147,65296,1381,PT12M20S,2022-12-31T08:29:39Z,False,https://i.ytimg.com/vi/m_GJAbEOO38/hqdefault.jpg,https://www.youtube.com/watch?v=m_GJAbEOO38
oMH_pAi1naQ,WHO IS THE SMARTEST STREAMER,396372,7690,97,PT5H14M34S,2022-12-29T06:59:30Z,True,https://i.ytimg.com/vi/oMH_pAi1naQ/hqdefault.jpg,https://www.youtube.com/watch?v=oMH_pAi1naQ
XBKUli33iCI,SPEEDRUNNING TIK TOK,264795,6673,75,PT2H30M30S,2022-12-28T07:46:38Z,True,https://i.ytimg.com/vi/XBKUli33iCI/hqdefault.jpg,https://www.youtube.com/watch?v=XBKUli33iCI
apnSJuXP2jQ,I Forced YouTubers to Compete in a Yu-Gi-Oh! Tournament!,3346917,100699,2764,PT31M24S,2022-12-27T07:02:18Z,False,https://i.ytimg.com/vi/apnSJuXP2jQ/hqdefault.jpg,https://www.youtube.com/watch?v=apnSJuXP2jQ
MOMhNpGsVm0,🎄MERRY CHRISTMAS🎄MRBEAST VIDEO🎄LOGAN PAUL IS A SCAMMER🎄NEW JETLAG🎄START HOLLOW KNIGHT?🎄,357352,9146,99,PT4H8M1S,2022-12-27T06:37:06Z,True,https://i.ytimg.com/vi/MOMhNpGsVm0/hqdefault.jpg,https://www.youtube.com/watch?v=MOMhNpGsVm0
SPbirjY6Hp0,I Challenged a Michelin Star Chef to a Cooking Competition,3265013,136987,1922,PT27M11S,2022-12-25T02:27:34Z,False,https://i.ytimg.com/vi/SPbirjY6Hp0/hqdefault.jpg,https://www.youtube.com/watch?v=SPbirjY6Hp0
NMftaDjdc8s,IMPOSSIBLE YOU LAUGH YOU LOSE CHALLENGE,1224486,48974,739,PT10M55S,2022-12-23T08:00:02Z,False,https://i.ytimg.com/vi/NMftaDjdc8s/hqdefault.jpg,https://www.youtube.com/watch?v=NMftaDjdc8s
kk79vZUQFRY,One Piece Explained in 60 Seconds,1432333,77730,1188,PT1M,2022-12-22T22:58:45Z,False,https://i.ytimg.com/vi/kk79vZUQFRY/hqdefault.jpg,https://www.youtube.com/watch?v=kk79vZUQFRY
FjuhE1LsK20,I Discovered the Weirdest Hobbies,1291459,49136,1160,PT14M30S,2022-12-22T09:17:43Z,False,https://i.ytimg.com/vi/FjuhE1LsK20/hqdefault.jpg,https://www.youtube.com/watch?v=FjuhE1LsK20
k9Sx0d_EEJo,IF I LAUGH CHAT WINS $100 | NEW JET LAG,2258908,18720,232,PT3H54M9S,2022-12-22T06:55:54Z,True,https://i.ytimg.com/vi/k9Sx0d_EEJo/hqdefault.jpg,https://www.youtube.com/watch?v=k9Sx0d_EEJo
JY-Laae0w5o,What You Didn't Know About My Chessboxing Event,1871810,69673,1559,PT36M25S,2022-12-21T08:37:47Z,False,https://i.ytimg.com/vi/JY-Laae0w5o/hqdefault.jpg,https://www.youtube.com/watch?v=JY-Laae0w5o
8MiPRXhonLo,LAST STREAM OF THE YEAR,271160,8059,68,PT5H15M55S,2022-12-21T08:35:59Z,True,https://i.ytimg.com/vi/8MiPRXhonLo/hqdefault.jpg,https://www.youtube.com/watch?v=8MiPRXhonLo
0xNuMYABXkA,SCUFFED WORLD TOUR (MELEE),692802,14609,308,PT10H29M5S,2022-12-19T06:47:54Z,True,https://i.ytimg.com/vi/0xNuMYABXkA/hqdefault.jpg,https://www.youtube.com/watch?v=0xNuMYABXkA
AFGCVWsyGX4,SCUFFED WORLD TOUR (ULTIMATE),637698,12589,425,PT9H19M22S,2022-12-19T05:39:05Z,True,https://i.ytimg.com/vi/AFGCVWsyGX4/hqdefault.jpg,https://www.youtube.com/watch?v=AFGCVWsyGX4
Jugu18EfzKU,This dating show was so bad she quit,2542583,104442,2183,PT20M12S,2022-12-18T07:39:04Z,False,https://i.ytimg.com/vi/Jugu18EfzKU/hqdefault.jpg,https://www.youtube.com/watch?v=Jugu18EfzKU
qtjaAhh7qxM,NO ANIME!! INSTEAD WE WATCH THE NEW EPISODE OF JETLAGGED,254620,5738,82,PT1H58M6S,2022-12-17T23:18:44Z,True,https://i.ytimg.com/vi/qtjaAhh7qxM/hqdefault.jpg,https://www.youtube.com/watch?v=qtjaAhh7qxM
lVOcqVf2EBI,THE FAMOUS BUTTON REACTOR RETURNS!,430321,10575,194,PT3H10M18S,2022-12-17T02:23:00Z,True,https://i.ytimg.com/vi/lVOcqVf2EBI/hqdefault.jpg,https://www.youtube.com/watch?v=lVOcqVf2EBI
LRutRIY5190,EVERYTHING THAT HAPPENED AT CHESSBOXING REVEALED,517585,12856,193,PT3H37M31S,2022-12-16T03:05:06Z,True,https://i.ytimg.com/vi/LRutRIY5190/hqdefault.jpg,https://www.youtube.com/watch?v=LRutRIY5190
zZIWfoJx-70,Who is a better sushi chef? Ludwig Versus @CDawgVA ft. Michelin Star Chef,698438,26748,535,PT2H35M43S,2022-12-15T02:42:00Z,True,https://i.ytimg.com/vi/zZIWfoJx-70/hqdefault.jpg,https://www.youtube.com/watch?v=zZIWfoJx-70
j3AEKvsaYBE,Pointcrow vs DisguisedToast - Mogul Chessboxing Main Event,3713072,74658,2235,PT27M25S,2022-12-12T18:39:08Z,False,https://i.ytimg.com/vi/j3AEKvsaYBE/hqdefault.jpg,https://www.youtube.com/watch?v=j3AEKvsaYBE
7hEsX0D-Pa8,Ludwig vs. CDawgVA in Slap Fighting,2571577,81644,1652,PT20M38S,2022-12-12T09:11:38Z,False,https://i.ytimg.com/vi/7hEsX0D-Pa8/hqdefault.jpg,https://www.youtube.com/watch?v=7hEsX0D-Pa8
tg9CH4KlKMc,MOGUL CHESSBOXING CHAMPIONSHIP PRESENTED BY FANSLY | !FANSLY #FANSLYPARTNER,3968739,154317,3011,PT5H10M28S,2022-12-12T06:05:29Z,True,https://i.ytimg.com/vi/tg9CH4KlKMc/hqdefault.jpg,https://www.youtube.com/watch?v=tg9CH4KlKMc
uXeIabfxQ5Q,Chessboxing but neither person knows how to play chess,1227821,33428,1995,PT32M12S,2022-12-12T05:08:18Z,False,https://i.ytimg.com/vi/uXeIabfxQ5Q/hqdefault.jpg,https://www.youtube.com/watch?v=uXeIabfxQ5Q
pHLcyYsfxB4,Andrea Botez vs WGM Dina Belenkaya - Mogul Chessboxing,3758885,67660,6283,PT34M1S,2022-12-12T04:47:46Z,False,https://i.ytimg.com/vi/pHLcyYsfxB4/hqdefault.jpg,https://www.youtube.com/watch?v=pHLcyYsfxB4
OqWmV6H0uTA,Fastest Chessboxing Knockout Ever,963877,20609,755,PT13M31S,2022-12-12T04:31:25Z,False,https://i.ytimg.com/vi/OqWmV6H0uTA/hqdefault.jpg,https://www.youtube.com/watch?v=OqWmV6H0uTA
V3Eb2BXpL60,Highest Elo Rated Chessboxing Match of All Time,695688,13413,1492,PT13M4S,2022-12-12T04:12:52Z,False,https://i.ytimg.com/vi/V3Eb2BXpL60/hqdefault.jpg,https://www.youtube.com/watch?v=V3Eb2BXpL60
mXprq6Xt25o,Chessboxing Match Goes to the Final Round,491571,16220,811,PT36M23S,2022-12-12T02:54:43Z,False,https://i.ytimg.com/vi/mXprq6Xt25o/hqdefault.jpg,https://www.youtube.com/watch?v=mXprq6Xt25o
5OnueoIauFY,BoxBox vs Stanz - Mogul Chessboxing,519805,13260,453,PT15M16S,2022-12-12T02:03:57Z,False,https://i.ytimg.com/vi/5OnueoIauFY/hqdefault.jpg,https://www.youtube.com/watch?v=5OnueoIauFY
JDJDD4yaPW8,Greatest Smashboxing Match Ever,251802,8553,349,PT25M35S,2022-12-12T01:45:19Z,False,https://i.ytimg.com/vi/JDJDD4yaPW8/hqdefault.jpg,https://www.youtube.com/watch?v=JDJDD4yaPW8
K-n50WAFCI4,The first ever Smashboxing Championship,316066,11305,433,PT19M58S,2022-12-12T01:20:45Z,False,https://i.ytimg.com/vi/K-n50WAFCI4/hqdefault.jpg,https://www.youtube.com/watch?v=K-n50WAFCI4
ZlGp5s7ZBJo,Who Is the Strongest YouTuber in the World?,5630057,321040,3927,PT59S,2022-12-11T20:41:56Z,False,https://i.ytimg.com/vi/ZlGp5s7ZBJo/hqdefault.jpg,https://www.youtube.com/watch?v=ZlGp5s7ZBJo
rfTPrhPFw9U,My Craziest Idea,870475,37293,1018,PT26M8S,2022-12-11T06:12:45Z,False,https://i.ytimg.com/vi/rfTPrhPFw9U/hqdefault.jpg,https://www.youtube.com/watch?v=rfTPrhPFw9U
e-6n77D-HOo,MOGUL CHESSBOXING OFFICIAL WEIGH IN PRESENTED BY FANSLY | !FANSLY #FANSLYPARTNER,587418,19432,653,PT47M37S,2022-12-10T21:54:29Z,True,https://i.ytimg.com/vi/e-6n77D-HOo/hqdefault.jpg,https://www.youtube.com/watch?v=e-6n77D-HOo
kq_kA9QCWRE,CONTENT CREATOR OF THE YEAR,383648,11074,101,PT2H43M40S,2022-12-09T07:26:01Z,True,https://i.ytimg.com/vi/kq_kA9QCWRE/hqdefault.jpg,https://www.youtube.com/watch?v=kq_kA9QCWRE
eLGMkW16x00,IF I LAUGH I GIVE CHAT MONEY | GAME AWARDS CONTENT CREATOR OF THE YEAR?? NO SHOT,217870,5445,81,PT1H23M14S,2022-12-08T23:16:46Z,True,https://i.ytimg.com/vi/eLGMkW16x00/hqdefault.jpg,https://www.youtube.com/watch?v=eLGMkW16x00
oIpeH08C_AY,Was Switching to YouTube a Mistake?,1065930,56022,1647,PT19M25S,2022-12-08T23:09:27Z,False,https://i.ytimg.com/vi/oIpeH08C_AY/hqdefault.jpg,https://www.youtube.com/watch?v=oIpeH08C_AY
q2BwDsl-Fs8,My Last Day on YouTube,457653,12640,91,PT4H31M16S,2022-12-08T05:55:22Z,True,https://i.ytimg.com/vi/q2BwDsl-Fs8/hqdefault.jpg,https://www.youtube.com/watch?v=q2BwDsl-Fs8
RoORfDkBhJU,Someone Found My Liked Tik Toks. They're Unhinged.,1492191,61249,670,PT13M39S,2022-12-08T05:27:58Z,False,https://i.ytimg.com/vi/RoORfDkBhJU/hqdefault.jpg,https://www.youtube.com/watch?v=RoORfDkBhJU
10FxcDnFXJk,FINISHING THE TATTOO,202010,5215,182,PT7M26S,2022-12-07T00:53:03Z,True,https://i.ytimg.com/vi/10FxcDnFXJk/hqdefault.jpg,https://www.youtube.com/watch?v=10FxcDnFXJk
Hj7ol7elcDs,"GETTING TWITCH TATTOO PLEASE DONT SUE ME, SUSAN",260267,6448,198,PT1H6M11S,2022-12-07T00:25:54Z,True,https://i.ytimg.com/vi/Hj7ol7elcDs/hqdefault.jpg,https://www.youtube.com/watch?v=Hj7ol7elcDs
clWRo3Bdw4Y,"GETTING TWITCH TATTOO PLEASE DONT SUE ME, SUSAN",94230,3033,319,PT1M37S,2022-12-06T22:59:09Z,True,https://i.ytimg.com/vi/clWRo3Bdw4Y/hqdefault.jpg,https://www.youtube.com/watch?v=clWRo3Bdw4Y
h2xj9AEi7Qk,variety streamer of the year commentates lil bro cup,235679,5226,111,PT1H1M39S,2022-12-05T04:57:50Z,True,https://i.ytimg.com/vi/h2xj9AEi7Qk/hqdefault.jpg,https://www.youtube.com/watch?v=h2xj9AEi7Qk
Sp-IaHede7g,I Scammed the Government,1557364,77428,1721,PT21M15S,2022-12-05T04:46:34Z,False,https://i.ytimg.com/vi/Sp-IaHede7g/hqdefault.jpg,https://www.youtube.com/watch?v=Sp-IaHede7g
mi9nYzyXpgA,"HUGE YUGIOH TOURNEY FT. @penguinz0, @fuslie, @Sykkuno, @LilyPichu, @Blau, @DisguisedToast, @Th3Vale",679164,13781,647,PT6H12M33S,2022-12-04T06:43:05Z,True,https://i.ytimg.com/vi/mi9nYzyXpgA/hqdefault.jpg,https://www.youtube.com/watch?v=mi9nYzyXpgA
409UMEHlxsE,🏴‍☠️HUGE DAY🏴‍☠️ WINNING MCC NOW🏴‍☠️ YUGIOH AT 4 PM PT🏴‍☠️LIKE MY MERCH? I BET YOU DO!,317668,5410,50,PT3H17M27S,2022-12-03T23:36:49Z,True,https://i.ytimg.com/vi/409UMEHlxsE/hqdefault.jpg,https://www.youtube.com/watch?v=409UMEHlxsE
9bglIrocZ5M,The Liver King Drama is Wild,720078,29388,928,PT16M58S,2022-12-03T02:50:29Z,False,https://i.ytimg.com/vi/9bglIrocZ5M/hqdefault.jpg,https://www.youtube.com/watch?v=9bglIrocZ5M
Mh01qJ4wqb0,NUCLEAR ANNOUNCEMENT,652496,9678,105,PT3H52M51S,2022-12-02T04:17:56Z,True,https://i.ytimg.com/vi/Mh01qJ4wqb0/hqdefault.jpg,https://www.youtube.com/watch?v=Mh01qJ4wqb0
PM1fmdk34Xc,My Last Year on YouTube.,454995,15747,348,PT2H22M47S,2022-12-01T06:24:23Z,True,https://i.ytimg.com/vi/PM1fmdk34Xc/hqdefault.jpg,https://www.youtube.com/watch?v=PM1fmdk34Xc
Xidx3Oy0Mww,She Was So Mean the Producers Kicked Her Off the Show,5250815,204224,4213,PT13M21S,2022-12-01T06:18:34Z,False,https://i.ytimg.com/vi/Xidx3Oy0Mww/hqdefault.jpg,https://www.youtube.com/watch?v=Xidx3Oy0Mww
92uWXqRJcv0,🎅IM BACK🎅MANDATORY WATCHING EXPERIENCE🎅 #multiversuspartner,369365,8287,58,PT3H39M5S,2022-11-30T04:41:22Z,True,https://i.ytimg.com/vi/92uWXqRJcv0/hqdefault.jpg,https://www.youtube.com/watch?v=92uWXqRJcv0
qEOZW2mt_Mw,I Streamed Until I Beat God of War. It was a mistake.,3150482,68595,962,PT1H5M7S,2022-11-30T04:21:49Z,False,https://i.ytimg.com/vi/qEOZW2mt_Mw/hqdefault.jpg,https://www.youtube.com/watch?v=qEOZW2mt_Mw
BvwRs632UT8,Spending 24 Hours on a Private Island with MrBeast,3767132,180656,3839,PT18M33S,2022-11-27T06:21:15Z,False,https://i.ytimg.com/vi/BvwRs632UT8/hqdefault.jpg,https://www.youtube.com/watch?v=BvwRs632UT8
24usyilBvJ4,How I Beat the Hardest Game Ever Made (Pogostuck 4),1241568,47476,1108,PT27M28S,2022-11-24T22:59:49Z,False,https://i.ytimg.com/vi/24usyilBvJ4/hqdefault.jpg,https://www.youtube.com/watch?v=24usyilBvJ4
iutzmuvPjYY,"🚨THE END OF THE STREAM🚨50 HOURS TRAPPED IN A GLASS  BOX🚨$300,000 RAISED FOR CHARITY",952486,21339,305,PT7H58M48S,2022-11-20T23:55:52Z,True,https://i.ytimg.com/vi/iutzmuvPjYY/hqdefault.jpg,https://www.youtube.com/watch?v=iutzmuvPjYY
AUFpG0hak9A,🚨MEDIASHARE NIGHT🚨50 HOURS IN A GLASS BOX🚨CHARITY STREAM  @NoKidHungry @AlveusSanctuary  🚨!Donate,500194,8797,50,PT5H40M15S,2022-11-20T13:42:01Z,True,https://i.ytimg.com/vi/AUFpG0hak9A/hqdefault.jpg,https://www.youtube.com/watch?v=AUFpG0hak9A
cwoxqB_l21U,🚨LATE NIGHT GAMES🚨50 Hours IN A GLASS BOX🚨CHARITY STREAM @NoKidHungry @AlveusSanctuary🚨!Donate,695626,15562,66,PT8H2M4S,2022-11-20T03:43:25Z,True,https://i.ytimg.com/vi/cwoxqB_l21U/hqdefault.jpg,https://www.youtube.com/watch?v=cwoxqB_l21U
XYH6PUfuEDk,Surviving 50 Hours Trapped in a Glass Box 🚨 Subathon 2.0 🚨 !Donate,774157,17421,68,PT3H24M40S,2022-11-19T19:41:36Z,True,https://i.ytimg.com/vi/XYH6PUfuEDk/hqdefault.jpg,https://www.youtube.com/watch?v=XYH6PUfuEDk
cTSltEjugao,Surviving 50 Hours Trapped in a Glass Box 🚨 Subathon 2.0 🚨 !Donate,1372754,34758,146,PT11H3M42S,2022-11-19T09:11:11Z,True,https://i.ytimg.com/vi/cTSltEjugao/hqdefault.jpg,https://www.youtube.com/watch?v=cTSltEjugao
pMkRu3Ngfeg,Among Us VR is the Game of the Year,1450215,63203,569,PT13M4S,2022-11-16T04:04:36Z,False,https://i.ytimg.com/vi/pMkRu3Ngfeg/hqdefault.jpg,https://www.youtube.com/watch?v=pMkRu3Ngfeg
yQkQ7ZS3Eq0,🚨BEATING GOD OF WAR TONIGHT🚨2 HOURS LEFT🚨EVERY DEATH = $100🚨,552476,7270,113,PT3H42M37S,2022-11-14T07:10:09Z,True,https://i.ytimg.com/vi/yQkQ7ZS3Eq0/hqdefault.jpg,https://www.youtube.com/watch?v=yQkQ7ZS3Eq0
Yt2dxyQrjXs,Everything was going great until the blindfolds came off…,5507345,221843,5664,PT15M41S,2022-11-14T06:45:45Z,False,https://i.ytimg.com/vi/Yt2dxyQrjXs/hqdefault.jpg,https://www.youtube.com/watch?v=Yt2dxyQrjXs
_MJPDglhpkE,🚨LAST 12 HOURS🚨24 HOUR STREAM🚨GOD OF WAR 🚨EVERY DEATH I GIVE AWAY $100🚨,614136,11317,107,PT11H55M1S,2022-11-13T22:07:21Z,True,https://i.ytimg.com/vi/_MJPDglhpkE/hqdefault.jpg,https://www.youtube.com/watch?v=_MJPDglhpkE
EUtUUPbii0Y,🚨FIRST 12 HOURS🚨24 HOUR STREAM🚨GOD OF WAR 🚨EVERY DEATH I GIVE AWAY $100🚨,724386,13641,105,PT11H55M1S,2022-11-13T09:54:36Z,True,https://i.ytimg.com/vi/EUtUUPbii0Y/hqdefault.jpg,https://www.youtube.com/watch?v=EUtUUPbii0Y
KHcqCEjK0xY,"Riot Games Stole $50,000 From Me",2784823,100406,2456,PT22M49S,2022-11-12T05:38:32Z,False,https://i.ytimg.com/vi/KHcqCEjK0xY/hqdefault.jpg,https://www.youtube.com/watch?v=KHcqCEjK0xY
3WZCCFmzPl4,Ludwig Dominates VR Among Us,819702,20637,166,PT4H51M22S,2022-11-11T03:18:40Z,True,https://i.ytimg.com/vi/3WZCCFmzPl4/hqdefault.jpg,https://www.youtube.com/watch?v=3WZCCFmzPl4
wmNeExtkNXA,This YouTuber Made Fun Of Me. I Proved Her Wrong.,2867561,84705,1532,PT29M48S,2022-11-10T06:15:19Z,False,https://i.ytimg.com/vi/wmNeExtkNXA/hqdefault.jpg,https://www.youtube.com/watch?v=wmNeExtkNXA
s6yUFVh6DO4,THE LUDDY TOOK OVER THE INTERNET? GOD OF WAR TONIGHT? ONE OF THESE IS TRUE!!,447012,9969,113,PT5H8M15S,2022-11-08T07:48:13Z,True,https://i.ytimg.com/vi/s6yUFVh6DO4/hqdefault.jpg,https://www.youtube.com/watch?v=s6yUFVh6DO4
rrCGJNemYrA,💪IM BACK 💪 BIG ANNOUNCEMENT 💪BEATING POGOSTUCK OR GIFTING 1000 SUBS💪,401370,10317,151,PT5H27M43S,2022-11-07T09:44:51Z,True,https://i.ytimg.com/vi/rrCGJNemYrA/hqdefault.jpg,https://www.youtube.com/watch?v=rrCGJNemYrA
TCQoD3pEllY,I Challenged the Strongest Man in the World. It Didn't Go Well.,2437947,124267,3396,PT15M18S,2022-11-07T09:11:26Z,False,https://i.ytimg.com/vi/TCQoD3pEllY/hqdefault.jpg,https://www.youtube.com/watch?v=TCQoD3pEllY
NbTwFWfPzX0,This YouTube Leak Almost Ruined My Career,1965486,99255,2351,PT13M30S,2022-11-04T07:08:13Z,False,https://i.ytimg.com/vi/NbTwFWfPzX0/hqdefault.jpg,https://www.youtube.com/watch?v=NbTwFWfPzX0
dADsf_zv2uI,👽BRO VS BRO AGAINST @fuslie 👽,702745,15293,181,PT7H21M42S,2022-11-04T07:07:01Z,True,https://i.ytimg.com/vi/dADsf_zv2uI/hqdefault.jpg,https://www.youtube.com/watch?v=dADsf_zv2uI
oRvUubqwcss,Girl on Dating Show is So Picky She Ends Up Alone,4834327,182950,4231,PT15M45S,2022-11-01T06:35:54Z,False,https://i.ytimg.com/vi/oRvUubqwcss/hqdefault.jpg,https://www.youtube.com/watch?v=oRvUubqwcss
8yRS7VwkJIA,"How a Viewer Scammed Me Out of $10,000",850613,35623,502,PT17M11S,2022-10-29T07:26:46Z,False,https://i.ytimg.com/vi/8yRS7VwkJIA/hqdefault.jpg,https://www.youtube.com/watch?v=8yRS7VwkJIA
z1Bj6Xzzseo,I Quit. My Last Stream.,1481208,104291,3150,PT3M59S,2022-10-29T04:19:28Z,True,https://i.ytimg.com/vi/z1Bj6Xzzseo/hqdefault.jpg,https://www.youtube.com/watch?v=z1Bj6Xzzseo
Z-YS39WlADQ,Guy on Dating Show Rejects Everyone He Thinks is Fat,5718226,209957,7015,PT18M5S,2022-10-27T00:19:43Z,False,https://i.ytimg.com/vi/Z-YS39WlADQ/hqdefault.jpg,https://www.youtube.com/watch?v=Z-YS39WlADQ
U2m9JOoJkhg,Tik Tok Trends That Are Actually Funny,1834350,79766,1180,PT10M40S,2022-10-25T06:40:14Z,False,https://i.ytimg.com/vi/U2m9JOoJkhg/hqdefault.jpg,https://www.youtube.com/watch?v=U2m9JOoJkhg
l4nFCvN5dJk,LARGEST SMASH INVITATIONAL OF ALL TIME | Ludwig Smash Invitational,1101284,23814,259,PT9H46M16S,2022-10-24T05:15:15Z,True,https://i.ytimg.com/vi/l4nFCvN5dJk/hqdefault.jpg,https://www.youtube.com/watch?v=l4nFCvN5dJk
f84jVK0KM5M,I Accidentally Created the Greatest Dance Move in the World | The Luddy,1734617,92957,1861,PT8M5S,2022-10-22T18:47:03Z,False,https://i.ytimg.com/vi/f84jVK0KM5M/hqdefault.jpg,https://www.youtube.com/watch?v=f84jVK0KM5M
OlwQqtAzcu8,Chat Asks Me Anything But If I Don't Answer I Spin the Wheel,2134703,96216,45773,PT21M,2022-10-20T06:56:16Z,False,https://i.ytimg.com/vi/OlwQqtAzcu8/hqdefault.jpg,https://www.youtube.com/watch?v=OlwQqtAzcu8
gDrw8RjcSpU,I Stole a Credit Card and Let My Stream Spend the Money,1331878,65585,1226,PT17M21S,2022-10-18T02:43:39Z,False,https://i.ytimg.com/vi/gDrw8RjcSpU/hqdefault.jpg,https://www.youtube.com/watch?v=gDrw8RjcSpU
3rc5UTCHINA,I Broke Into Famous YouTubers Houses,1650494,118221,3365,PT14M48S,2022-10-16T00:38:03Z,False,https://i.ytimg.com/vi/3rc5UTCHINA/hqdefault.jpg,https://www.youtube.com/watch?v=3rc5UTCHINA
Uj-UuB7SJtw,I Snuck Into Twitch Con,2015044,82469,1081,PT28M5S,2022-10-13T05:23:03Z,False,https://i.ytimg.com/vi/Uj-UuB7SJtw/hqdefault.jpg,https://www.youtube.com/watch?v=Uj-UuB7SJtw
RuFe0DgvVJ0,Beat Jump King by the End of Stream or Dye My Hair,812240,41239,637,PT14M12S,2022-10-11T02:29:33Z,False,https://i.ytimg.com/vi/RuFe0DgvVJ0/hqdefault.jpg,https://www.youtube.com/watch?v=RuFe0DgvVJ0
QE-nO2-czUY,Can 4 Guys Beat 1 Climbing Champion?,4250590,197860,5263,PT14M49S,2022-10-07T21:19:03Z,False,https://i.ytimg.com/vi/QE-nO2-czUY/hqdefault.jpg,https://www.youtube.com/watch?v=QE-nO2-czUY
jpYQv-eWl_8,If I Cringe the Video Ends,1185279,50604,770,PT13M46S,2022-10-07T07:44:04Z,False,https://i.ytimg.com/vi/jpYQv-eWl_8/hqdefault.jpg,https://www.youtube.com/watch?v=jpYQv-eWl_8
4WaBgvhzsKU,"I Challenged 3 Gamers to Beat 1 Speedrunner, Winner Gets $20,000",788512,32300,443,PT12M54S,2022-10-05T06:39:02Z,False,https://i.ytimg.com/vi/4WaBgvhzsKU/hqdefault.jpg,https://www.youtube.com/watch?v=4WaBgvhzsKU
WrrK5diXWx8,CDawgVA Sent Me a Mystery Box From Japan. It Was Cursed.,2002445,90861,1138,PT18M25S,2022-10-02T06:55:04Z,False,https://i.ytimg.com/vi/WrrK5diXWx8/hqdefault.jpg,https://www.youtube.com/watch?v=WrrK5diXWx8
guEKDEK6zy4,If I Laugh out Loud the Video Ends,1544119,68469,820,PT12M45S,2022-09-29T05:58:59Z,False,https://i.ytimg.com/vi/guEKDEK6zy4/hqdefault.jpg,https://www.youtube.com/watch?v=guEKDEK6zy4
hHhk-0RZtw4,Schlatt and I Fixed YouTube,1073997,130232,3001,PT4M34S,2022-09-27T20:16:29Z,False,https://i.ytimg.com/vi/hHhk-0RZtw4/hqdefault.jpg,https://www.youtube.com/watch?v=hHhk-0RZtw4
Bf8LMlYdIus,I Let Chat Decorate My Room. It Was a Mistake.,2065533,98105,1489,PT23M37S,2022-09-25T06:43:05Z,False,https://i.ytimg.com/vi/Bf8LMlYdIus/hqdefault.jpg,https://www.youtube.com/watch?v=Bf8LMlYdIus
kfrDNh9B_pg,How I Proved I’m the Best Gamer in the World,1636927,71849,1286,PT23M30S,2022-09-23T07:46:47Z,False,https://i.ytimg.com/vi/kfrDNh9B_pg/hqdefault.jpg,https://www.youtube.com/watch?v=kfrDNh9B_pg
r1L46RQ8wog,IF MY VIEWER BEATS ME I GIVE HIM ALL MY MONEY,1999426,55455,792,PT29M11S,2022-09-19T01:01:34Z,False,https://i.ytimg.com/vi/r1L46RQ8wog/hqdefault.jpg,https://www.youtube.com/watch?v=r1L46RQ8wog
pBKBXmRlUAw,How Many Flashlights Does it Take to Cook an Egg?,1308803,93451,2722,PT9M29S,2022-09-16T04:04:49Z,False,https://i.ytimg.com/vi/pBKBXmRlUAw/hqdefault.jpg,https://www.youtube.com/watch?v=pBKBXmRlUAw
1hYV-prrEQg,Beat Minecraft in 1 Hour or Play the Hardest Game in the World,1420992,60498,624,PT14M23S,2022-09-14T07:26:41Z,False,https://i.ytimg.com/vi/1hYV-prrEQg/hqdefault.jpg,https://www.youtube.com/watch?v=1hYV-prrEQg
9ggulF4u1PA,My Friend Challenged Me... he doesn't know I rigged it,1433542,49062,514,PT19M7S,2022-09-13T07:10:40Z,False,https://i.ytimg.com/vi/9ggulF4u1PA/hqdefault.jpg,https://www.youtube.com/watch?v=9ggulF4u1PA
5Qgvm28xycA,I Watched EVERY Trending Video to answer this question.,1473935,63384,3431,PT24M56S,2022-09-12T00:13:33Z,False,https://i.ytimg.com/vi/5Qgvm28xycA/hqdefault.jpg,https://www.youtube.com/watch?v=5Qgvm28xycA
P0QURcod2UU,THE IMPOSSIBLE YOU LAUGH YOU LOSE CHALLENGE,3418238,101631,1286,PT20M15S,2022-09-10T04:55:53Z,False,https://i.ytimg.com/vi/P0QURcod2UU/hqdefault.jpg,https://www.youtube.com/watch?v=P0QURcod2UU
eTnnr-EDKFA,"I have 30 Minutes to Beat the Game or I Lose $1,000",1115422,45078,832,PT18M56S,2022-09-06T06:53:48Z,False,https://i.ytimg.com/vi/eTnnr-EDKFA/hqdefault.jpg,https://www.youtube.com/watch?v=eTnnr-EDKFA
9MfFuWd7r88,The Greatest Restaurant in the World,603198,27208,397,PT17M36S,2022-09-05T07:14:39Z,False,https://i.ytimg.com/vi/9MfFuWd7r88/hqdefault.jpg,https://www.youtube.com/watch?v=9MfFuWd7r88
Da8Uu8j_XdE,I Let Chat Takeover My Stream. The Results Are Cursed.,2516772,110028,2217,PT26M12S,2022-09-03T01:41:44Z,False,https://i.ytimg.com/vi/Da8Uu8j_XdE/hqdefault.jpg,https://www.youtube.com/watch?v=Da8Uu8j_XdE
0A0PVkKq4no,How I Became the Biggest Streamer in the World for 24 Hours,1273042,83948,1579,PT15M5S,2022-09-01T06:04:43Z,False,https://i.ytimg.com/vi/0A0PVkKq4no/hqdefault.jpg,https://www.youtube.com/watch?v=0A0PVkKq4no
L9TeV12lx0w,I Got Swatted Live on Stream,3080131,179382,5133,PT9M46S,2022-08-29T09:00:44Z,False,https://i.ytimg.com/vi/L9TeV12lx0w/hqdefault.jpg,https://www.youtube.com/watch?v=L9TeV12lx0w
UnhrTCpgbO8,Watch People Die Inside,1212455,50703,614,PT9M46S,2022-08-26T06:43:02Z,False,https://i.ytimg.com/vi/UnhrTCpgbO8/hqdefault.jpg,https://www.youtube.com/watch?v=UnhrTCpgbO8
_2fRa43cMnA,A Viewer Sent Me Memes. If I Don't Laugh I Ban Him.,1671694,72176,688,PT10M15S,2022-08-24T06:29:03Z,False,https://i.ytimg.com/vi/_2fRa43cMnA/hqdefault.jpg,https://www.youtube.com/watch?v=_2fRa43cMnA
CiZAG34s3xc,I Let My Stream Buy ANYTHING They Want For 90 Minutes,1676438,72551,1173,PT15M11S,2022-08-23T06:15:57Z,False,https://i.ytimg.com/vi/CiZAG34s3xc/hqdefault.jpg,https://www.youtube.com/watch?v=CiZAG34s3xc
cyDa0RDxWwE,"Link Me a Song, If It’s Bad You Get BANNED",1482429,68687,1694,PT17M10S,2022-08-21T06:07:20Z,False,https://i.ytimg.com/vi/cyDa0RDxWwE/hqdefault.jpg,https://www.youtube.com/watch?v=cyDa0RDxWwE
r97AJaFTDL0,We Made a Song in 1 Hour. The Results Are Surprising.,972029,65938,1846,PT19M15S,2022-08-19T05:58:44Z,False,https://i.ytimg.com/vi/r97AJaFTDL0/hqdefault.jpg,https://www.youtube.com/watch?v=r97AJaFTDL0
0T6nK71yLQU,Can You Tell the Difference Between Real and Fake Art?,936134,49587,1126,PT22M4S,2022-08-17T07:21:37Z,False,https://i.ytimg.com/vi/0T6nK71yLQU/hqdefault.jpg,https://www.youtube.com/watch?v=0T6nK71yLQU
mdH-2yDkPD8,How I Accidentally Won a Multiversus Tournament,1047856,42524,789,PT21M58S,2022-08-15T19:52:01Z,False,https://i.ytimg.com/vi/mdH-2yDkPD8/hqdefault.jpg,https://www.youtube.com/watch?v=mdH-2yDkPD8
l-uKk1TohkU,Tik Toks that make me laugh out loud,1069860,67514,988,PT10M16S,2022-08-12T22:26:54Z,False,https://i.ytimg.com/vi/l-uKk1TohkU/hqdefault.jpg,https://www.youtube.com/watch?v=l-uKk1TohkU
C_OsNFosrwU,He Was So Fast They Banned Him,880205,40000,1205,PT9M5S,2022-08-11T04:31:38Z,False,https://i.ytimg.com/vi/C_OsNFosrwU/hqdefault.jpg,https://www.youtube.com/watch?v=C_OsNFosrwU
7t2xErsVFUU,"How I Got Scammed and Lost $100,000",2449435,154152,4500,PT20M34S,2022-08-09T02:50:26Z,False,https://i.ytimg.com/vi/7t2xErsVFUU/hqdefault.jpg,https://www.youtube.com/watch?v=7t2xErsVFUU
Tc7hlNVgdMs,"Beat the Game in 1 Hour OR Lose $1,000!",1387372,50400,978,PT17M24S,2022-08-06T04:13:37Z,False,https://i.ytimg.com/vi/Tc7hlNVgdMs/hqdefault.jpg,https://www.youtube.com/watch?v=Tc7hlNVgdMs
4zT1--vbw28,How I Stole a YouTube Video from MrBeast,1007387,58989,1356,PT11M19S,2022-08-04T02:40:32Z,False,https://i.ytimg.com/vi/4zT1--vbw28/hqdefault.jpg,https://www.youtube.com/watch?v=4zT1--vbw28
bffDpzeCgAA,"I Buried $100,000, Go Find It",16941562,597841,16177,PT11M43S,2022-08-02T01:30:29Z,False,https://i.ytimg.com/vi/bffDpzeCgAA/hqdefault.jpg,https://www.youtube.com/watch?v=bffDpzeCgAA
1myec3IHnGs,I Got Addicted to a Mobile Game. It Was Amazing.,1584160,63012,1053,PT13M15S,2022-08-01T05:17:52Z,False,https://i.ytimg.com/vi/1myec3IHnGs/hqdefault.jpg,https://www.youtube.com/watch?v=1myec3IHnGs
grI8OLYrEyg,This YouTuber Showed Me the Greatest Game Ever,1142627,53237,1091,PT12M49S,2022-07-31T04:35:14Z,False,https://i.ytimg.com/vi/grI8OLYrEyg/hqdefault.jpg,https://www.youtube.com/watch?v=grI8OLYrEyg
UlInVrwF5RI,This Minecrafter Thought He Could Beat Me in a 𝙍𝙀𝘼𝙇 Game,1196544,52922,714,PT17M21S,2022-07-28T08:24:05Z,False,https://i.ytimg.com/vi/UlInVrwF5RI/hqdefault.jpg,https://www.youtube.com/watch?v=UlInVrwF5RI
a4vZAa9zXvk,YOU LAUGH YOU LEAVE THE ROOM,1137249,46035,724,PT12M47S,2022-07-27T02:18:11Z,False,https://i.ytimg.com/vi/a4vZAa9zXvk/hqdefault.jpg,https://www.youtube.com/watch?v=a4vZAa9zXvk
rPjlwQ70IVQ,Tik Toks that make me laugh out loud,1319142,58335,960,PT11M33S,2022-07-25T05:24:38Z,False,https://i.ytimg.com/vi/rPjlwQ70IVQ/hqdefault.jpg,https://www.youtube.com/watch?v=rPjlwQ70IVQ
yWD6cjvyHp8,This Speedrunner RUINED the game,1519917,55578,586,PT10M55S,2022-07-24T01:37:39Z,False,https://i.ytimg.com/vi/yWD6cjvyHp8/hqdefault.jpg,https://www.youtube.com/watch?v=yWD6cjvyHp8
MLco1yF3CLY,I Went To Australia. It Was a Mistake.,1283009,55740,1533,PT24M37S,2022-07-22T06:27:20Z,False,https://i.ytimg.com/vi/MLco1yF3CLY/hqdefault.jpg,https://www.youtube.com/watch?v=MLco1yF3CLY
9HdfrOSuZnI,Can I Beat the Best Geoguessr Player in the World if I Cheat?,3327826,131585,1534,PT14M37S,2022-07-20T07:53:12Z,False,https://i.ytimg.com/vi/9HdfrOSuZnI/hqdefault.jpg,https://www.youtube.com/watch?v=9HdfrOSuZnI
604-XnSpIwk,Tik Toks that make me 💀💀💀,1281837,52668,1311,PT10M58S,2022-07-18T06:50:40Z,False,https://i.ytimg.com/vi/604-XnSpIwk/hqdefault.jpg,https://www.youtube.com/watch?v=604-XnSpIwk
N2oueHbM26g,Fall Guys But Everyone is Stream Sniping,1318754,62701,940,PT19M58S,2022-07-17T07:27:36Z,False,https://i.ytimg.com/vi/N2oueHbM26g/hqdefault.jpg,https://www.youtube.com/watch?v=N2oueHbM26g
d4Lq58CBeW8,This Minecrafter Challenged Me in Geoguessr. Big Mistake.,1574774,73518,1331,PT14M52S,2022-07-16T07:43:25Z,False,https://i.ytimg.com/vi/d4Lq58CBeW8/hqdefault.jpg,https://www.youtube.com/watch?v=d4Lq58CBeW8
Dml9_DFEM8Q,"How MrBeast Embarrassed Me in front of 100,000 People",1336607,68549,1727,PT14M38S,2022-07-14T04:34:02Z,False,https://i.ytimg.com/vi/Dml9_DFEM8Q/hqdefault.jpg,https://www.youtube.com/watch?v=Dml9_DFEM8Q
bqiBjpWr__E,His Friends Pranked Him While He Was Sleeping,990588,44928,972,PT10M18S,2022-07-13T02:20:15Z,False,https://i.ytimg.com/vi/bqiBjpWr__E/hqdefault.jpg,https://www.youtube.com/watch?v=bqiBjpWr__E
_WbTeIzIFl0,MrBeast Ruined My Esports Career,1825679,113854,669,PT55S,2022-07-12T02:28:04Z,False,https://i.ytimg.com/vi/_WbTeIzIFl0/hqdefault.jpg,https://www.youtube.com/watch?v=_WbTeIzIFl0
Qeoyku8Rq5E,This Japan Expert Challenged Me in Geoguessr. He Knows Everything.,2188316,92057,1656,PT19M2S,2022-07-11T02:49:10Z,False,https://i.ytimg.com/vi/Qeoyku8Rq5E/hqdefault.jpg,https://www.youtube.com/watch?v=Qeoyku8Rq5E
Oui7EM7TtWI,what you didn’t know about my gameshow…,1118043,55650,932,PT15M53S,2022-07-08T00:25:58Z,False,https://i.ytimg.com/vi/Oui7EM7TtWI/hqdefault.jpg,https://www.youtube.com/watch?v=Oui7EM7TtWI
ZeuGDvCVU1Y,My Gameshow Broke YouTube,4473777,162892,4218,PT1H7M27S,2022-07-06T06:09:47Z,False,https://i.ytimg.com/vi/ZeuGDvCVU1Y/hqdefault.jpg,https://www.youtube.com/watch?v=ZeuGDvCVU1Y
6nhEsn8t8tE,I Opened the First FREE Ice Cream Truck,1522970,109923,4964,PT9M38S,2022-07-01T21:44:34Z,False,https://i.ytimg.com/vi/6nhEsn8t8tE/hqdefault.jpg,https://www.youtube.com/watch?v=6nhEsn8t8tE
3m0xUMhNM74,The Funniest Tik Toks I Could Find,2278136,80981,1239,PT13M13S,2022-06-30T23:26:51Z,False,https://i.ytimg.com/vi/3m0xUMhNM74/hqdefault.jpg,https://www.youtube.com/watch?v=3m0xUMhNM74
g2ex0hyCKLE,The Ultimate Crane Game Challenge ft. CDawgVA,929768,49585,839,PT14M31S,2022-06-28T06:00:59Z,False,https://i.ytimg.com/vi/g2ex0hyCKLE/hqdefault.jpg,https://www.youtube.com/watch?v=g2ex0hyCKLE
arGCkge9b_E,I Forced a British Man to Try Every Fast Food Burger,3778551,143218,4071,PT16M6S,2022-06-25T23:46:42Z,False,https://i.ytimg.com/vi/arGCkge9b_E/hqdefault.jpg,https://www.youtube.com/watch?v=arGCkge9b_E
bD353nohaKk,How I got the Among Us World Record,800853,47767,707,PT6M30S,2022-06-25T07:01:53Z,False,https://i.ytimg.com/vi/bD353nohaKk/hqdefault.jpg,https://www.youtube.com/watch?v=bD353nohaKk
PeMUUNyzeqI,Which Country Has the FUNNIEST YouTubers?,1458842,54945,2582,PT29M24S,2022-06-23T06:48:54Z,False,https://i.ytimg.com/vi/PeMUUNyzeqI/hqdefault.jpg,https://www.youtube.com/watch?v=PeMUUNyzeqI
Y5S86iWTxNU,I Forced the Best Geoguessr Player in the World to Play Blind.,5780651,203328,2725,PT15M1S,2022-06-20T22:31:02Z,False,https://i.ytimg.com/vi/Y5S86iWTxNU/hqdefault.jpg,https://www.youtube.com/watch?v=Y5S86iWTxNU
TRr0y90J1ig,YouTubers I can beat in a fight,3073950,88664,3187,PT29M32S,2022-06-19T06:54:05Z,False,https://i.ytimg.com/vi/TRr0y90J1ig/hqdefault.jpg,https://www.youtube.com/watch?v=TRr0y90J1ig
FqwSQzlJozw,I Met the Best Geoguessr Player in the World. He's Insane.,5672140,197706,2378,PT14M45S,2022-06-18T05:01:43Z,False,https://i.ytimg.com/vi/FqwSQzlJozw/hqdefault.jpg,https://www.youtube.com/watch?v=FqwSQzlJozw
ANdnI6WUqI4,This Guy Made Cringe Tik Toks Funny,3318344,143250,1179,PT8M58S,2022-06-16T07:04:35Z,False,https://i.ytimg.com/vi/ANdnI6WUqI4/hqdefault.jpg,https://www.youtube.com/watch?v=ANdnI6WUqI4
0HsPpgUhlvg,GUESS WHO IS A VIRGIN,1191061,51526,706,PT12M31S,2022-06-15T04:24:34Z,False,https://i.ytimg.com/vi/0HsPpgUhlvg/hqdefault.jpg,https://www.youtube.com/watch?v=0HsPpgUhlvg
BTPrca5HCv0,Giving a Random Stream Viewer a Job,3556749,83260,1514,PT30M38S,2022-06-13T19:50:48Z,False,https://i.ytimg.com/vi/BTPrca5HCv0/hqdefault.jpg,https://www.youtube.com/watch?v=BTPrca5HCv0
6_zjKKe2Lzo,YouTube Killed His Channel for Speaking Out,1183053,70679,2729,PT9M27S,2022-06-11T19:24:46Z,False,https://i.ytimg.com/vi/6_zjKKe2Lzo/hqdefault.jpg,https://www.youtube.com/watch?v=6_zjKKe2Lzo
ANHlGUIZop0,If I Win I Go on a Date with this Streamer,3368138,85406,1284,PT37M56S,2022-06-11T06:09:18Z,False,https://i.ytimg.com/vi/ANHlGUIZop0/hqdefault.jpg,https://www.youtube.com/watch?v=ANHlGUIZop0
54Y1N21NIFU,CAT.,1425263,66692,1466,PT10M25S,2022-06-10T07:15:59Z,False,https://i.ytimg.com/vi/54Y1N21NIFU/hqdefault.jpg,https://www.youtube.com/watch?v=54Y1N21NIFU
H5dqjlJ23Ak,"$10,000 IF SHE CAN BEAT ME ON STREAM",1427355,50221,701,PT22M23S,2022-06-08T05:58:21Z,False,https://i.ytimg.com/vi/H5dqjlJ23Ak/hqdefault.jpg,https://www.youtube.com/watch?v=H5dqjlJ23Ak
S_552xq-ycU,My kitten is in this video,1702852,78905,1470,PT10M46S,2022-06-06T04:50:08Z,False,https://i.ytimg.com/vi/S_552xq-ycU/hqdefault.jpg,https://www.youtube.com/watch?v=S_552xq-ycU
Z5pxy2D_GZ4,I gave my cat my credit card for 1 hour,3780143,159045,2411,PT17M58S,2022-06-04T03:35:54Z,False,https://i.ytimg.com/vi/Z5pxy2D_GZ4/hqdefault.jpg,https://www.youtube.com/watch?v=Z5pxy2D_GZ4
N7ERVyYE-aQ,Videos You Have to See to Believe,1430418,60600,985,PT13M59S,2022-06-03T06:33:11Z,False,https://i.ytimg.com/vi/N7ERVyYE-aQ/hqdefault.jpg,https://www.youtube.com/watch?v=N7ERVyYE-aQ
6EB-dW0TrR0,How I Stole my Girlfriend's Cat,2444191,78962,1067,PT19M7S,2022-06-01T04:11:35Z,False,https://i.ytimg.com/vi/6EB-dW0TrR0/hqdefault.jpg,https://www.youtube.com/watch?v=6EB-dW0TrR0
osUgT-7CuO4,"He won a major, I have more than one friend",1536665,53496,1170,PT22M1S,2022-05-30T20:22:41Z,False,https://i.ytimg.com/vi/osUgT-7CuO4/hqdefault.jpg,https://www.youtube.com/watch?v=osUgT-7CuO4
81b1WmKk5js,She thought she ended the stream...,1748116,73830,1202,PT17M11S,2022-05-28T05:28:13Z,False,https://i.ytimg.com/vi/81b1WmKk5js/hqdefault.jpg,https://www.youtube.com/watch?v=81b1WmKk5js
0bwuZXekgqk,If My Cat Wakes Up the Video Ends (YLYL),2593626,103249,1143,PT9M33S,2022-05-27T05:11:50Z,False,https://i.ytimg.com/vi/0bwuZXekgqk/hqdefault.jpg,https://www.youtube.com/watch?v=0bwuZXekgqk
1hNA6qSnRqs,Embarrassing my viewers on stream so they stop messaging me,2652594,75781,1050,PT26M41S,2022-05-26T05:16:36Z,False,https://i.ytimg.com/vi/1hNA6qSnRqs/hqdefault.jpg,https://www.youtube.com/watch?v=1hNA6qSnRqs
fLO0mFI7QN4,So I went to my first bachelor party...,799724,44088,801,PT15M9S,2022-05-25T02:17:45Z,False,https://i.ytimg.com/vi/fLO0mFI7QN4/hqdefault.jpg,https://www.youtube.com/watch?v=fLO0mFI7QN4
h1WobCiSvyk,I Tried Speedrunning Wikipedia (It was a mistake),1432729,56407,956,PT20M33S,2022-05-24T04:57:15Z,False,https://i.ytimg.com/vi/h1WobCiSvyk/hqdefault.jpg,https://www.youtube.com/watch?v=h1WobCiSvyk
80dXVkJGbmM,This YouTuber called me out. So I embarrassed her on stream.,4728144,133488,1385,PT19M50S,2022-05-22T19:04:41Z,False,https://i.ytimg.com/vi/80dXVkJGbmM/hqdefault.jpg,https://www.youtube.com/watch?v=80dXVkJGbmM
UnP86wnQNF4,How I beat the best geoguessr player in the world.,889264,44022,891,PT12M8S,2022-05-21T03:52:12Z,False,https://i.ytimg.com/vi/UnP86wnQNF4/hqdefault.jpg,https://www.youtube.com/watch?v=UnP86wnQNF4
TompiUbBe5E,My Girlfriend made me get a cat.,3966704,157023,2935,PT11M26S,2022-05-20T02:17:48Z,False,https://i.ytimg.com/vi/TompiUbBe5E/hqdefault.jpg,https://www.youtube.com/watch?v=TompiUbBe5E
gyiBL_kUw74,I tried playing Among Us in 2022. It’s insane.,805702,39627,589,PT11M4S,2022-05-19T02:32:36Z,False,https://i.ytimg.com/vi/gyiBL_kUw74/hqdefault.jpg,https://www.youtube.com/watch?v=gyiBL_kUw74
HZAnGDoPyGk,"I spent $10,000 on Wish to find out if it's a scam.",1592556,59899,753,PT10M9S,2022-05-17T21:58:37Z,False,https://i.ytimg.com/vi/HZAnGDoPyGk/hqdefault.jpg,https://www.youtube.com/watch?v=HZAnGDoPyGk
K6kYaMP80LI,I speedran google. It’s insane.,812320,41251,767,PT10M31S,2022-05-16T03:40:59Z,False,https://i.ytimg.com/vi/K6kYaMP80LI/hqdefault.jpg,https://www.youtube.com/watch?v=K6kYaMP80LI
k7y77qU0jHs,I started a fire in her house,683083,38903,1003,PT8M3S,2022-05-15T03:31:52Z,False,https://i.ytimg.com/vi/k7y77qU0jHs/hqdefault.jpg,https://www.youtube.com/watch?v=k7y77qU0jHs
jFdMxtLiA10,Woman destroys man on stream,1184225,53876,787,PT8M52S,2022-05-13T02:32:12Z,False,https://i.ytimg.com/vi/jFdMxtLiA10/hqdefault.jpg,https://www.youtube.com/watch?v=jFdMxtLiA10
utl93GFqqsw,This speedrunner broke the world record blindfolded.,754411,30591,502,PT20M35S,2022-05-12T03:28:47Z,False,https://i.ytimg.com/vi/utl93GFqqsw/hqdefault.jpg,https://www.youtube.com/watch?v=utl93GFqqsw
3hyw6CfElpw,"I lost $50,000 in Vegas and MADE Money",1133913,55032,1303,PT26M28S,2022-05-10T02:20:58Z,False,https://i.ytimg.com/vi/3hyw6CfElpw/hqdefault.jpg,https://www.youtube.com/watch?v=3hyw6CfElpw
jjRQ3k48aSM,I Ran another Fortnite tournament but didn't tell anyone the rules.,522009,25412,576,PT17M52S,2022-05-09T01:42:53Z,False,https://i.ytimg.com/vi/jjRQ3k48aSM/hqdefault.jpg,https://www.youtube.com/watch?v=jjRQ3k48aSM
mW48PHlBEcM,TRY NOT TO LAUGH CHALLENGE (NOT EASY),1854525,72138,510,PT11M48S,2022-05-08T02:36:09Z,False,https://i.ytimg.com/vi/mW48PHlBEcM/hqdefault.jpg,https://www.youtube.com/watch?v=mW48PHlBEcM
z_FOkcL2zoI,"How I Stole $100,000 from MrBeast",1609960,73421,1259,PT11M35S,2022-05-07T00:37:32Z,False,https://i.ytimg.com/vi/z_FOkcL2zoI/hqdefault.jpg,https://www.youtube.com/watch?v=z_FOkcL2zoI
ssNYGbin6eE,I Glued Myself to a Chair Until I Beat the Game. It was a mistake.,2521877,74836,1424,PT13M11S,2022-05-05T22:08:35Z,False,https://i.ytimg.com/vi/ssNYGbin6eE/hqdefault.jpg,https://www.youtube.com/watch?v=ssNYGbin6eE
CXpZaJUu--w,I Made a Mistake Challenging Jschlatt...,6544400,183806,1557,PT29M58S,2022-05-04T04:37:14Z,False,https://i.ytimg.com/vi/CXpZaJUu--w/hqdefault.jpg,https://www.youtube.com/watch?v=CXpZaJUu--w
UR902_1LhVk,LUDWIG'S MILLION DOLLAR GAME ft. @MrBeast @xQcOW @Ninja @philhellmuthofficial,2060851,47175,1977,PT8H57M25S,2022-05-02T12:51:34Z,True,https://i.ytimg.com/vi/UR902_1LhVk/hqdefault.jpg,https://www.youtube.com/watch?v=UR902_1LhVk
qeOzhvemMKQ,I Ran a Fortnite tournament but didn't tell anyone it was for money.,603548,30834,528,PT15M59S,2022-05-01T04:03:44Z,False,https://i.ytimg.com/vi/qeOzhvemMKQ/hqdefault.jpg,https://www.youtube.com/watch?v=qeOzhvemMKQ
u4He6Sbnp-8,"I watched the ""Trial of the Century"" so you don't have to",914494,56714,961,PT7M38S,2022-04-30T06:32:12Z,False,https://i.ytimg.com/vi/u4He6Sbnp-8/hqdefault.jpg,https://www.youtube.com/watch?v=u4He6Sbnp-8
vhXCW-hWomg,The Smartest Streamer on Twitch Called Me Out...,1097365,47931,823,PT15M11S,2022-04-28T06:15:08Z,False,https://i.ytimg.com/vi/vhXCW-hWomg/hqdefault.jpg,https://www.youtube.com/watch?v=vhXCW-hWomg
dLFLVSDii0A,I pretended to be dumb and stole this streamers money.,1574428,57736,617,PT28M32S,2022-04-27T07:34:26Z,False,https://i.ytimg.com/vi/dLFLVSDii0A/hqdefault.jpg,https://www.youtube.com/watch?v=dLFLVSDii0A
eHYC84F6yPk,My viewers found my address and sent me this…,1484553,63612,961,PT20M20S,2022-04-25T05:49:46Z,False,https://i.ytimg.com/vi/eHYC84F6yPk/hqdefault.jpg,https://www.youtube.com/watch?v=eHYC84F6yPk
uTXs2vUa72o,How I Proved I am the Fastest Masher in the World,755487,42872,622,PT8M16S,2022-04-24T02:55:09Z,False,https://i.ytimg.com/vi/uTXs2vUa72o/hqdefault.jpg,https://www.youtube.com/watch?v=uTXs2vUa72o
vAnbl_9yrsU,Actually Trying Your Terrible Stream Ideas,1704896,78112,1689,PT22M32S,2022-04-22T05:01:37Z,False,https://i.ytimg.com/vi/vAnbl_9yrsU/hqdefault.jpg,https://www.youtube.com/watch?v=vAnbl_9yrsU
yS4mO1-NlbE,I Showed my Livestream my Favorite Tik Toks...,1152414,61783,957,PT12M19S,2022-04-20T04:30:39Z,False,https://i.ytimg.com/vi/yS4mO1-NlbE/hqdefault.jpg,https://www.youtube.com/watch?v=yS4mO1-NlbE
WTr_rrtsSsQ,This Country Solved Food,1616635,58775,2278,PT14M38S,2022-04-16T06:26:03Z,False,https://i.ytimg.com/vi/WTr_rrtsSsQ/hqdefault.jpg,https://www.youtube.com/watch?v=WTr_rrtsSsQ
qple5-6nVBM,I Attempted the Most Brutal Geogeussr Challenge,1441278,75277,1642,PT13M29S,2022-04-15T06:45:26Z,True,https://i.ytimg.com/vi/qple5-6nVBM/hqdefault.jpg,https://www.youtube.com/watch?v=qple5-6nVBM
7avoC_LgLMY,This Speedrunner Broke the Game.,1881684,58624,846,PT14M31S,2022-04-14T05:18:18Z,False,https://i.ytimg.com/vi/7avoC_LgLMY/hqdefault.jpg,https://www.youtube.com/watch?v=7avoC_LgLMY
5QfupA2b3cc,I Ran a Fortnite tournament but didn't tell anyone the rules.,1053865,51283,930,PT13M28S,2022-04-12T05:28:38Z,False,https://i.ytimg.com/vi/5QfupA2b3cc/hqdefault.jpg,https://www.youtube.com/watch?v=5QfupA2b3cc
athkkga_OUk,This Streamer pretended to be dumb then stole my money.,4125886,119540,1395,PT34M22S,2022-04-10T01:19:14Z,False,https://i.ytimg.com/vi/athkkga_OUk/hqdefault.jpg,https://www.youtube.com/watch?v=athkkga_OUk
3h3mPGaQrDQ,"the entire history of r/place, i guess",1902951,94771,2687,PT8M46S,2022-04-09T00:50:37Z,False,https://i.ytimg.com/vi/3h3mPGaQrDQ/hqdefault.jpg,https://www.youtube.com/watch?v=3h3mPGaQrDQ
QQA12hqCiZU,Confronting the CEO of YouTube,3263010,179094,9498,PT57M14S,2022-04-07T19:00:38Z,False,https://i.ytimg.com/vi/QQA12hqCiZU/hqdefault.jpg,https://www.youtube.com/watch?v=QQA12hqCiZU
JVh5lV7KcaI,This is why you answer MrBeast's texts...,4013468,179355,2621,PT24M50S,2022-04-05T03:31:07Z,False,https://i.ytimg.com/vi/JVh5lV7KcaI/hqdefault.jpg,https://www.youtube.com/watch?v=JVh5lV7KcaI
OtQ4-SaNSD0,"He has 10,000 hours played, I have friends.",2256231,77362,1165,PT19M52S,2022-04-03T03:52:11Z,False,https://i.ytimg.com/vi/OtQ4-SaNSD0/hqdefault.jpg,https://www.youtube.com/watch?v=OtQ4-SaNSD0
aTRH1FkCQTk,I Hired this Pro Gamer to secretly destroy my roommates.,3164470,103075,992,PT19M2S,2022-03-27T22:32:13Z,False,https://i.ytimg.com/vi/aTRH1FkCQTk/hqdefault.jpg,https://www.youtube.com/watch?v=aTRH1FkCQTk
dmdXecIr1tg,We broke a gameshow with this simple trick.,1801836,65846,2174,PT56M58S,2022-03-27T07:10:06Z,False,https://i.ytimg.com/vi/dmdXecIr1tg/hqdefault.jpg,https://www.youtube.com/watch?v=dmdXecIr1tg
hnqXTWUGx9w,Only a man can do this job.,988518,51299,839,PT9M24S,2022-03-25T03:21:37Z,False,https://i.ytimg.com/vi/hnqXTWUGx9w/hqdefault.jpg,https://www.youtube.com/watch?v=hnqXTWUGx9w
aFYuwKtaPcg,Guess which job makes more money or drink the hottest hot sauce,1383380,59046,1073,PT14M59S,2022-03-23T05:38:48Z,False,https://i.ytimg.com/vi/aFYuwKtaPcg/hqdefault.jpg,https://www.youtube.com/watch?v=aFYuwKtaPcg
7jwNvqMaYts,"This ""speedrunner"" Challenged Me to a Race IRL",616266,33670,634,PT14M41S,2022-03-22T06:13:08Z,False,https://i.ytimg.com/vi/7jwNvqMaYts/hqdefault.jpg,https://www.youtube.com/watch?v=7jwNvqMaYts
trqkJl3tp5w,HIGHER OR LOWER but it's movie ratings,2293368,88353,1183,PT17M54S,2022-03-21T05:33:50Z,False,https://i.ytimg.com/vi/trqkJl3tp5w/hqdefault.jpg,https://www.youtube.com/watch?v=trqkJl3tp5w
p44dwfXOsNM,I Let a Mystery Wheel Control My Life. It was a mistake.,1191974,54261,683,PT16M23S,2022-03-20T05:54:34Z,False,https://i.ytimg.com/vi/p44dwfXOsNM/hqdefault.jpg,https://www.youtube.com/watch?v=p44dwfXOsNM
_WruqiISiKA,She Created the Greatest Streaming Event Ever.,679889,46945,1404,PT19M19S,2022-03-18T22:31:51Z,False,https://i.ytimg.com/vi/_WruqiISiKA/hqdefault.jpg,https://www.youtube.com/watch?v=_WruqiISiKA
19JENLGnw5o,I Speedrun YouTube.,2464192,85138,1040,PT13M21S,2022-03-18T04:21:07Z,False,https://i.ytimg.com/vi/19JENLGnw5o/hqdefault.jpg,https://www.youtube.com/watch?v=19JENLGnw5o
NvVdU2PZXMg,I streamed until I beat Elden Ring. It was a mistake.,9217248,188057,5483,PT59M28S,2022-03-16T05:04:33Z,False,https://i.ytimg.com/vi/NvVdU2PZXMg/hqdefault.jpg,https://www.youtube.com/watch?v=NvVdU2PZXMg
_OjgFXyyNK4,The Most Dangerous World Records,1972214,67468,651,PT14M14S,2022-03-15T01:14:40Z,False,https://i.ytimg.com/vi/_OjgFXyyNK4/hqdefault.jpg,https://www.youtube.com/watch?v=_OjgFXyyNK4
L-zanJgMwVI,Trying not to laugh at Tik Toks with Karl Jacobs,543569,31471,369,PT9M52S,2022-03-12T06:45:06Z,False,https://i.ytimg.com/vi/L-zanJgMwVI/hqdefault.jpg,https://www.youtube.com/watch?v=L-zanJgMwVI
eY67d0_ywiE,Ranking the WEIRDEST Products from Shark Tank,3057002,99599,2418,PT20M23S,2022-03-11T06:48:25Z,False,https://i.ytimg.com/vi/eY67d0_ywiE/hqdefault.jpg,https://www.youtube.com/watch?v=eY67d0_ywiE
c4jw2M72thg,The Most Talented Woman,748270,36239,525,PT10M29S,2022-03-09T06:10:19Z,False,https://i.ytimg.com/vi/c4jw2M72thg/hqdefault.jpg,https://www.youtube.com/watch?v=c4jw2M72thg
-HpqME0t_qM,I Gave My Stream One Hour to Buy ANYTHING from Wish,1604975,62512,724,PT16M3S,2022-03-07T20:54:24Z,False,https://i.ytimg.com/vi/-HpqME0t_qM/hqdefault.jpg,https://www.youtube.com/watch?v=-HpqME0t_qM
lmJktT4mTpE,So I Discovered the Weirdest Speedruns...,2149538,74895,1741,PT15M50S,2022-03-06T02:09:44Z,False,https://i.ytimg.com/vi/lmJktT4mTpE/hqdefault.jpg,https://www.youtube.com/watch?v=lmJktT4mTpE
gHiWhXZf9x0,I Abandoned You.,576282,37215,1177,PT12M17S,2022-03-04T05:22:12Z,False,https://i.ytimg.com/vi/gHiWhXZf9x0/hqdefault.jpg,https://www.youtube.com/watch?v=gHiWhXZf9x0
9fr4E3zeG2w,I Watched This YouTuber's First Video to Answer This Question,756947,37944,636,PT18M40S,2022-03-02T05:11:11Z,False,https://i.ytimg.com/vi/9fr4E3zeG2w/hqdefault.jpg,https://www.youtube.com/watch?v=9fr4E3zeG2w
wjdXuLZpytM,"If I Get Scared, The Video Ends.",793985,39223,946,PT13M42S,2022-03-01T05:49:25Z,False,https://i.ytimg.com/vi/wjdXuLZpytM/hqdefault.jpg,https://www.youtube.com/watch?v=wjdXuLZpytM
8vhEhrZwvLc,I Tried the Most Popular British Fast Food… it was horrible.,1854592,54716,2275,PT17M59S,2022-02-24T06:41:20Z,False,https://i.ytimg.com/vi/8vhEhrZwvLc/hqdefault.jpg,https://www.youtube.com/watch?v=8vhEhrZwvLc
EuS_qfr3slI,Can 3 Gamers Beat 1 Pro Valorant Player?,2274724,74913,1852,PT18M8S,2022-02-23T06:53:02Z,False,https://i.ytimg.com/vi/EuS_qfr3slI/hqdefault.jpg,https://www.youtube.com/watch?v=EuS_qfr3slI
0K6VAnQJx3U,You Laugh You Lose But It's Actually Funny,1067519,44160,501,PT9M10S,2022-02-22T07:45:18Z,False,https://i.ytimg.com/vi/0K6VAnQJx3U/hqdefault.jpg,https://www.youtube.com/watch?v=0K6VAnQJx3U
S-RT94NiFIo,I asked famous streamers to rate all 898 Pokémon,622773,29255,2387,PT32M58S,2022-02-21T04:08:02Z,False,https://i.ytimg.com/vi/S-RT94NiFIo/hqdefault.jpg,https://www.youtube.com/watch?v=S-RT94NiFIo
hIaT5nnUrRY,This Speedrunner Challenged Me. I Took That Personally…,1245786,48110,747,PT19M26S,2022-02-19T03:51:40Z,False,https://i.ytimg.com/vi/hIaT5nnUrRY/hqdefault.jpg,https://www.youtube.com/watch?v=hIaT5nnUrRY
LRnw1nhbxIo,I bought every advertisement my chat linked me so you don’t have to,1797006,76798,904,PT17M41S,2022-02-18T07:55:38Z,False,https://i.ytimg.com/vi/LRnw1nhbxIo/hqdefault.jpg,https://www.youtube.com/watch?v=LRnw1nhbxIo
ll0eponDUuQ,"This YouTuber's ""Theory"" Was All Wrong...",1321396,62260,1167,PT14M29S,2022-02-16T22:49:18Z,False,https://i.ytimg.com/vi/ll0eponDUuQ/hqdefault.jpg,https://www.youtube.com/watch?v=ll0eponDUuQ
76ltL6XOeKE,I Tried Every Item at In-N-Out and Ranked Them,2069457,66147,1958,PT17M30S,2022-02-15T06:13:36Z,False,https://i.ytimg.com/vi/76ltL6XOeKE/hqdefault.jpg,https://www.youtube.com/watch?v=76ltL6XOeKE
GtBVuH6kPBc,A Twitch Streamer Thought He Was Better Than Me...,1414483,55370,686,PT19M14S,2022-02-13T22:50:27Z,False,https://i.ytimg.com/vi/GtBVuH6kPBc/hqdefault.jpg,https://www.youtube.com/watch?v=GtBVuH6kPBc
jVen1KVrsGw,"I Gave My Stream $50,000, This is What They Sent Me...",1313275,63155,1165,PT12M57S,2022-02-13T02:36:12Z,False,https://i.ytimg.com/vi/jVen1KVrsGw/hqdefault.jpg,https://www.youtube.com/watch?v=jVen1KVrsGw
Yy2OlIIuVWI,Perfectly Cut Screams,732703,41786,618,PT8M23S,2022-02-11T03:53:18Z,False,https://i.ytimg.com/vi/Yy2OlIIuVWI/hqdefault.jpg,https://www.youtube.com/watch?v=Yy2OlIIuVWI
8N9ueJzb2_A,Tik Tok DONT LAUGH Challenge,890560,42631,573,PT9M,2022-02-09T03:57:41Z,False,https://i.ytimg.com/vi/8N9ueJzb2_A/hqdefault.jpg,https://www.youtube.com/watch?v=8N9ueJzb2_A
Dw0Zgv01ffE,What happened to these cancelled YouTubers,3749908,116908,2913,PT25M58S,2022-02-08T04:41:33Z,False,https://i.ytimg.com/vi/Dw0Zgv01ffE/hqdefault.jpg,https://www.youtube.com/watch?v=Dw0Zgv01ffE
O4kP56c70gg,This Speedrunner Beat the Hardest Game in the World in 1 Minute,3974587,106209,1426,PT17M15S,2022-02-06T04:32:46Z,False,https://i.ytimg.com/vi/O4kP56c70gg/hqdefault.jpg,https://www.youtube.com/watch?v=O4kP56c70gg
hn_uGnTeHqY,"This YouTuber got 3,500 Copyright Strikes in 24 Hours",571253,37229,1370,PT10M7S,2022-02-04T04:13:14Z,False,https://i.ytimg.com/vi/hn_uGnTeHqY/hqdefault.jpg,https://www.youtube.com/watch?v=hn_uGnTeHqY
ngM0EvLanpM,If chat donates I reset the speedrun,1573662,62214,917,PT12M33S,2022-02-03T06:04:49Z,False,https://i.ytimg.com/vi/ngM0EvLanpM/hqdefault.jpg,https://www.youtube.com/watch?v=ngM0EvLanpM
AVtOcgdW8bA,YOU LAUGH YOU SPIN THE WHEEL,1249369,57620,747,PT13M7S,2022-01-31T21:38:48Z,False,https://i.ytimg.com/vi/AVtOcgdW8bA/hqdefault.jpg,https://www.youtube.com/watch?v=AVtOcgdW8bA
WsU4Pcu2miE,I challenged Japans crane game master,1660022,88605,1149,PT22M26S,2022-01-30T03:43:50Z,False,https://i.ytimg.com/vi/WsU4Pcu2miE/hqdefault.jpg,https://www.youtube.com/watch?v=WsU4Pcu2miE
4fZ_hIlmKtg,Tik Toks that are actually good,1774055,63875,755,PT14M4S,2022-01-28T06:40:49Z,False,https://i.ytimg.com/vi/4fZ_hIlmKtg/hqdefault.jpg,https://www.youtube.com/watch?v=4fZ_hIlmKtg
cN_G2v125ls,These Tik Tok Life Hacks NEED to Stop.,1243154,47318,886,PT10M21S,2022-01-27T04:57:14Z,False,https://i.ytimg.com/vi/cN_G2v125ls/hqdefault.jpg,https://www.youtube.com/watch?v=cN_G2v125ls
ugl3X70b9no,This YouTuber ROASTED my channel,965236,48709,1457,PT19M34S,2022-01-26T07:41:27Z,False,https://i.ytimg.com/vi/ugl3X70b9no/hqdefault.jpg,https://www.youtube.com/watch?v=ugl3X70b9no
LOgcAFzsJJ8,How I Beat the Hardest Game in the World (Pogostuck 3),1692554,59870,964,PT23M51S,2022-01-24T08:37:42Z,False,https://i.ytimg.com/vi/LOgcAFzsJJ8/hqdefault.jpg,https://www.youtube.com/watch?v=LOgcAFzsJJ8
eVznnNky_p8,"Making $1,000,000 from Crypto",626177,31149,969,PT10M56S,2022-01-23T05:53:10Z,False,https://i.ytimg.com/vi/eVznnNky_p8/hqdefault.jpg,https://www.youtube.com/watch?v=eVznnNky_p8
hAqirttKBhY,My 1000th Video!,546562,49656,2164,PT10M9S,2022-01-22T07:27:07Z,False,https://i.ytimg.com/vi/hAqirttKBhY/hqdefault.jpg,https://www.youtube.com/watch?v=hAqirttKBhY
FcAiJVPAd4E,Never Give Jschlatt a Gun...,4393178,182859,2549,PT18M55S,2022-01-21T04:07:02Z,False,https://i.ytimg.com/vi/FcAiJVPAd4E/hqdefault.jpg,https://www.youtube.com/watch?v=FcAiJVPAd4E
keyzzuhv3_s,I spent $1000 on claw machines to see if they're rigged,850540,42998,1168,PT12M51S,2022-01-20T00:17:56Z,False,https://i.ytimg.com/vi/keyzzuhv3_s/hqdefault.jpg,https://www.youtube.com/watch?v=keyzzuhv3_s
LE6bomDHZsA,I Let a Mystery Wheel Control My Life for 24 Hours,1484670,62325,733,PT15M33S,2022-01-18T08:05:06Z,False,https://i.ytimg.com/vi/LE6bomDHZsA/hqdefault.jpg,https://www.youtube.com/watch?v=LE6bomDHZsA
jTdHWcUvWyI,"""Women live longer than men.""",849009,57811,1246,PT10M51S,2022-01-16T22:30:24Z,False,https://i.ytimg.com/vi/jTdHWcUvWyI/hqdefault.jpg,https://www.youtube.com/watch?v=jTdHWcUvWyI
FD5olCOlxhk,Someone found my old Vines. They're insane.,1122018,60360,1070,PT11M10S,2022-01-15T05:13:18Z,False,https://i.ytimg.com/vi/FD5olCOlxhk/hqdefault.jpg,https://www.youtube.com/watch?v=FD5olCOlxhk
sxuROCqTSIk,Tik Toks that FORCE you to laugh in a pandemic,1080219,45501,675,PT11M14S,2022-01-14T07:37:48Z,False,https://i.ytimg.com/vi/sxuROCqTSIk/hqdefault.jpg,https://www.youtube.com/watch?v=sxuROCqTSIk
8171MCONW4c,The CEO of YouTube told me this was illegal... I did it anyway.,615236,36376,1145,PT11M56S,2022-01-13T04:55:20Z,False,https://i.ytimg.com/vi/8171MCONW4c/hqdefault.jpg,https://www.youtube.com/watch?v=8171MCONW4c
bUe7sBrVlPs,"This ""High IQ"" Streamer challenged the wrong guy...",2449887,81273,929,PT24M43S,2022-01-12T04:07:44Z,False,https://i.ytimg.com/vi/bUe7sBrVlPs/hqdefault.jpg,https://www.youtube.com/watch?v=bUe7sBrVlPs
0QJ5VfoA3uI,I went UNDERCOVER to see what my viewers say about me,750378,42316,719,PT9M54S,2022-01-10T04:00:09Z,False,https://i.ytimg.com/vi/0QJ5VfoA3uI/hqdefault.jpg,https://www.youtube.com/watch?v=0QJ5VfoA3uI
pyeNrUYevoo,Can I Beat Every Jump King in 1 Hour?,1581952,67391,883,PT22M48S,2022-01-09T06:43:40Z,False,https://i.ytimg.com/vi/pyeNrUYevoo/hqdefault.jpg,https://www.youtube.com/watch?v=pyeNrUYevoo
AWQoWlZhQmk,The Best of Ludwig 2021,1687625,58134,986,PT1H3M40S,2022-01-07T07:12:58Z,False,https://i.ytimg.com/vi/AWQoWlZhQmk/hqdefault.jpg,https://www.youtube.com/watch?v=AWQoWlZhQmk
URdCHqD_iXU,She Didn't Like the Advice I Gave Her...,558348,28659,1077,PT21M11S,2022-01-06T07:37:06Z,False,https://i.ytimg.com/vi/URdCHqD_iXU/hqdefault.jpg,https://www.youtube.com/watch?v=URdCHqD_iXU
ZNCb-BFe7Xk,I tried to make an award show... I got roasted instead.,736250,35474,568,PT18M55S,2022-01-04T03:37:23Z,False,https://i.ytimg.com/vi/ZNCb-BFe7Xk/hqdefault.jpg,https://www.youtube.com/watch?v=ZNCb-BFe7Xk
HLbUUBl1NPU,React Streamers have gone too far...,778279,40321,1712,PT11M15S,2022-01-02T01:31:49Z,False,https://i.ytimg.com/vi/HLbUUBl1NPU/hqdefault.jpg,https://www.youtube.com/watch?v=HLbUUBl1NPU
vVyhrtuz0r4,This VTuber Challenged me... she didn't realize my skill,1621196,71464,1639,PT19M57S,2022-01-01T05:52:15Z,False,https://i.ytimg.com/vi/vVyhrtuz0r4/hqdefault.jpg,https://www.youtube.com/watch?v=vVyhrtuz0r4
viqLJiJ3-uk,the funniest tik toks of 2021,1204365,51692,650,PT12M49S,2021-12-31T03:43:52Z,False,https://i.ytimg.com/vi/viqLJiJ3-uk/hqdefault.jpg,https://www.youtube.com/watch?v=viqLJiJ3-uk
HspbLVenr7Q,Can you peel a raw egg?,1239261,68645,1694,PT12M3S,2021-12-30T02:48:11Z,False,https://i.ytimg.com/vi/HspbLVenr7Q/hqdefault.jpg,https://www.youtube.com/watch?v=HspbLVenr7Q
KoJJlvOyBqA,Only men have this power,1049808,45799,850,PT9M9S,2021-12-28T21:36:11Z,False,https://i.ytimg.com/vi/KoJJlvOyBqA/hqdefault.jpg,https://www.youtube.com/watch?v=KoJJlvOyBqA
8NsUJuG6-Ls,"How a TV Show Lost This Company $1,000,000,000",377573,26311,746,PT8M27S,2021-12-28T05:30:18Z,False,https://i.ytimg.com/vi/8NsUJuG6-Ls/hqdefault.jpg,https://www.youtube.com/watch?v=8NsUJuG6-Ls
9rF8rnaU0pk,This streamer made a mistake challenging me... (Ultimate RPS Showdown),664246,62798,2469,PT10M55S,2021-12-26T07:28:47Z,False,https://i.ytimg.com/vi/9rF8rnaU0pk/hqdefault.jpg,https://www.youtube.com/watch?v=9rF8rnaU0pk
qIvls-sjm7w,this video will get me banned from china,725871,57224,2119,PT8M35S,2021-12-25T04:55:33Z,False,https://i.ytimg.com/vi/qIvls-sjm7w/hqdefault.jpg,https://www.youtube.com/watch?v=qIvls-sjm7w
hpqXyKBnEMM,What could possibly go wrong?,1675376,72485,1080,PT12M46S,2021-12-24T05:10:23Z,False,https://i.ytimg.com/vi/hpqXyKBnEMM/hqdefault.jpg,https://www.youtube.com/watch?v=hpqXyKBnEMM
_qj1PSvkBAY,I watched EVERY Epic Rap Battle of History to answer this question.,1426373,55352,1273,PT20M19S,2021-12-23T05:22:42Z,False,https://i.ytimg.com/vi/_qj1PSvkBAY/hqdefault.jpg,https://www.youtube.com/watch?v=_qj1PSvkBAY
w8voxbIZtmE,Paying streamers to do whatever I say,1193631,65427,990,PT12M17S,2021-12-22T05:16:53Z,False,https://i.ytimg.com/vi/w8voxbIZtmE/hqdefault.jpg,https://www.youtube.com/watch?v=w8voxbIZtmE
ilObykA-374,"Play stupid games, win stupid prizes.",567637,32145,777,PT8M4S,2021-12-20T07:40:09Z,False,https://i.ytimg.com/vi/ilObykA-374/hqdefault.jpg,https://www.youtube.com/watch?v=ilObykA-374
30mOWC9xCo4,How easy is it to spot a theatre kid?,1172552,47905,796,PT11M52S,2021-12-19T06:52:47Z,False,https://i.ytimg.com/vi/30mOWC9xCo4/hqdefault.jpg,https://www.youtube.com/watch?v=30mOWC9xCo4
azEiL1rerKY,"He Scammed Me out of $20,000.",718240,34664,643,PT10M50S,2021-12-18T04:42:46Z,False,https://i.ytimg.com/vi/azEiL1rerKY/hqdefault.jpg,https://www.youtube.com/watch?v=azEiL1rerKY
AWqKzjulgmk,Tik Toks that are ACTUALLY funny,1476471,60706,912,PT13M21S,2021-12-17T06:55:00Z,False,https://i.ytimg.com/vi/AWqKzjulgmk/hqdefault.jpg,https://www.youtube.com/watch?v=AWqKzjulgmk
UnwfV-6zhvw,He said he's the best in the world... I made him prove it.,754589,26726,535,PT15M4S,2021-12-16T07:38:38Z,False,https://i.ytimg.com/vi/UnwfV-6zhvw/hqdefault.jpg,https://www.youtube.com/watch?v=UnwfV-6zhvw
boe9Hxft_fI,I Said Yes to EVERYTHING chat asked me to do.,895595,39211,629,PT13M49S,2021-12-15T01:09:23Z,False,https://i.ytimg.com/vi/boe9Hxft_fI/hqdefault.jpg,https://www.youtube.com/watch?v=boe9Hxft_fI
ZROHFrPhxLA,I Gave My Stream One Hour to Buy ANYTHING They Want,2178420,96021,3709,PT19M44S,2021-12-13T01:34:54Z,False,https://i.ytimg.com/vi/ZROHFrPhxLA/hqdefault.jpg,https://www.youtube.com/watch?v=ZROHFrPhxLA
sjZ8Emyn-tc,Can I Stream Without Saying these Words?,894880,40798,551,PT10M12S,2021-12-11T04:50:27Z,False,https://i.ytimg.com/vi/sjZ8Emyn-tc/hqdefault.jpg,https://www.youtube.com/watch?v=sjZ8Emyn-tc
JViMuQSD8vY,This YouTuber didn’t know I was a pro gamer…,3252292,103421,1112,PT19M29S,2021-12-10T03:32:38Z,False,https://i.ytimg.com/vi/JViMuQSD8vY/hqdefault.jpg,https://www.youtube.com/watch?v=JViMuQSD8vY
6K013MfZQBE,this streamer exposed me on my gameshow... | Mogul Money,2601365,86702,2613,PT49M48S,2021-12-09T03:11:35Z,False,https://i.ytimg.com/vi/6K013MfZQBE/hqdefault.jpg,https://www.youtube.com/watch?v=6K013MfZQBE
r2ItVn9Uwqc,Why I Got Banned on YouTube.,930118,59037,1365,PT10M48S,2021-12-08T01:57:36Z,False,https://i.ytimg.com/vi/r2ItVn9Uwqc/hqdefault.jpg,https://www.youtube.com/watch?v=r2ItVn9Uwqc
cfAFVAgYWw8,You can’t watch these tik toks without laughing.,1315202,58530,998,PT11M25S,2021-12-07T07:12:22Z,False,https://i.ytimg.com/vi/cfAFVAgYWw8/hqdefault.jpg,https://www.youtube.com/watch?v=cfAFVAgYWw8
sPiFysaglcs,Tik Tok’s Worst Trend,1559248,96368,2528,PT18M7S,2021-12-06T03:11:02Z,False,https://i.ytimg.com/vi/sPiFysaglcs/hqdefault.jpg,https://www.youtube.com/watch?v=sPiFysaglcs
9TZnnxCiAWE,I Watched EVERY YouTube Rewind to answer this question.,4537376,177796,4559,PT25M8S,2021-12-05T01:46:46Z,False,https://i.ytimg.com/vi/9TZnnxCiAWE/hqdefault.jpg,https://www.youtube.com/watch?v=9TZnnxCiAWE
API5Lt8t7Ho,Chat asks me ANYTHING but if I don't answer I get shot...,1675108,84532,2113,PT14M37S,2021-12-03T01:07:14Z,False,https://i.ytimg.com/vi/API5Lt8t7Ho/hqdefault.jpg,https://www.youtube.com/watch?v=API5Lt8t7Ho
vkS86JPIfU8,"Mogul Money ft. Sykkuno, Fuslie, and Connoreatspants !",1166128,76278,2598,PT1H27M38S,2021-12-01T23:35:12Z,True,https://i.ytimg.com/vi/vkS86JPIfU8/hqdefault.jpg,https://www.youtube.com/watch?v=vkS86JPIfU8
wpONJZNXd6Y,"This video has 50,467 dislikes.",1628624,190371,9688,PT4M6S,2021-12-01T03:12:44Z,False,https://i.ytimg.com/vi/wpONJZNXd6Y/hqdefault.jpg,https://www.youtube.com/watch?v=wpONJZNXd6Y
sIliHG_yo7w,The biggest announcement of my streaming career (not clickbait),1145052,110828,5641,PT1M47S,2021-11-29T22:08:36Z,False,https://i.ytimg.com/vi/sIliHG_yo7w/hqdefault.jpg,https://www.youtube.com/watch?v=sIliHG_yo7w
y9W4A1_OOHU,Speedrunning Wikipedia is much harder than you think...,1182573,43505,558,PT23M18S,2021-11-29T09:18:14Z,False,https://i.ytimg.com/vi/y9W4A1_OOHU/hqdefault.jpg,https://www.youtube.com/watch?v=y9W4A1_OOHU
v0d2DKmyvdo,You Laugh You Lose That's ACTUALLY Funny,909251,43000,487,PT8M55S,2021-11-28T08:23:22Z,False,https://i.ytimg.com/vi/v0d2DKmyvdo/hqdefault.jpg,https://www.youtube.com/watch?v=v0d2DKmyvdo
380_hPAPSHc,Bald Person Tier List,408426,21254,930,PT11M33S,2021-11-27T07:26:06Z,False,https://i.ytimg.com/vi/380_hPAPSHc/hqdefault.jpg,https://www.youtube.com/watch?v=380_hPAPSHc
bdmThSZhQ94,I Found the Worst Tik Tok Account... and followed their advice.,506534,32137,540,PT10M17S,2021-11-26T08:38:24Z,False,https://i.ytimg.com/vi/bdmThSZhQ94/hqdefault.jpg,https://www.youtube.com/watch?v=bdmThSZhQ94
P-UdeZTpyJE,Reddit Memes that are ACTUALLY funny,1635208,74775,651,PT10M56S,2021-11-25T08:07:28Z,False,https://i.ytimg.com/vi/P-UdeZTpyJE/hqdefault.jpg,https://www.youtube.com/watch?v=P-UdeZTpyJE
SJfiPlcqS2U,He called me out... so I proved I know my fans with 99% accuracy,719341,39158,638,PT11M45S,2021-11-24T08:45:25Z,False,https://i.ytimg.com/vi/SJfiPlcqS2U/hqdefault.jpg,https://www.youtube.com/watch?v=SJfiPlcqS2U
kKuXYoYUpyg,This YouTuber Called Out the Biggest Award Show...,475419,27536,476,PT12M10S,2021-11-23T10:49:15Z,False,https://i.ytimg.com/vi/kKuXYoYUpyg/hqdefault.jpg,https://www.youtube.com/watch?v=kKuXYoYUpyg
-TBdlaaoj9g,This Speedunner Challenged Me... he didn't know I had the world record,2835456,92444,864,PT14M21S,2021-11-22T08:11:26Z,False,https://i.ytimg.com/vi/-TBdlaaoj9g/hqdefault.jpg,https://www.youtube.com/watch?v=-TBdlaaoj9g
7sUYp6D5EJA,Race to Mt. Fuji,852774,31784,986,PT2M20S,2021-11-21T01:27:51Z,False,https://i.ytimg.com/vi/7sUYp6D5EJA/hqdefault.jpg,https://www.youtube.com/watch?v=7sUYp6D5EJA
eB7AHdrMum4,Midnight Ride,529793,21571,755,PT3M46S,2021-11-21T01:27:21Z,False,https://i.ytimg.com/vi/eB7AHdrMum4/hqdefault.jpg,https://www.youtube.com/watch?v=eB7AHdrMum4
pyRff3WOVEU,I watched one Epic Rap Battle from every season,2762213,99468,3028,PT21M55S,2021-11-20T07:52:29Z,False,https://i.ytimg.com/vi/pyRff3WOVEU/hqdefault.jpg,https://www.youtube.com/watch?v=pyRff3WOVEU
TO-rfR5Gkrw,How I became the fastest masher in the world... again,1548719,65429,1142,PT8M2S,2021-11-19T09:06:18Z,False,https://i.ytimg.com/vi/TO-rfR5Gkrw/hqdefault.jpg,https://www.youtube.com/watch?v=TO-rfR5Gkrw
OGab4wvXWlY,This YouTuber thought he'd beat me... I knew better.,460141,21663,415,PT10M7S,2021-11-18T08:47:18Z,False,https://i.ytimg.com/vi/OGab4wvXWlY/hqdefault.jpg,https://www.youtube.com/watch?v=OGab4wvXWlY
nfhrx5agJTQ,This Streamer Stole My Money... so I exposed him.,572561,28619,587,PT13M54S,2021-11-17T07:56:14Z,False,https://i.ytimg.com/vi/nfhrx5agJTQ/hqdefault.jpg,https://www.youtube.com/watch?v=nfhrx5agJTQ
2bMQojPtGRo,These Tik Toks are so funny they got BANNED,1028626,51472,680,PT10M22S,2021-11-16T06:15:00Z,False,https://i.ytimg.com/vi/2bMQojPtGRo/hqdefault.jpg,https://www.youtube.com/watch?v=2bMQojPtGRo
7w9tIgeXpNM,I challenged him to make the hardest game in the world... it took 10 days.,2907320,80418,710,PT18M39S,2021-11-15T07:56:42Z,False,https://i.ytimg.com/vi/7w9tIgeXpNM/hqdefault.jpg,https://www.youtube.com/watch?v=7w9tIgeXpNM
TakgCrYMhAw,This Newspaper Wrote an Article on Streaming... So I Roasted it.,452108,24077,546,PT15M13S,2021-11-13T23:59:25Z,False,https://i.ytimg.com/vi/TakgCrYMhAw/hqdefault.jpg,https://www.youtube.com/watch?v=TakgCrYMhAw
8G9SyBNdxfI,Among Us in 2021 is insane.,943450,49953,798,PT12M11S,2021-11-13T06:54:51Z,False,https://i.ytimg.com/vi/8G9SyBNdxfI/hqdefault.jpg,https://www.youtube.com/watch?v=8G9SyBNdxfI
VUKyhk_JHFs,If I Laugh I Give MrBeast $100...,759849,44804,831,PT13M16S,2021-11-11T23:33:56Z,False,https://i.ytimg.com/vi/VUKyhk_JHFs/hqdefault.jpg,https://www.youtube.com/watch?v=VUKyhk_JHFs
GkOdzQtxD1c,Making $1 Million from NFTs,1034562,50944,1314,PT8M21S,2021-11-11T07:38:50Z,False,https://i.ytimg.com/vi/GkOdzQtxD1c/hqdefault.jpg,https://www.youtube.com/watch?v=GkOdzQtxD1c
FlB8VFRzM1Q,J̷̍͠ͅȅ̵̜͘f̴̧͂͝f̸̬̈́̓ ̶̠̾B̸̰̎e̷̢͋z̶̰͆͜ǫ̸̥͗ṡ̷̰̇,448643,24935,513,PT6M35S,2021-11-10T05:51:41Z,False,https://i.ytimg.com/vi/FlB8VFRzM1Q/hqdefault.jpg,https://www.youtube.com/watch?v=FlB8VFRzM1Q
aaIxu6hsGg0,He Said He Made the Perfect Game... So I Broke It...,1315567,55488,807,PT10M44S,2021-11-09T08:04:24Z,False,https://i.ytimg.com/vi/aaIxu6hsGg0/hqdefault.jpg,https://www.youtube.com/watch?v=aaIxu6hsGg0
u3-MjUVwuYU,He Said I Couldn't Beat His Game... So I Got the World Record.,941800,45400,559,PT9M8S,2021-11-08T05:41:31Z,False,https://i.ytimg.com/vi/u3-MjUVwuYU/hqdefault.jpg,https://www.youtube.com/watch?v=u3-MjUVwuYU
qa2lfpHlWSg,This YouTuber Challenged the wrong guy...,1610734,53882,912,PT23M10S,2021-11-07T06:00:12Z,False,https://i.ytimg.com/vi/qa2lfpHlWSg/hqdefault.jpg,https://www.youtube.com/watch?v=qa2lfpHlWSg
Ip2trao6dYw,I made a secret YouTube channel to prove it's not luck,7173270,361375,8718,PT16M56S,2021-11-06T00:00:14Z,False,https://i.ytimg.com/vi/Ip2trao6dYw/hqdefault.jpg,https://www.youtube.com/watch?v=Ip2trao6dYw
Cegk0QYJu-M,I found the funniest worst Twitter thread,394900,22348,1004,PT9M22S,2021-11-04T05:59:23Z,False,https://i.ytimg.com/vi/Cegk0QYJu-M/hqdefault.jpg,https://www.youtube.com/watch?v=Cegk0QYJu-M
aDZXxZVfgUU,These Tik Toks Will Make you Laugh,1000334,49252,582,PT10M59S,2021-11-03T03:07:17Z,False,https://i.ytimg.com/vi/aDZXxZVfgUU/hqdefault.jpg,https://www.youtube.com/watch?v=aDZXxZVfgUU
vtDqduef5LE,she ruined my gameshow | Mogul Money,4295315,122360,3084,PT50M12S,2021-11-02T02:26:14Z,False,https://i.ytimg.com/vi/vtDqduef5LE/hqdefault.jpg,https://www.youtube.com/watch?v=vtDqduef5LE
WgP0G5czboU,A Viewer Tried to Kill Me.,673436,42746,1434,PT8M46S,2021-10-31T22:59:04Z,False,https://i.ytimg.com/vi/WgP0G5czboU/hqdefault.jpg,https://www.youtube.com/watch?v=WgP0G5czboU
U_xYWO17Itk,Viewers showed up to my house and gave me this…,451261,22629,454,PT14M9S,2021-10-31T04:52:03Z,False,https://i.ytimg.com/vi/U_xYWO17Itk/hqdefault.jpg,https://www.youtube.com/watch?v=U_xYWO17Itk
hlKfy62dYR8,I clicked so fast this YouTuber thought I cheated,1498372,60495,970,PT15M47S,2021-10-30T04:30:50Z,False,https://i.ytimg.com/vi/hlKfy62dYR8/hqdefault.jpg,https://www.youtube.com/watch?v=hlKfy62dYR8
SS1ZqCLtkvc,I Discovered Movie Speedruns. They're Insane.,703002,28117,482,PT12M18S,2021-10-28T03:35:52Z,False,https://i.ytimg.com/vi/SS1ZqCLtkvc/hqdefault.jpg,https://www.youtube.com/watch?v=SS1ZqCLtkvc
bGBYKAspeZw,Ludwig Clones Himself ft. William Osman,289005,30312,658,PT2M31S,2021-10-27T01:59:41Z,False,https://i.ytimg.com/vi/bGBYKAspeZw/hqdefault.jpg,https://www.youtube.com/watch?v=bGBYKAspeZw
s-QLZpybr8E,"I Hosted a $20,000 Crew Battle!",438481,25235,623,PT11M13S,2021-10-26T06:51:28Z,False,https://i.ytimg.com/vi/s-QLZpybr8E/hqdefault.jpg,https://www.youtube.com/watch?v=s-QLZpybr8E
c_rMRIm-bPs,If Twitch Chat ROASTS Me the Video Ends,440241,22468,281,PT8M42S,2021-10-24T03:53:11Z,False,https://i.ytimg.com/vi/c_rMRIm-bPs/hqdefault.jpg,https://www.youtube.com/watch?v=c_rMRIm-bPs
TzQOKBUjujc,IF I LAUGH I WAX MY MUSTACHE,964454,46420,505,PT15M26S,2021-10-23T05:23:22Z,False,https://i.ytimg.com/vi/TzQOKBUjujc/hqdefault.jpg,https://www.youtube.com/watch?v=TzQOKBUjujc
vVFEgVjdP5c,"If You Link a Bad Song, You Get BANNED",1955269,81859,1648,PT17M10S,2021-10-22T04:07:40Z,False,https://i.ytimg.com/vi/vVFEgVjdP5c/hqdefault.jpg,https://www.youtube.com/watch?v=vVFEgVjdP5c
tQLCkGduE0g,Stop Putting Me on the News!!,380415,21159,336,PT10M11S,2021-10-21T06:27:28Z,False,https://i.ytimg.com/vi/tQLCkGduE0g/hqdefault.jpg,https://www.youtube.com/watch?v=tQLCkGduE0g
PDmG-6mNO1M,Ludwig TRIES Not To Laugh at Unusual Memes,2263194,75415,854,PT15M10S,2021-10-20T06:16:20Z,False,https://i.ytimg.com/vi/PDmG-6mNO1M/hqdefault.jpg,https://www.youtube.com/watch?v=PDmG-6mNO1M
at8_5zZZjI8,Playing Runescape for the First Time in 20 Years!,287408,12228,334,PT10M38S,2021-10-19T07:13:14Z,False,https://i.ytimg.com/vi/at8_5zZZjI8/hqdefault.jpg,https://www.youtube.com/watch?v=at8_5zZZjI8
1piT15EWLW0,I Forced Streamers to Play Squid Game,676432,32469,304,PT12M1S,2021-10-18T02:28:19Z,False,https://i.ytimg.com/vi/1piT15EWLW0/hqdefault.jpg,https://www.youtube.com/watch?v=1piT15EWLW0
oQJO0WTZRR4,I Forced The Biggest Streamers in the World to Go Outside. Big Mistake.,1348343,72686,1202,PT13M19S,2021-10-17T04:15:55Z,False,https://i.ytimg.com/vi/oQJO0WTZRR4/hqdefault.jpg,https://www.youtube.com/watch?v=oQJO0WTZRR4
mGLSL1_mKdQ,My last video.,797059,65373,3078,PT5M12S,2021-10-08T04:00:37Z,False,https://i.ytimg.com/vi/mGLSL1_mKdQ/hqdefault.jpg,https://www.youtube.com/watch?v=mGLSL1_mKdQ
2iODfQptnk8,How Much Money do I REALLY Make?,833150,39808,1093,PT18M3S,2021-10-07T09:47:35Z,False,https://i.ytimg.com/vi/2iODfQptnk8/hqdefault.jpg,https://www.youtube.com/watch?v=2iODfQptnk8
9xE7VaDtnlU,Proving Art Prices are a SCAM,800199,31980,755,PT18M24S,2021-10-06T05:53:19Z,False,https://i.ytimg.com/vi/9xE7VaDtnlU/hqdefault.jpg,https://www.youtube.com/watch?v=9xE7VaDtnlU
dWjP99xjy_A,"FORCING the biggest streamers to compete for $5,000 | Mogul Money",5382606,148330,4191,PT58M7S,2021-10-05T05:18:57Z,False,https://i.ytimg.com/vi/dWjP99xjy_A/hqdefault.jpg,https://www.youtube.com/watch?v=dWjP99xjy_A
NtO_0kgiw5E,Someone needs to stop Twitch,499915,29702,730,PT13M4S,2021-10-04T06:54:51Z,False,https://i.ytimg.com/vi/NtO_0kgiw5E/hqdefault.jpg,https://www.youtube.com/watch?v=NtO_0kgiw5E
Y02C4s0f8DQ,I ranked streamers I’ve met IRL,474729,21708,333,PT10M37S,2021-10-03T01:00:07Z,False,https://i.ytimg.com/vi/Y02C4s0f8DQ/hqdefault.jpg,https://www.youtube.com/watch?v=Y02C4s0f8DQ
LjLSwl96qas,Ludwig Reacts to funny BANNED Tik Toks,1580038,61741,522,PT10M8S,2021-10-02T07:25:32Z,False,https://i.ytimg.com/vi/LjLSwl96qas/hqdefault.jpg,https://www.youtube.com/watch?v=LjLSwl96qas
RcfCZoN0tiI,So I “met” the biggest streamer in the world…,463580,24927,479,PT10M47S,2021-10-01T06:49:40Z,False,https://i.ytimg.com/vi/RcfCZoN0tiI/hqdefault.jpg,https://www.youtube.com/watch?v=RcfCZoN0tiI
51jEeL-LDP4,I challenged the biggest streamers in the world to a scavenger hunt,363728,24501,567,PT8M36S,2021-09-30T07:48:26Z,False,https://i.ytimg.com/vi/51jEeL-LDP4/hqdefault.jpg,https://www.youtube.com/watch?v=51jEeL-LDP4
06fA9dstdcc,"I stole $1,000 from MrBeast",448391,29598,609,PT8M4S,2021-09-29T06:44:31Z,False,https://i.ytimg.com/vi/06fA9dstdcc/hqdefault.jpg,https://www.youtube.com/watch?v=06fA9dstdcc
I8ou0L_tg8U,So Wikipedia Speedruns Exist…,1712273,64540,961,PT22M17S,2021-09-28T08:51:55Z,False,https://i.ytimg.com/vi/I8ou0L_tg8U/hqdefault.jpg,https://www.youtube.com/watch?v=I8ou0L_tg8U
NNmG9ajtzIg,This is why I can't go out in public anymore...,394065,22744,495,PT8M4S,2021-09-27T07:20:06Z,False,https://i.ytimg.com/vi/NNmG9ajtzIg/hqdefault.jpg,https://www.youtube.com/watch?v=NNmG9ajtzIg
3rabY09-fzQ,Tik Toks that actually make me laugh out loud,1568987,71661,800,PT10M36S,2021-09-26T08:47:11Z,False,https://i.ytimg.com/vi/3rabY09-fzQ/hqdefault.jpg,https://www.youtube.com/watch?v=3rabY09-fzQ
2mFbaKIHHPg,The Video Ends When Twitch Chat is Dumb,460397,23699,376,PT6M44S,2021-09-25T06:31:25Z,False,https://i.ytimg.com/vi/2mFbaKIHHPg/hqdefault.jpg,https://www.youtube.com/watch?v=2mFbaKIHHPg
HGqc4C0eX4g,I hung out with women and it was terrible,1310861,54094,707,PT9M26S,2021-09-24T06:34:32Z,False,https://i.ytimg.com/vi/HGqc4C0eX4g/hqdefault.jpg,https://www.youtube.com/watch?v=HGqc4C0eX4g
vZXbPunYfl4,They Updated Jump King. It's Impossible.,3024859,73893,2031,PT58M27S,2021-09-23T07:43:55Z,False,https://i.ytimg.com/vi/vZXbPunYfl4/hqdefault.jpg,https://www.youtube.com/watch?v=vZXbPunYfl4
PjMAExKXndM,Sykkuno Ruined my Tournament...,829881,34980,654,PT17M17S,2021-09-22T08:04:14Z,False,https://i.ytimg.com/vi/PjMAExKXndM/hqdefault.jpg,https://www.youtube.com/watch?v=PjMAExKXndM
N8NpATCtS7Y,A Day in the Life of a Ludwig Viewer,457572,28083,556,PT12M31S,2021-09-21T06:26:58Z,False,https://i.ytimg.com/vi/N8NpATCtS7Y/hqdefault.jpg,https://www.youtube.com/watch?v=N8NpATCtS7Y
VbyjZwgkj-8,"I let my stream spend $30,000 with MY MONEY",1951274,65654,1108,PT10M58S,2021-09-20T06:28:51Z,False,https://i.ytimg.com/vi/VbyjZwgkj-8/hqdefault.jpg,https://www.youtube.com/watch?v=VbyjZwgkj-8
xO6QaWn9NI0,Can 3 Gamers Beat 1 Super Smash Bros. Pro?,980636,39974,1049,PT13M2S,2021-09-19T08:55:40Z,False,https://i.ytimg.com/vi/xO6QaWn9NI0/hqdefault.jpg,https://www.youtube.com/watch?v=xO6QaWn9NI0
_NLsRb-pYOc,"I Bet Her $10,000 She Couldn't Answer This Question",472751,22589,392,PT15M11S,2021-09-18T07:52:05Z,False,https://i.ytimg.com/vi/_NLsRb-pYOc/hqdefault.jpg,https://www.youtube.com/watch?v=_NLsRb-pYOc
9hLqfL4Fykw,Why I ended up on the news... again.,532023,25235,342,PT8M9S,2021-09-17T05:39:33Z,False,https://i.ytimg.com/vi/9hLqfL4Fykw/hqdefault.jpg,https://www.youtube.com/watch?v=9hLqfL4Fykw
CKGu0yY0Eoc,Tik Toks I CANNOT Stop Laughing At,1166464,50959,455,PT10M44S,2021-09-16T06:49:15Z,False,https://i.ytimg.com/vi/CKGu0yY0Eoc/hqdefault.jpg,https://www.youtube.com/watch?v=CKGu0yY0Eoc
k4GDV4Cj4ws,"I Bet $5,000 My Roommates Couldn’t Answer This | Mogul Money",3114058,81586,1860,PT42M20S,2021-09-15T06:15:01Z,False,https://i.ytimg.com/vi/k4GDV4Cj4ws/hqdefault.jpg,https://www.youtube.com/watch?v=k4GDV4Cj4ws
TlTiVywLKjU,Letting Karl Jacobs Cut My Hair Was a Huge Mistake,814774,73395,1031,PT11M50S,2021-09-14T08:06:09Z,False,https://i.ytimg.com/vi/TlTiVywLKjU/hqdefault.jpg,https://www.youtube.com/watch?v=TlTiVywLKjU
P2QOqjlub8g,"I Challenged MrBeast to a $50,000 Poker Game",1245555,63811,892,PT8M22S,2021-09-13T08:05:27Z,False,https://i.ytimg.com/vi/P2QOqjlub8g/hqdefault.jpg,https://www.youtube.com/watch?v=P2QOqjlub8g
zbTQVJkHNBw,The Video Ends if Someone is 𝗦𝗲𝘅𝗶𝘀𝘁 in Twitch Chat,1585050,66996,949,PT13M1S,2021-09-12T06:42:48Z,False,https://i.ytimg.com/vi/zbTQVJkHNBw/hqdefault.jpg,https://www.youtube.com/watch?v=zbTQVJkHNBw
JgGzX-bUrS0,I flexed on her,475069,31267,744,PT8M30S,2021-09-11T07:30:42Z,False,https://i.ytimg.com/vi/JgGzX-bUrS0/hqdefault.jpg,https://www.youtube.com/watch?v=JgGzX-bUrS0
3STbmgcaS5Q,Can I beat the hardest games of all time in under 30 minutes?,655413,41078,899,PT11M29S,2021-09-10T07:43:08Z,False,https://i.ytimg.com/vi/3STbmgcaS5Q/hqdefault.jpg,https://www.youtube.com/watch?v=3STbmgcaS5Q
mCcf3sVyRus,I Miss the Old Ludwig,483068,26099,524,PT8M33S,2021-09-09T05:45:46Z,False,https://i.ytimg.com/vi/mCcf3sVyRus/hqdefault.jpg,https://www.youtube.com/watch?v=mCcf3sVyRus
FtPCMxVupW4,teaching sykkuno how to be a chad,316915,18184,367,PT9M57S,2021-09-08T07:44:04Z,False,https://i.ytimg.com/vi/FtPCMxVupW4/hqdefault.jpg,https://www.youtube.com/watch?v=FtPCMxVupW4
MKngAuvxlbY,Can 5 Gamers Beat 1 Speedrunner?,2001220,55965,762,PT28M4S,2021-09-07T08:15:15Z,False,https://i.ytimg.com/vi/MKngAuvxlbY/hqdefault.jpg,https://www.youtube.com/watch?v=MKngAuvxlbY
1SGUOyu-7TY,I made Pokémon Platinum Impossibly Hard,3979408,127167,3168,PT39M28S,2021-09-06T02:30:12Z,True,https://i.ytimg.com/vi/1SGUOyu-7TY/hqdefault.jpg,https://www.youtube.com/watch?v=1SGUOyu-7TY
wFGT7aZwUAY,This Video Took Three Months to Make,392829,29637,943,PT3M30S,2021-09-05T07:00:49Z,False,https://i.ytimg.com/vi/wFGT7aZwUAY/hqdefault.jpg,https://www.youtube.com/watch?v=wFGT7aZwUAY
TOPLNgyi6uM,How I won a Speedrunning Competition,756671,26917,366,PT17M16S,2021-09-04T08:21:20Z,False,https://i.ytimg.com/vi/TOPLNgyi6uM/hqdefault.jpg,https://www.youtube.com/watch?v=TOPLNgyi6uM
g3ikEQ5bvfI,Ludwig TRIES Not to Laugh at Tik Toks,1236435,48249,594,PT11M24S,2021-09-03T06:57:44Z,False,https://i.ytimg.com/vi/g3ikEQ5bvfI/hqdefault.jpg,https://www.youtube.com/watch?v=g3ikEQ5bvfI
Bqhyyqvt7Bg,How I Accidentally Won a Chess Tournament,5004099,141290,1944,PT28M36S,2021-09-02T08:25:53Z,False,https://i.ytimg.com/vi/Bqhyyqvt7Bg/hqdefault.jpg,https://www.youtube.com/watch?v=Bqhyyqvt7Bg
Gc3bIuAdykI,I'm Retiring.,430056,21488,337,PT14M13S,2021-09-01T06:49:25Z,False,https://i.ytimg.com/vi/Gc3bIuAdykI/hqdefault.jpg,https://www.youtube.com/watch?v=Gc3bIuAdykI
AOuG3NBG4Tg,Ludwig's Newest Fan,403624,20625,354,PT11M3S,2021-08-31T07:30:34Z,False,https://i.ytimg.com/vi/AOuG3NBG4Tg/hqdefault.jpg,https://www.youtube.com/watch?v=AOuG3NBG4Tg
ngAGufebENw,I'm Never Going on a Date with QTCinderella Again...,1080347,45573,714,PT18M34S,2021-08-30T05:44:42Z,False,https://i.ytimg.com/vi/ngAGufebENw/hqdefault.jpg,https://www.youtube.com/watch?v=ngAGufebENw
3OfSpw2rXNs,I Ruined My Relationship on this Gameshow...,927972,19470,649,PT1H39M30S,2021-08-29T02:35:51Z,False,https://i.ytimg.com/vi/3OfSpw2rXNs/hqdefault.jpg,https://www.youtube.com/watch?v=3OfSpw2rXNs
v5T8BGLPPi0,He Never Typed and Got BANNED,711258,31446,526,PT11M16S,2021-08-28T04:55:02Z,False,https://i.ytimg.com/vi/v5T8BGLPPi0/hqdefault.jpg,https://www.youtube.com/watch?v=v5T8BGLPPi0
r9fs5OWX_oM,The Story of the Legendary Jerma Dollhouse Stream,928146,44361,436,PT13M18S,2021-08-27T07:04:12Z,False,https://i.ytimg.com/vi/r9fs5OWX_oM/hqdefault.jpg,https://www.youtube.com/watch?v=r9fs5OWX_oM
O3sYp2WCwK8,The Dangers of Streaming.,318957,18619,715,PT7M34S,2021-08-26T01:00:08Z,False,https://i.ytimg.com/vi/O3sYp2WCwK8/hqdefault.jpg,https://www.youtube.com/watch?v=O3sYp2WCwK8
GEln_GiyNAg,Ludwig Reacts to Tik Toks that keep you up at night,1540464,58814,635,PT14M22S,2021-08-25T19:00:03Z,False,https://i.ytimg.com/vi/GEln_GiyNAg/hqdefault.jpg,https://www.youtube.com/watch?v=GEln_GiyNAg
o91Hq9K4G3k,I can never go back to this barber...,592904,35823,1289,PT8M4S,2021-08-24T23:22:12Z,False,https://i.ytimg.com/vi/o91Hq9K4G3k/hqdefault.jpg,https://www.youtube.com/watch?v=o91Hq9K4G3k
A3K_RlfuQVk,my first time ever wearing a tank top,336054,17523,350,PT9M28S,2021-08-23T23:33:46Z,False,https://i.ytimg.com/vi/A3K_RlfuQVk/hqdefault.jpg,https://www.youtube.com/watch?v=A3K_RlfuQVk
D5xZuNQ5h_c,Ludwig Hair Tutorial,324479,24074,1321,PT8M14S,2021-08-23T02:56:02Z,False,https://i.ytimg.com/vi/D5xZuNQ5h_c/hqdefault.jpg,https://www.youtube.com/watch?v=D5xZuNQ5h_c
lNs7SZ6aKeI,Smallant DESTROYS xQc on my Gameshow...,2089677,41706,1227,PT1H45M1S,2021-08-22T04:45:31Z,False,https://i.ytimg.com/vi/lNs7SZ6aKeI/hqdefault.jpg,https://www.youtube.com/watch?v=lNs7SZ6aKeI
ByQa5ZpmviE,What NO ONE Tells You About College | College Stories,767472,38285,1585,PT19M14S,2021-08-21T05:36:10Z,False,https://i.ytimg.com/vi/ByQa5ZpmviE/hqdefault.jpg,https://www.youtube.com/watch?v=ByQa5ZpmviE
Q_orqpmTWTM,"Every time HE Laughs, I Lose $100",2407493,74045,875,PT13M5S,2021-08-20T05:32:45Z,False,https://i.ytimg.com/vi/Q_orqpmTWTM/hqdefault.jpg,https://www.youtube.com/watch?v=Q_orqpmTWTM
iKEu5K_0l40,Tik Tok Went Too Far...,323456,24075,649,PT6M12S,2021-08-18T21:13:38Z,False,https://i.ytimg.com/vi/iKEu5K_0l40/hqdefault.jpg,https://www.youtube.com/watch?v=iKEu5K_0l40
mYXsoLPlKO8,I am scared of Corpse.,530312,36267,676,PT10M17S,2021-08-17T23:53:03Z,False,https://i.ytimg.com/vi/mYXsoLPlKO8/hqdefault.jpg,https://www.youtube.com/watch?v=mYXsoLPlKO8
PcksH_eUGUA,Why I Love Hanging Out With OfflineTV,646821,30600,452,PT10M15S,2021-08-16T22:14:51Z,False,https://i.ytimg.com/vi/PcksH_eUGUA/hqdefault.jpg,https://www.youtube.com/watch?v=PcksH_eUGUA
slRIzjY7EQk,Pokimane Takes Me Shopping,998008,57512,1270,PT9M58S,2021-08-15T22:37:12Z,False,https://i.ytimg.com/vi/slRIzjY7EQk/hqdefault.jpg,https://www.youtube.com/watch?v=slRIzjY7EQk
QScziBG-964,How Much Can $1 Get You in the Philippines?,1190239,65874,4288,PT13M36S,2021-08-15T07:44:05Z,False,https://i.ytimg.com/vi/QScziBG-964/hqdefault.jpg,https://www.youtube.com/watch?v=QScziBG-964
OzlWZa94jAA,How I Ended Up in Bella Poarch's Music Video,1513859,79588,1255,PT11M58S,2021-08-14T06:46:21Z,False,https://i.ytimg.com/vi/OzlWZa94jAA/hqdefault.jpg,https://www.youtube.com/watch?v=OzlWZa94jAA
55xCVxb6yEI,My Game Show Broke Twitch,1721559,40288,1166,PT1H25M50S,2021-08-13T20:53:42Z,False,https://i.ytimg.com/vi/55xCVxb6yEI/hqdefault.jpg,https://www.youtube.com/watch?v=55xCVxb6yEI
lVTw_Mgu1C8,If I Swear the Video Ends...,548550,32557,634,PT13M44S,2021-08-13T01:16:49Z,False,https://i.ytimg.com/vi/lVTw_Mgu1C8/hqdefault.jpg,https://www.youtube.com/watch?v=lVTw_Mgu1C8
A08VcrPd7ok,The most bullied man on Tik Tok...,458051,31445,1543,PT7M,2021-08-12T03:07:34Z,False,https://i.ytimg.com/vi/A08VcrPd7ok/hqdefault.jpg,https://www.youtube.com/watch?v=A08VcrPd7ok
2jXP2Jhe4cI,Can 3 Gamers Beat 1 Smash God?,1495059,45792,767,PT17M36S,2021-08-11T22:09:53Z,False,https://i.ytimg.com/vi/2jXP2Jhe4cI/hqdefault.jpg,https://www.youtube.com/watch?v=2jXP2Jhe4cI
jJbIEMGYg-Y,Cody Ko and Noel Miller ROAST my gameshow | Mogul Money,2925124,104841,2465,PT45M57S,2021-08-11T03:59:56Z,False,https://i.ytimg.com/vi/jJbIEMGYg-Y/hqdefault.jpg,https://www.youtube.com/watch?v=jJbIEMGYg-Y
LbsFi3NS9GM,Can You Taste the Difference Between Fruit Blindfolded?,915264,37129,834,PT12M59S,2021-08-10T03:36:35Z,False,https://i.ytimg.com/vi/LbsFi3NS9GM/hqdefault.jpg,https://www.youtube.com/watch?v=LbsFi3NS9GM
90gFpkzZVQY,Ludwig reacts to Tik Toks you won’t forgor 💀,1776436,66512,976,PT10M20S,2021-08-09T06:43:31Z,False,https://i.ytimg.com/vi/90gFpkzZVQY/hqdefault.jpg,https://www.youtube.com/watch?v=90gFpkzZVQY
zky8lwvzwF4,How I Bullied Dream into Revealing His Identity,465192,40628,1266,PT4M57S,2021-08-08T22:19:33Z,False,https://i.ytimg.com/vi/zky8lwvzwF4/hqdefault.jpg,https://www.youtube.com/watch?v=zky8lwvzwF4
akKyoPMivwg,Stop Doing Gamer House Tours,925147,35386,746,PT13M36S,2021-08-08T04:48:37Z,False,https://i.ytimg.com/vi/akKyoPMivwg/hqdefault.jpg,https://www.youtube.com/watch?v=akKyoPMivwg
N4946zRyaiA,The Biggest Challenge Our Gameshow Has Ever Faced...,721996,14583,549,PT1H39M58S,2021-08-07T21:15:17Z,False,https://i.ytimg.com/vi/N4946zRyaiA/hqdefault.jpg,https://www.youtube.com/watch?v=N4946zRyaiA
7plXViDa_eU,I Got Banned From Omegle for This...,227365,18012,920,PT6M52S,2021-08-07T04:31:03Z,False,https://i.ytimg.com/vi/7plXViDa_eU/hqdefault.jpg,https://www.youtube.com/watch?v=7plXViDa_eU
X9j4m-b4oTg,Top 10 Salty Moments in Smash,1481127,71914,1235,PT12M49S,2021-08-06T07:37:06Z,False,https://i.ytimg.com/vi/X9j4m-b4oTg/hqdefault.jpg,https://www.youtube.com/watch?v=X9j4m-b4oTg
vXd67zrp4F8,I Am Ending Daily Uploads...,387798,24843,1154,PT9M42S,2021-08-05T01:00:09Z,False,https://i.ytimg.com/vi/vXd67zrp4F8/hqdefault.jpg,https://www.youtube.com/watch?v=vXd67zrp4F8
IW92sndtcig,Tik Toks that MAKE me laugh,1040929,50907,920,PT13M,2021-08-04T07:00:46Z,False,https://i.ytimg.com/vi/IW92sndtcig/hqdefault.jpg,https://www.youtube.com/watch?v=IW92sndtcig
aJbwdg6sYB8,Donating to Streamers if They Can Answer DUMB Questions.,483570,28239,785,PT10M39S,2021-08-03T05:57:50Z,False,https://i.ytimg.com/vi/aJbwdg6sYB8/hqdefault.jpg,https://www.youtube.com/watch?v=aJbwdg6sYB8
ZeigQKPe3oY,The Dream SMP took over my game show...,537249,18567,602,PT1H36M31S,2021-08-02T05:06:52Z,False,https://i.ytimg.com/vi/ZeigQKPe3oY/hqdefault.jpg,https://www.youtube.com/watch?v=ZeigQKPe3oY
p3t0HbDF-wc,This is why you don't gamble...,376781,19837,773,PT15M41S,2021-08-01T06:14:20Z,False,https://i.ytimg.com/vi/p3t0HbDF-wc/hqdefault.jpg,https://www.youtube.com/watch?v=p3t0HbDF-wc
fLlmWyE33x4,Can I Beat one of the Hardest Games Ever Made?,871399,32734,746,PT24M26S,2021-07-31T00:00:07Z,False,https://i.ytimg.com/vi/fLlmWyE33x4/hqdefault.jpg,https://www.youtube.com/watch?v=fLlmWyE33x4
xsJOr8jtrmQ,"Challenging 10,000 People to Find Where I Am",569017,25575,483,PT17M44S,2021-07-30T06:33:10Z,False,https://i.ytimg.com/vi/xsJOr8jtrmQ/hqdefault.jpg,https://www.youtube.com/watch?v=xsJOr8jtrmQ
VpZTYD-X96A,He got banned… then sent me this,1506800,58846,817,PT13M33S,2021-07-29T06:16:13Z,False,https://i.ytimg.com/vi/VpZTYD-X96A/hqdefault.jpg,https://www.youtube.com/watch?v=VpZTYD-X96A
RrZ4fvmXVto,This “speedrunner” Bet I Couldn’t Beat Him…,1263913,45390,490,PT24M26S,2021-07-28T04:11:13Z,False,https://i.ytimg.com/vi/RrZ4fvmXVto/hqdefault.jpg,https://www.youtube.com/watch?v=RrZ4fvmXVto
OkfacuXJf6I,Which Streamer Has the Best Laugh?,884871,38221,1117,PT15M45S,2021-07-27T04:30:14Z,False,https://i.ytimg.com/vi/OkfacuXJf6I/hqdefault.jpg,https://www.youtube.com/watch?v=OkfacuXJf6I
5GLLvRPwgAE,I Took Everything From Him...,541305,20957,504,PT19M3S,2021-07-26T06:07:30Z,False,https://i.ytimg.com/vi/5GLLvRPwgAE/hqdefault.jpg,https://www.youtube.com/watch?v=5GLLvRPwgAE
TRSelpvKflo,Smallant Ruined My Gameshow...,922113,25772,1691,PT1H32M33S,2021-07-25T00:37:26Z,False,https://i.ytimg.com/vi/TRSelpvKflo/hqdefault.jpg,https://www.youtube.com/watch?v=TRSelpvKflo
NSE8shr4-eE,CHALLENGING TWITCH CHAT TO $100 MONEY MATCHES,328651,15778,424,PT18M46S,2021-07-24T03:52:38Z,False,https://i.ytimg.com/vi/NSE8shr4-eE/hqdefault.jpg,https://www.youtube.com/watch?v=NSE8shr4-eE
dkulGPImQbE,Ludwig Reacts to Unusual Memes that are ACTUALLY funny,1393654,55992,575,PT13M14S,2021-07-23T00:31:13Z,False,https://i.ytimg.com/vi/dkulGPImQbE/hqdefault.jpg,https://www.youtube.com/watch?v=dkulGPImQbE
NSk1k929KTI,Doing ANYTHING my stream tells me to do.,2001505,82766,1300,PT22M2S,2021-07-22T06:12:33Z,False,https://i.ytimg.com/vi/NSk1k929KTI/hqdefault.jpg,https://www.youtube.com/watch?v=NSk1k929KTI
-M1UnkoKMS0,I Let People Send Me Stuff From Anywhere in The World,1205825,51779,974,PT21M6S,2021-07-21T07:18:12Z,False,https://i.ytimg.com/vi/-M1UnkoKMS0/hqdefault.jpg,https://www.youtube.com/watch?v=-M1UnkoKMS0
GbDDFEw6FUY,My Girlfriend is a bigger streamer than me...,780907,30404,537,PT16M54S,2021-07-20T06:01:40Z,False,https://i.ytimg.com/vi/GbDDFEw6FUY/hqdefault.jpg,https://www.youtube.com/watch?v=GbDDFEw6FUY
uByLoJmWuh8,I Forced The Biggest Streamers in the World to Play Mario Kart,656736,25900,442,PT23M11S,2021-07-18T23:38:30Z,False,https://i.ytimg.com/vi/uByLoJmWuh8/hqdefault.jpg,https://www.youtube.com/watch?v=uByLoJmWuh8
l9RjZst9Jks,I became xQc for a day.,328560,17212,481,PT12M55S,2021-07-17T20:51:06Z,False,https://i.ytimg.com/vi/l9RjZst9Jks/hqdefault.jpg,https://www.youtube.com/watch?v=l9RjZst9Jks
L-WXkGLf1vo,The Greatest Gameshow Ever.,409011,13821,737,PT1H23M48S,2021-07-17T02:16:33Z,False,https://i.ytimg.com/vi/L-WXkGLf1vo/hqdefault.jpg,https://www.youtube.com/watch?v=L-WXkGLf1vo
KsGKB9PzCgM,My First Time Kissing QTCinderella,2709367,99089,1470,PT19M30S,2021-07-16T06:19:18Z,False,https://i.ytimg.com/vi/KsGKB9PzCgM/hqdefault.jpg,https://www.youtube.com/watch?v=KsGKB9PzCgM
Kzh6JBuCuso,I let viewers buy shirts with MY MONEY...,527653,27208,663,PT24M44S,2021-07-15T05:16:55Z,False,https://i.ytimg.com/vi/Kzh6JBuCuso/hqdefault.jpg,https://www.youtube.com/watch?v=Kzh6JBuCuso
p7A0Gm5dPzc,I asked 3500 people to answer questions honestly.,1228376,59789,1448,PT20M21S,2021-07-14T05:25:20Z,False,https://i.ytimg.com/vi/p7A0Gm5dPzc/hqdefault.jpg,https://www.youtube.com/watch?v=p7A0Gm5dPzc
Bq41nbxAp2o,I jumped out of a plane (and it’s all tommyinnits fault),1567866,119732,3503,PT18M30S,2021-07-13T05:03:44Z,False,https://i.ytimg.com/vi/Bq41nbxAp2o/hqdefault.jpg,https://www.youtube.com/watch?v=Bq41nbxAp2o
RaTZn6XuRpI,I’m sorry I went too far this time.,490257,24865,912,PT18M7S,2021-07-12T06:18:43Z,False,https://i.ytimg.com/vi/RaTZn6XuRpI/hqdefault.jpg,https://www.youtube.com/watch?v=RaTZn6XuRpI
Uo5zI2EeSeI,MY STREAM GOT HIJACKED | Hivemind,662680,20551,1482,PT1H21M38S,2021-07-11T06:04:35Z,False,https://i.ytimg.com/vi/Uo5zI2EeSeI/hqdefault.jpg,https://www.youtube.com/watch?v=Uo5zI2EeSeI
nXGCenFNyVA,How YouTube Changed Me...,212258,13769,402,PT5M50S,2021-07-11T00:19:40Z,False,https://i.ytimg.com/vi/nXGCenFNyVA/hqdefault.jpg,https://www.youtube.com/watch?v=nXGCenFNyVA
Y5mhXrcn9Uk,stream asks me anything but I HAVE to answer honestly,1035687,53283,1082,PT20M4S,2021-07-10T01:49:12Z,False,https://i.ytimg.com/vi/Y5mhXrcn9Uk/hqdefault.jpg,https://www.youtube.com/watch?v=Y5mhXrcn9Uk
cXHmCMyZ6jY,streaming with my grandpa for the first time,623066,29872,539,PT11M15S,2021-07-09T03:40:00Z,False,https://i.ytimg.com/vi/cXHmCMyZ6jY/hqdefault.jpg,https://www.youtube.com/watch?v=cXHmCMyZ6jY
C9ZueegNlpY,jschlatt ruins my gameshow | Mogul Money,8869974,287265,5833,PT37M23S,2021-07-08T02:47:20Z,False,https://i.ytimg.com/vi/C9ZueegNlpY/hqdefault.jpg,https://www.youtube.com/watch?v=C9ZueegNlpY
jx6UCm58i_U,Forcing OfflineTV to say THIS,754669,41377,883,PT14M12S,2021-07-07T04:53:14Z,False,https://i.ytimg.com/vi/jx6UCm58i_U/hqdefault.jpg,https://www.youtube.com/watch?v=jx6UCm58i_U
OVBn43UZ04c,Sykkuno took all my money.,423175,26432,382,PT9M9S,2021-07-06T03:31:42Z,False,https://i.ytimg.com/vi/OVBn43UZ04c/hqdefault.jpg,https://www.youtube.com/watch?v=OVBn43UZ04c
TNQdDDCPqgc,I Found Someone Cheating on my Gameshow.. (Hivemind),491140,15347,1031,PT1H25M43S,2021-07-05T01:47:18Z,False,https://i.ytimg.com/vi/TNQdDDCPqgc/hqdefault.jpg,https://www.youtube.com/watch?v=TNQdDDCPqgc
MoWuXdBA_MI,I Took My Girlfriend to a restaurant that's TOO fancy,1775382,79850,2231,PT17M,2021-07-04T04:02:55Z,False,https://i.ytimg.com/vi/MoWuXdBA_MI/hqdefault.jpg,https://www.youtube.com/watch?v=MoWuXdBA_MI
JcYjIuo3TLI,Ludwig Reacts to Unusual Memes that are GUARANTEED to make you laugh,2299304,76007,1179,PT22M4S,2021-07-03T07:02:29Z,False,https://i.ytimg.com/vi/JcYjIuo3TLI/hqdefault.jpg,https://www.youtube.com/watch?v=JcYjIuo3TLI
bQG_j4gMnMc,I uploaded this on the wrong channel…,317908,17722,1158,PT16M1S,2021-07-02T08:14:34Z,False,https://i.ytimg.com/vi/bQG_j4gMnMc/hqdefault.jpg,https://www.youtube.com/watch?v=bQG_j4gMnMc
W13poWsmisI,Why I Regret Going to Las Vegas with QTCinderella...,1346450,61629,1544,PT34M44S,2021-07-01T07:25:21Z,False,https://i.ytimg.com/vi/W13poWsmisI/hqdefault.jpg,https://www.youtube.com/watch?v=W13poWsmisI
A826C3Y63To,How I Accidentally Got 3 People Banned on Twitch,502848,29633,1373,PT15M33S,2021-06-30T08:54:44Z,False,https://i.ytimg.com/vi/A826C3Y63To/hqdefault.jpg,https://www.youtube.com/watch?v=A826C3Y63To
bVk6_1LTsBA,Ludwig’s Worst Nightmare,1623576,77706,1041,PT14S,2021-06-29T18:22:14Z,False,https://i.ytimg.com/vi/bVk6_1LTsBA/hqdefault.jpg,https://www.youtube.com/watch?v=bVk6_1LTsBA
9undPVKvqFQ,Can 3 Gamers Beat 1 Pokémon Master?,1859867,53027,1105,PT23M40S,2021-06-29T07:43:06Z,False,https://i.ytimg.com/vi/9undPVKvqFQ/hqdefault.jpg,https://www.youtube.com/watch?v=9undPVKvqFQ
7ZKisbkaKQ4,"I gave stream $5,000 and this is what they bought…",988954,43188,840,PT22M32S,2021-06-28T06:22:54Z,False,https://i.ytimg.com/vi/7ZKisbkaKQ4/hqdefault.jpg,https://www.youtube.com/watch?v=7ZKisbkaKQ4
UgLGF3TgJtY,I GOT MY OWN CATEGORY ON TWITCH (Hivemind),499431,16562,704,PT1H21M16S,2021-06-27T01:13:02Z,False,https://i.ytimg.com/vi/UgLGF3TgJtY/hqdefault.jpg,https://www.youtube.com/watch?v=UgLGF3TgJtY
_6N8yC6qV74,i speedrun reddit,350500,19409,1683,PT13M1S,2021-06-26T07:09:53Z,False,https://i.ytimg.com/vi/_6N8yC6qV74/hqdefault.jpg,https://www.youtube.com/watch?v=_6N8yC6qV74
zfwAk5rrtOE,Loser Has to Tweet Their Most Embarrassing Photo ft. Jerma985,685869,30819,606,PT31M56S,2021-06-25T07:00:20Z,False,https://i.ytimg.com/vi/zfwAk5rrtOE/hqdefault.jpg,https://www.youtube.com/watch?v=zfwAk5rrtOE
ILxST69xTpg,I Met Jschlatt and Amouranth in Real Life,756783,42642,1199,PT10M16S,2021-06-24T07:25:46Z,False,https://i.ytimg.com/vi/ILxST69xTpg/hqdefault.jpg,https://www.youtube.com/watch?v=ILxST69xTpg
018-kG-4Who,Ludwig Reacts to The Story Of Ludwig by theScore esports,585706,27914,550,PT22M17S,2021-06-23T07:28:06Z,False,https://i.ytimg.com/vi/018-kG-4Who/hqdefault.jpg,https://www.youtube.com/watch?v=018-kG-4Who
l0gWQtLjwKc,Ludwig Ranks EVERY Beer,1002862,33993,2214,PT24M41S,2021-06-22T06:56:50Z,False,https://i.ytimg.com/vi/l0gWQtLjwKc/hqdefault.jpg,https://www.youtube.com/watch?v=l0gWQtLjwKc
kUxJrAdTT_I,HARDEST YOU LAUGH YOU LOSE CHALLENGE,1268728,60411,1127,PT16M30S,2021-06-21T06:03:12Z,False,https://i.ytimg.com/vi/kUxJrAdTT_I/hqdefault.jpg,https://www.youtube.com/watch?v=kUxJrAdTT_I
jwBleSQYKXo,I Got Her Banned on Twitch...,689589,40247,1155,PT12M52S,2021-06-20T06:23:56Z,False,https://i.ytimg.com/vi/jwBleSQYKXo/hqdefault.jpg,https://www.youtube.com/watch?v=jwBleSQYKXo
aVfWy_X82OU,I met moistcr1tikal...,676208,31184,905,PT16M41S,2021-06-19T01:30:13Z,False,https://i.ytimg.com/vi/aVfWy_X82OU/hqdefault.jpg,https://www.youtube.com/watch?v=aVfWy_X82OU
7FSS0nRFNyM,What is happening on Twitch?,781266,55461,2205,PT12M47S,2021-06-18T06:59:11Z,False,https://i.ytimg.com/vi/7FSS0nRFNyM/hqdefault.jpg,https://www.youtube.com/watch?v=7FSS0nRFNyM
ZQKixnMXf2s,THE ULTIMATE HIGHER OR LOWER GAME,963277,48255,620,PT27M38S,2021-06-17T07:07:40Z,False,https://i.ytimg.com/vi/ZQKixnMXf2s/hqdefault.jpg,https://www.youtube.com/watch?v=ZQKixnMXf2s
s7ALCKwl1lI,How I Accidentally Got Banned on YouTube,581748,55856,2614,PT10M52S,2021-06-16T02:08:55Z,False,https://i.ytimg.com/vi/s7ALCKwl1lI/hqdefault.jpg,https://www.youtube.com/watch?v=s7ALCKwl1lI
hxZoRXaUhtQ,I GOT BANNED ON YOUTUBE [READ DESCRIPTION],515927,39447,2254,PT56S,2021-06-15T06:49:51Z,True,https://i.ytimg.com/vi/hxZoRXaUhtQ/hqdefault.jpg,https://www.youtube.com/watch?v=hxZoRXaUhtQ
BL5Di7lytD0,"IF I LAUGH I LOSE $1,000",682771,39253,1017,PT20M37S,2021-06-14T07:01:02Z,False,https://i.ytimg.com/vi/BL5Di7lytD0/hqdefault.jpg,https://www.youtube.com/watch?v=BL5Di7lytD0
BtMMbnC3998,Why Dog Shock Collars Should be Illegal.,740794,35854,1622,PT24M59S,2021-06-13T06:38:36Z,False,https://i.ytimg.com/vi/BtMMbnC3998/hqdefault.jpg,https://www.youtube.com/watch?v=BtMMbnC3998
7Ciq1uAb6IE,The Biggest Game Show on Twitch is Back! (Hivemind),1046893,22312,1044,PT1H47M18S,2021-06-12T06:42:00Z,False,https://i.ytimg.com/vi/7Ciq1uAb6IE/hqdefault.jpg,https://www.youtube.com/watch?v=7Ciq1uAb6IE
5-55gaKKnt0,I Spent $280 on these...,364353,21214,568,PT15M27S,2021-06-11T07:10:42Z,False,https://i.ytimg.com/vi/5-55gaKKnt0/hqdefault.jpg,https://www.youtube.com/watch?v=5-55gaKKnt0
LWUcVB5Dq0Q,"I took a bath in front of 15,000 people",386008,22100,581,PT11M32S,2021-06-10T07:27:52Z,False,https://i.ytimg.com/vi/LWUcVB5Dq0Q/hqdefault.jpg,https://www.youtube.com/watch?v=LWUcVB5Dq0Q
Qguwcx5Llqg,You Can Buy ANYTHING But You Only Have 20 Minutes,694249,31628,679,PT15M30S,2021-06-09T05:59:50Z,False,https://i.ytimg.com/vi/Qguwcx5Llqg/hqdefault.jpg,https://www.youtube.com/watch?v=Qguwcx5Llqg
1m3tzig8XF8,The Greatest Game of Deal or No Deal,956160,49084,1083,PT25M13S,2021-06-08T06:17:08Z,False,https://i.ytimg.com/vi/1m3tzig8XF8/hqdefault.jpg,https://www.youtube.com/watch?v=1m3tzig8XF8
QS6zjTiDvPU,What Can $10 Million Buy You Around the World?,923704,33192,936,PT31M38S,2021-06-07T06:25:44Z,False,https://i.ytimg.com/vi/QS6zjTiDvPU/hqdefault.jpg,https://www.youtube.com/watch?v=QS6zjTiDvPU
FakPZr55FzE,Can You Guess How Much Candy is in the Jar?,782335,29789,701,PT28M42S,2021-06-06T06:59:09Z,False,https://i.ytimg.com/vi/FakPZr55FzE/hqdefault.jpg,https://www.youtube.com/watch?v=FakPZr55FzE
D0Ou6kkfDNw,Ludwig reacts to How Ludwig's Subathon Broke Twitch,4574460,141906,1062,PT24M19S,2021-06-05T07:05:48Z,False,https://i.ytimg.com/vi/D0Ou6kkfDNw/hqdefault.jpg,https://www.youtube.com/watch?v=D0Ou6kkfDNw
yf5S5Xv4oLs,I Bet Corpse $500 He Couldn't Find Norway on a Map,574756,29386,664,PT13M41S,2021-06-04T07:07:24Z,False,https://i.ytimg.com/vi/yf5S5Xv4oLs/hqdefault.jpg,https://www.youtube.com/watch?v=yf5S5Xv4oLs
hL6fwMKvqu8,I met jschlatt...,1452652,72373,998,PT18M2S,2021-06-03T07:00:21Z,False,https://i.ytimg.com/vi/hL6fwMKvqu8/hqdefault.jpg,https://www.youtube.com/watch?v=hL6fwMKvqu8
pqfXb4_mQ1k,How I Accidentally Started Beef with Adin Ross,913405,57087,3495,PT28M24S,2021-06-02T07:50:09Z,False,https://i.ytimg.com/vi/pqfXb4_mQ1k/hqdefault.jpg,https://www.youtube.com/watch?v=pqfXb4_mQ1k
h3HnIIOxaGI,Can 3 Gamers Beat 1 Starcraft Pro?,791767,25475,708,PT17M50S,2021-06-01T02:19:04Z,False,https://i.ytimg.com/vi/h3HnIIOxaGI/hqdefault.jpg,https://www.youtube.com/watch?v=h3HnIIOxaGI
VsNHJSY_24A,Who’s The BEST Couple on Twitch?,1361218,61467,2007,PT34M7S,2021-05-31T07:34:11Z,False,https://i.ytimg.com/vi/VsNHJSY_24A/hqdefault.jpg,https://www.youtube.com/watch?v=VsNHJSY_24A
Pze_Xxydhvw,WHO IS MORE POPULAR?,1796800,67105,1496,PT27M17S,2021-05-30T06:52:34Z,False,https://i.ytimg.com/vi/Pze_Xxydhvw/hqdefault.jpg,https://www.youtube.com/watch?v=Pze_Xxydhvw
vmLecpKXzjo,"I Made the Biggest Streamers in the World Play Poker for $10,000",479730,18380,458,PT21M49S,2021-05-29T06:54:28Z,False,https://i.ytimg.com/vi/vmLecpKXzjo/hqdefault.jpg,https://www.youtube.com/watch?v=vmLecpKXzjo
c3ENWB_jhrw,I Got Nominated for Streamer of the Year...,371927,21895,565,PT13M3S,2021-05-28T07:17:38Z,False,https://i.ytimg.com/vi/c3ENWB_jhrw/hqdefault.jpg,https://www.youtube.com/watch?v=c3ENWB_jhrw
Pc5rrL3AzDY,What House Can $5 Million Buy You Around the World?,1069233,40677,1294,PT32M54S,2021-05-27T07:22:20Z,False,https://i.ytimg.com/vi/Pc5rrL3AzDY/hqdefault.jpg,https://www.youtube.com/watch?v=Pc5rrL3AzDY
VC6i5cJJJ0g,Ludwig reacts to Unusual Memes that will make you laugh out loud,1973160,74475,1998,PT21M21S,2021-05-26T06:55:36Z,False,https://i.ytimg.com/vi/VC6i5cJJJ0g/hqdefault.jpg,https://www.youtube.com/watch?v=VC6i5cJJJ0g
XqwTQltaesY,How I Accidentally Became a Scammer,574668,35338,1462,PT12M2S,2021-05-25T02:51:48Z,False,https://i.ytimg.com/vi/XqwTQltaesY/hqdefault.jpg,https://www.youtube.com/watch?v=XqwTQltaesY
RVg9CjKSq0A,"Unboxing $7,000 Worth of Stuff My Stream Bought Me",1702020,77478,1316,PT20M2S,2021-05-24T06:43:49Z,False,https://i.ytimg.com/vi/RVg9CjKSq0A/hqdefault.jpg,https://www.youtube.com/watch?v=RVg9CjKSq0A
onChVb_Bb8I,Can 3 Gamers Beat 1 Minecraft Speedrunner?,2863420,132726,2277,PT20M32S,2021-05-23T06:32:35Z,False,https://i.ytimg.com/vi/onChVb_Bb8I/hqdefault.jpg,https://www.youtube.com/watch?v=onChVb_Bb8I
fdjVFcKgfYY,I CHALLENGED THE BEST POKEMON PLAYER IN THE WORLD TO RATE MY SKILLS,465229,19982,403,PT24M11S,2021-05-22T02:12:56Z,False,https://i.ytimg.com/vi/fdjVFcKgfYY/hqdefault.jpg,https://www.youtube.com/watch?v=fdjVFcKgfYY
E4K-llpFdig,I Forced OfflineTV to Drink and Play Games With Me,1480325,59734,683,PT21M53S,2021-05-21T06:49:05Z,False,https://i.ytimg.com/vi/E4K-llpFdig/hqdefault.jpg,https://www.youtube.com/watch?v=E4K-llpFdig
61IO2SUXewA,Rest in Peace Le Monke...,445828,23451,712,PT14M19S,2021-05-20T06:16:01Z,False,https://i.ytimg.com/vi/61IO2SUXewA/hqdefault.jpg,https://www.youtube.com/watch?v=61IO2SUXewA
GFlSzi7puvA,The Roast of Ludwig,3081138,149471,3604,PT48M42S,2021-05-19T07:01:38Z,False,https://i.ytimg.com/vi/GFlSzi7puvA/hqdefault.jpg,https://www.youtube.com/watch?v=GFlSzi7puvA
vqOSHFZIIFE,I LEAKED My Address and this is what my viewers sent me...,2338335,91461,1784,PT27M58S,2021-05-18T07:23:40Z,False,https://i.ytimg.com/vi/vqOSHFZIIFE/hqdefault.jpg,https://www.youtube.com/watch?v=vqOSHFZIIFE
1qwS7nfAiCE,What House Can the Average Salary Buy You Around the World? (PHILIPPINES),1963225,73351,3155,PT31M12S,2021-05-17T06:20:10Z,False,https://i.ytimg.com/vi/1qwS7nfAiCE/hqdefault.jpg,https://www.youtube.com/watch?v=1qwS7nfAiCE
2VfZZ5q-rhM,The Video Ends When I Say THIS Word,1414821,64377,1023,PT19M38S,2021-05-16T07:20:44Z,False,https://i.ytimg.com/vi/2VfZZ5q-rhM/hqdefault.jpg,https://www.youtube.com/watch?v=2VfZZ5q-rhM
iE8TcWsxef0,Can 3 Gamers Beat 1 Speedrunner?,6254666,139401,1980,PT31M42S,2021-05-15T08:29:03Z,False,https://i.ytimg.com/vi/iE8TcWsxef0/hqdefault.jpg,https://www.youtube.com/watch?v=iE8TcWsxef0
9gb645YbNII,Ludwig Forgets to Turn Off Stream,716757,36062,749,PT14M6S,2021-05-13T22:58:31Z,False,https://i.ytimg.com/vi/9gb645YbNII/hqdefault.jpg,https://www.youtube.com/watch?v=9gb645YbNII
7gPTQN1-40A,"How I Trolled a Scammer Out of $1,500",560059,40172,916,PT8M18S,2021-05-13T01:29:50Z,False,https://i.ytimg.com/vi/7gPTQN1-40A/hqdefault.jpg,https://www.youtube.com/watch?v=7gPTQN1-40A
5XMSXq8GK5Y,Ludwig Reacts to Unusual Memes that make you uncontrollably laugh,1057145,49410,1120,PT13M17S,2021-05-12T06:15:01Z,False,https://i.ytimg.com/vi/5XMSXq8GK5Y/hqdefault.jpg,https://www.youtube.com/watch?v=5XMSXq8GK5Y
HGggi1Ovfps,What Can $30 Million Buy You Around the World?,2320760,85682,2269,PT31M29S,2021-05-11T22:23:04Z,False,https://i.ytimg.com/vi/HGggi1Ovfps/hqdefault.jpg,https://www.youtube.com/watch?v=HGggi1Ovfps
Bv-4bgQMdj8,Saying YES to whatever stream tells me to do.,1412180,50739,752,PT17M5S,2021-05-10T21:45:06Z,False,https://i.ytimg.com/vi/Bv-4bgQMdj8/hqdefault.jpg,https://www.youtube.com/watch?v=Bv-4bgQMdj8
zziW7QyIor0,I Made My Girlfriend Play Siblings or Dating...,1766811,71531,1432,PT21M54S,2021-05-10T03:27:00Z,False,https://i.ytimg.com/vi/zziW7QyIor0/hqdefault.jpg,https://www.youtube.com/watch?v=zziW7QyIor0
ej_ZURaBcj0,Rating My Viewers YouTube Channels is a horrible idea...,1035987,44460,902,PT20M44S,2021-05-09T06:59:33Z,False,https://i.ytimg.com/vi/ej_ZURaBcj0/hqdefault.jpg,https://www.youtube.com/watch?v=ej_ZURaBcj0
uHbpo4dA8Ok,"I Challenged 20,000 People to a Game of Pictionary",627157,27447,689,PT19M51S,2021-05-08T02:09:16Z,False,https://i.ytimg.com/vi/uHbpo4dA8Ok/hqdefault.jpg,https://www.youtube.com/watch?v=uHbpo4dA8Ok
JhoyUwjNcZ0,The Human Benchmark Test is CRAZY,1571279,47369,1034,PT31M4S,2021-05-07T06:55:29Z,False,https://i.ytimg.com/vi/JhoyUwjNcZ0/hqdefault.jpg,https://www.youtube.com/watch?v=JhoyUwjNcZ0
a3tBLdLJcAs,I made my best friend get a tattoo of my name,330556,18013,450,PT15M23S,2021-05-06T05:55:46Z,False,https://i.ytimg.com/vi/a3tBLdLJcAs/hqdefault.jpg,https://www.youtube.com/watch?v=a3tBLdLJcAs
hohXoes-G0M,Ludwig reacts to Unusual Memes that make you laugh and cry,1426979,59770,1465,PT24M,2021-05-05T07:03:59Z,False,https://i.ytimg.com/vi/hohXoes-G0M/hqdefault.jpg,https://www.youtube.com/watch?v=hohXoes-G0M
yi9-ZoMfrrY,ULTIMATE YOU LAUGH YOU LOSE CHALLENGE,2640549,89392,1366,PT21M23S,2021-05-04T03:30:29Z,False,https://i.ytimg.com/vi/yi9-ZoMfrrY/hqdefault.jpg,https://www.youtube.com/watch?v=yi9-ZoMfrrY
eXppsdJZKHk,Can An American Find More Pubs Than a British Man?,979209,33327,1081,PT20M54S,2021-05-03T00:33:25Z,False,https://i.ytimg.com/vi/eXppsdJZKHk/hqdefault.jpg,https://www.youtube.com/watch?v=eXppsdJZKHk
6LJjDFEITGA,Surprising My Best Friend with his Dream Car,655935,64739,2131,PT8M2S,2021-05-02T05:53:22Z,False,https://i.ytimg.com/vi/6LJjDFEITGA/hqdefault.jpg,https://www.youtube.com/watch?v=6LJjDFEITGA
9xlT-xDn9tA,Twitch Streamers Try Family Feud,1077910,36086,520,PT29M34S,2021-05-01T06:56:44Z,False,https://i.ytimg.com/vi/9xlT-xDn9tA/hqdefault.jpg,https://www.youtube.com/watch?v=9xlT-xDn9tA
UkHsMvyBraA,Finding the Value of my Pokémon Collection,2268643,52354,1235,PT15M11S,2021-04-30T05:40:04Z,False,https://i.ytimg.com/vi/UkHsMvyBraA/hqdefault.jpg,https://www.youtube.com/watch?v=UkHsMvyBraA
0DO335C3BaQ,I Gave My Stream 30 Minutes to Buy ANYTHING They Want,2476101,90828,1706,PT18M36S,2021-04-29T23:54:02Z,False,https://i.ytimg.com/vi/0DO335C3BaQ/hqdefault.jpg,https://www.youtube.com/watch?v=0DO335C3BaQ
5y3FU5zKBes,Why Online Arcades are a Scam.,1641493,56217,1220,PT19M3S,2021-04-29T06:42:16Z,False,https://i.ytimg.com/vi/5y3FU5zKBes/hqdefault.jpg,https://www.youtube.com/watch?v=5y3FU5zKBes
4yeHAJbepZU,How much did someone get paid for this???,433870,22282,552,PT16M53S,2021-04-28T06:42:53Z,False,https://i.ytimg.com/vi/4yeHAJbepZU/hqdefault.jpg,https://www.youtube.com/watch?v=4yeHAJbepZU
p3JWlh77q-Q,My New Best Friend.,762665,34224,611,PT17M52S,2021-04-27T21:31:03Z,False,https://i.ytimg.com/vi/p3JWlh77q-Q/hqdefault.jpg,https://www.youtube.com/watch?v=p3JWlh77q-Q
4qBtcyBoGC8,My Arch Rival...,516090,36755,1020,PT19M24S,2021-04-27T04:53:57Z,False,https://i.ytimg.com/vi/4qBtcyBoGC8/hqdefault.jpg,https://www.youtube.com/watch?v=4qBtcyBoGC8
tZc_YiVehcs,Ludwig Reacts to Unusual Memes that make you cry laughing,1448767,58126,811,PT10M44S,2021-04-26T03:26:00Z,False,https://i.ytimg.com/vi/tZc_YiVehcs/hqdefault.jpg,https://www.youtube.com/watch?v=tZc_YiVehcs
2PMDUKW8Ahk,Disguised Toast Calls Ludwig the Smartest Streamer,542876,25218,530,PT19M12S,2021-04-25T06:16:33Z,False,https://i.ytimg.com/vi/2PMDUKW8Ahk/hqdefault.jpg,https://www.youtube.com/watch?v=2PMDUKW8Ahk
TJdWey4-MdM,How Much Money I Made From the Subathon.,769673,41852,895,PT20M1S,2021-04-24T06:46:51Z,False,https://i.ytimg.com/vi/TJdWey4-MdM/hqdefault.jpg,https://www.youtube.com/watch?v=TJdWey4-MdM
1AFvQP5bVDo,Ludwig Reveals What He Did After the Subathon,505956,25734,556,PT19M49S,2021-04-23T06:25:22Z,False,https://i.ytimg.com/vi/1AFvQP5bVDo/hqdefault.jpg,https://www.youtube.com/watch?v=1AFvQP5bVDo
zdsdEVngg7Y,Using Magnus Carlsen to CHEAT in Chess,7313082,199526,2424,PT28M5S,2021-04-22T07:01:43Z,False,https://i.ytimg.com/vi/zdsdEVngg7Y/hqdefault.jpg,https://www.youtube.com/watch?v=zdsdEVngg7Y
R1mVzUB4fyY,The NEW Biggest Streamer on Twitch,667207,37266,2168,PT18M9S,2021-04-21T05:48:00Z,False,https://i.ytimg.com/vi/R1mVzUB4fyY/hqdefault.jpg,https://www.youtube.com/watch?v=R1mVzUB4fyY
zWwNl44pS8Y,The Dark Side of Sykkuno,347149,17877,397,PT19M16S,2021-04-20T06:28:59Z,False,https://i.ytimg.com/vi/zWwNl44pS8Y/hqdefault.jpg,https://www.youtube.com/watch?v=zWwNl44pS8Y
3v7G8bpJglk,Ask Me Anything,334724,18195,408,PT16M22S,2021-04-19T06:56:30Z,False,https://i.ytimg.com/vi/3v7G8bpJglk/hqdefault.jpg,https://www.youtube.com/watch?v=3v7G8bpJglk
7csUalGIGgI,The Truth About Ludwig...,452805,25378,684,PT23M39S,2021-04-18T06:48:29Z,False,https://i.ytimg.com/vi/7csUalGIGgI/hqdefault.jpg,https://www.youtube.com/watch?v=7csUalGIGgI
WC4bSF2Vj5c,Can I Still Beat the Hardest Games of all Time in 1 Hour?,1005697,44918,829,PT22M4S,2021-04-17T06:57:37Z,False,https://i.ytimg.com/vi/WC4bSF2Vj5c/hqdefault.jpg,https://www.youtube.com/watch?v=WC4bSF2Vj5c
sCu8-aCSZbE,How I Accidentally Became the Biggest Streamer of all Time,3490375,197852,5700,PT24M35S,2021-04-16T08:29:54Z,False,https://i.ytimg.com/vi/sCu8-aCSZbE/hqdefault.jpg,https://www.youtube.com/watch?v=sCu8-aCSZbE
msYCq2J8EPI,"the entire history of ireland, i guess",531931,28753,2127,PT28M14S,2021-04-15T06:38:56Z,False,https://i.ytimg.com/vi/msYCq2J8EPI/hqdefault.jpg,https://www.youtube.com/watch?v=msYCq2J8EPI
cJDGFTlCneY,It's over.,926467,48216,1652,PT14M54S,2021-04-13T23:37:17Z,False,https://i.ytimg.com/vi/cJDGFTlCneY/hqdefault.jpg,https://www.youtube.com/watch?v=cJDGFTlCneY
eTNVnkDB82g,The Greatest Comeback in Geoguessr History!,1131510,41532,752,PT21M34S,2021-04-13T06:24:14Z,False,https://i.ytimg.com/vi/eTNVnkDB82g/hqdefault.jpg,https://www.youtube.com/watch?v=eTNVnkDB82g
OCbO2tE89Nc,The End of the Subathon,924371,42593,1440,PT18M42S,2021-04-12T06:45:34Z,False,https://i.ytimg.com/vi/OCbO2tE89Nc/hqdefault.jpg,https://www.youtube.com/watch?v=OCbO2tE89Nc
xaeMOZwq0BA,I Beat a Child in Chess.,638306,26550,546,PT21M12S,2021-04-11T06:55:40Z,False,https://i.ytimg.com/vi/xaeMOZwq0BA/hqdefault.jpg,https://www.youtube.com/watch?v=xaeMOZwq0BA
3f78bvvqXiY,I Bought the WORST Fake Ludwig Merch,389001,19362,469,PT13M29S,2021-04-10T04:06:29Z,False,https://i.ytimg.com/vi/3f78bvvqXiY/hqdefault.jpg,https://www.youtube.com/watch?v=3f78bvvqXiY
ruDJCoLKxFw,Spiritual Super Monkey Ball 3?,743531,28891,502,PT20M33S,2021-04-09T06:40:57Z,False,https://i.ytimg.com/vi/ruDJCoLKxFw/hqdefault.jpg,https://www.youtube.com/watch?v=ruDJCoLKxFw
7z3fPo8RHIk,Ludwig Reacts to Unusual Memes that MAKE you smile,959526,44021,612,PT12M21S,2021-04-08T05:16:50Z,False,https://i.ytimg.com/vi/7z3fPo8RHIk/hqdefault.jpg,https://www.youtube.com/watch?v=7z3fPo8RHIk
yM7-HahvWAw,It's almost over...,806162,36970,1228,PT16M22S,2021-04-07T05:00:17Z,False,https://i.ytimg.com/vi/yM7-HahvWAw/hqdefault.jpg,https://www.youtube.com/watch?v=yM7-HahvWAw
t7Cm39ibTzA,Crazy new AFK impostor strat on Airship,421279,21964,451,PT11M7S,2021-04-06T04:56:10Z,False,https://i.ytimg.com/vi/t7Cm39ibTzA/hqdefault.jpg,https://www.youtube.com/watch?v=t7Cm39ibTzA
WtsG_MEK-Zc,I livestreamed every minute of my life for 3 weeks and here's how much I earned,610437,33849,994,PT12M28S,2021-04-05T05:12:45Z,False,https://i.ytimg.com/vi/WtsG_MEK-Zc/hqdefault.jpg,https://www.youtube.com/watch?v=WtsG_MEK-Zc
uSQuV2B2uCY,Who is the Most Googled Person of all Time?,1154727,49960,971,PT20M22S,2021-04-04T06:15:35Z,False,https://i.ytimg.com/vi/uSQuV2B2uCY/hqdefault.jpg,https://www.youtube.com/watch?v=uSQuV2B2uCY
qBeAE8rvxRU,Trolling OfflineTV in Among Us,844675,35413,616,PT15M49S,2021-04-03T06:46:10Z,False,https://i.ytimg.com/vi/qBeAE8rvxRU/hqdefault.jpg,https://www.youtube.com/watch?v=qBeAE8rvxRU
sZrx8tD9IwY,Can You Taste the Difference Between Cheap and Expensive Chocolate?,560061,19705,414,PT22M8S,2021-04-02T07:05:20Z,False,https://i.ytimg.com/vi/sZrx8tD9IwY/hqdefault.jpg,https://www.youtube.com/watch?v=sZrx8tD9IwY
IgrxQRlDVi0,Whoever Wins Becomes His Best Man,713807,25247,446,PT24M24S,2021-04-01T06:59:13Z,False,https://i.ytimg.com/vi/IgrxQRlDVi0/hqdefault.jpg,https://www.youtube.com/watch?v=IgrxQRlDVi0
lHgaT0i-TA0,Give It Up for Day 15,469697,25783,639,PT15M25S,2021-03-31T06:04:48Z,False,https://i.ytimg.com/vi/lHgaT0i-TA0/hqdefault.jpg,https://www.youtube.com/watch?v=lHgaT0i-TA0
DqmSovzS8HY,Can 3 Gamers Beat 1 Trackmania Pro Driving Backwards?,2289393,58796,694,PT23M37S,2021-03-30T08:53:23Z,False,https://i.ytimg.com/vi/DqmSovzS8HY/hqdefault.jpg,https://www.youtube.com/watch?v=DqmSovzS8HY
hzgDK90GA1Q,Hivemind Season Finale,1459461,15650,837,PT2H28M4S,2021-03-29T23:33:28Z,False,https://i.ytimg.com/vi/hzgDK90GA1Q/hqdefault.jpg,https://www.youtube.com/watch?v=hzgDK90GA1Q
FiSRIuuIgyE,Dream is in this video.,487733,26387,628,PT15M54S,2021-03-29T06:57:11Z,False,https://i.ytimg.com/vi/FiSRIuuIgyE/hqdefault.jpg,https://www.youtube.com/watch?v=FiSRIuuIgyE
Y-G8pTrOWus,I banned Dream.,790117,44462,890,PT18M15S,2021-03-28T05:25:24Z,False,https://i.ytimg.com/vi/Y-G8pTrOWus/hqdefault.jpg,https://www.youtube.com/watch?v=Y-G8pTrOWus
QblSVioteW8,I Cheated and Still Lost...,1487887,49983,763,PT29M,2021-03-27T07:01:08Z,False,https://i.ytimg.com/vi/QblSVioteW8/hqdefault.jpg,https://www.youtube.com/watch?v=QblSVioteW8
ixO-_v2fB4Y,I livestreamed every minute of my life for 10 days and here's how much I earned,1089178,58947,2052,PT17M5S,2021-03-26T06:54:46Z,False,https://i.ytimg.com/vi/ixO-_v2fB4Y/hqdefault.jpg,https://www.youtube.com/watch?v=ixO-_v2fB4Y
cUJ3B7QcZ9U,When Ludwig is sus...,476598,24036,746,PT10M18S,2021-03-25T06:51:32Z,False,https://i.ytimg.com/vi/cUJ3B7QcZ9U/hqdefault.jpg,https://www.youtube.com/watch?v=cUJ3B7QcZ9U
JSH8VLIqEDs,How Old Are My Viewers?,469484,25242,844,PT17M2S,2021-03-24T06:30:38Z,False,https://i.ytimg.com/vi/JSH8VLIqEDs/hqdefault.jpg,https://www.youtube.com/watch?v=JSH8VLIqEDs
d_x_khfUVTA,Viewers came to my address and gave me this...,461736,24201,910,PT13M30S,2021-03-23T06:55:28Z,False,https://i.ytimg.com/vi/d_x_khfUVTA/hqdefault.jpg,https://www.youtube.com/watch?v=d_x_khfUVTA
uLZz8vH7t-U,Can a European Name More States Than an American?,1574573,53163,1596,PT26M57S,2021-03-22T06:56:21Z,False,https://i.ytimg.com/vi/uLZz8vH7t-U/hqdefault.jpg,https://www.youtube.com/watch?v=uLZz8vH7t-U
8LnJNywSVew,"I forced 20,000 viewers to make me a playlist.",1161391,54710,1597,PT25M52S,2021-03-21T06:55:03Z,False,https://i.ytimg.com/vi/8LnJNywSVew/hqdefault.jpg,https://www.youtube.com/watch?v=8LnJNywSVew
O8H95tpKzuc,Can You Beat Me in Geoguessr? [PLAY ALONG],361937,16476,1200,PT15M15S,2021-03-20T05:37:41Z,False,https://i.ytimg.com/vi/O8H95tpKzuc/hqdefault.jpg,https://www.youtube.com/watch?v=O8H95tpKzuc
0KGvcyy5z18,This Video Proves Who is Smarter.,564969,23112,635,PT24M22S,2021-03-19T06:07:41Z,False,https://i.ytimg.com/vi/0KGvcyy5z18/hqdefault.jpg,https://www.youtube.com/watch?v=0KGvcyy5z18
3rGBisAobPE,I livestreamed every minute of my life for 3 days and here's how much I earned,1074451,61857,1913,PT12M44S,2021-03-18T05:36:08Z,False,https://i.ytimg.com/vi/3rGBisAobPE/hqdefault.jpg,https://www.youtube.com/watch?v=3rGBisAobPE
4nD5OFuUM7I,Why Ludwig is the Most Unique Streamer on Twitch,829650,37386,1368,PT17M28S,2021-03-17T04:47:08Z,False,https://i.ytimg.com/vi/4nD5OFuUM7I/hqdefault.jpg,https://www.youtube.com/watch?v=4nD5OFuUM7I
_mrKvqkd2DE,The Video Ends When I Beat Winnie the Pooh Homerun Derby,1858419,57017,1085,PT25M4S,2021-03-16T06:27:20Z,False,https://i.ytimg.com/vi/_mrKvqkd2DE/hqdefault.jpg,https://www.youtube.com/watch?v=_mrKvqkd2DE
qmRQspiECu4,The Greatest Game of Geoguessr.,1014431,38943,898,PT26M50S,2021-03-15T07:17:25Z,False,https://i.ytimg.com/vi/qmRQspiECu4/hqdefault.jpg,https://www.youtube.com/watch?v=qmRQspiECu4
-TA8UsrDl0A,Ranking the Best YouTuber Songs,2836066,114669,6961,PT26M38S,2021-03-14T07:59:15Z,False,https://i.ytimg.com/vi/-TA8UsrDl0A/hqdefault.jpg,https://www.youtube.com/watch?v=-TA8UsrDl0A
wL0c1Zp3iD0,Weighing Myself for the First Time Since Quarantine (Big Fail),420123,21127,675,PT19M56S,2021-03-13T00:21:07Z,False,https://i.ytimg.com/vi/wL0c1Zp3iD0/hqdefault.jpg,https://www.youtube.com/watch?v=wL0c1Zp3iD0
3vXGHf_GojI,Why I Took a Break.,907948,58274,3000,PT24M54S,2021-03-12T07:48:50Z,False,https://i.ytimg.com/vi/3vXGHf_GojI/hqdefault.jpg,https://www.youtube.com/watch?v=3vXGHf_GojI
_yn5vhfhmX0,This Video Will Get Me Arrested,312694,20380,673,PT11M53S,2021-03-11T07:50:45Z,False,https://i.ytimg.com/vi/_yn5vhfhmX0/hqdefault.jpg,https://www.youtube.com/watch?v=_yn5vhfhmX0
OglsNGpIeXc,MOVING IN WITH THE BOYS,279158,12711,272,PT12M31S,2021-03-10T07:10:47Z,False,https://i.ytimg.com/vi/OglsNGpIeXc/hqdefault.jpg,https://www.youtube.com/watch?v=OglsNGpIeXc
jXlgutTVNGM,"I won $10,000 by NOT playing Mario Party",1223142,42941,843,PT26M52S,2021-03-09T07:00:06Z,False,https://i.ytimg.com/vi/jXlgutTVNGM/hqdefault.jpg,https://www.youtube.com/watch?v=jXlgutTVNGM
vP_VkuDNr6A,Hivemind Episode 8,624047,10422,731,PT1H46M8S,2021-03-08T22:00:12Z,False,https://i.ytimg.com/vi/vP_VkuDNr6A/hqdefault.jpg,https://www.youtube.com/watch?v=vP_VkuDNr6A
0gZ0a6mc4Ek,The Greatest Game of Rocket League,672060,33702,782,PT17M29S,2021-03-08T07:01:24Z,False,https://i.ytimg.com/vi/0gZ0a6mc4Ek/hqdefault.jpg,https://www.youtube.com/watch?v=0gZ0a6mc4Ek
t5i5HtLrcQQ,I Beat a Woman in Chess,1776737,52458,1135,PT16M54S,2021-03-07T04:30:07Z,False,https://i.ytimg.com/vi/t5i5HtLrcQQ/hqdefault.jpg,https://www.youtube.com/watch?v=t5i5HtLrcQQ
tPIQyVpuOKQ,How I beat the best Geoguessr player in the world.,894699,39513,742,PT21M31S,2021-03-06T04:00:06Z,False,https://i.ytimg.com/vi/tPIQyVpuOKQ/hqdefault.jpg,https://www.youtube.com/watch?v=tPIQyVpuOKQ
c2J5lk0dX-Q,I had the worst day.,416247,18545,619,PT21M55S,2021-03-05T04:00:04Z,False,https://i.ytimg.com/vi/c2J5lk0dX-Q/hqdefault.jpg,https://www.youtube.com/watch?v=c2J5lk0dX-Q
G4rbiFakW8Y,I Asked YouTubers the Internets HARDEST Questions,2524681,104370,13072,PT36M49S,2021-03-04T01:33:56Z,False,https://i.ytimg.com/vi/G4rbiFakW8Y/hqdefault.jpg,https://www.youtube.com/watch?v=G4rbiFakW8Y
4E1K-g9O9Qo,I lied.,541317,28410,937,PT16M40S,2021-03-03T08:18:21Z,False,https://i.ytimg.com/vi/4E1K-g9O9Qo/hqdefault.jpg,https://www.youtube.com/watch?v=4E1K-g9O9Qo
77VW3C1s254,Is Twitch Chat SMARTER Than Itself?,983535,33252,975,PT28M54S,2021-03-02T08:00:56Z,False,https://i.ytimg.com/vi/77VW3C1s254/hqdefault.jpg,https://www.youtube.com/watch?v=77VW3C1s254
9ouo6gQMYVc,How I Became the Worst Breath of the Wild Speedrunner in the World.,1420932,48355,894,PT28M37S,2021-03-01T07:08:22Z,False,https://i.ytimg.com/vi/9ouo6gQMYVc/hqdefault.jpg,https://www.youtube.com/watch?v=9ouo6gQMYVc
lvPmEmDJmh0,MrBeast Thought He Could Beat Me...,1759810,74330,980,PT21M9S,2021-02-28T07:48:51Z,False,https://i.ytimg.com/vi/lvPmEmDJmh0/hqdefault.jpg,https://www.youtube.com/watch?v=lvPmEmDJmh0
s35Z7Peh2AU,THE BIGGEST GAMESHOW ON TWITCH,943942,14578,751,PT1H46M40S,2021-02-27T07:42:36Z,False,https://i.ytimg.com/vi/s35Z7Peh2AU/hqdefault.jpg,https://www.youtube.com/watch?v=s35Z7Peh2AU
Bbjcuc-7j9c,The New Face of Twitch,361942,20670,819,PT18M19S,2021-02-26T08:02:03Z,False,https://i.ytimg.com/vi/Bbjcuc-7j9c/hqdefault.jpg,https://www.youtube.com/watch?v=Bbjcuc-7j9c
huaF5YBKVAY,"Can I Beat 30,000 People in Geoguessr?",1014278,39089,1137,PT22M16S,2021-02-25T07:56:20Z,False,https://i.ytimg.com/vi/huaF5YBKVAY/hqdefault.jpg,https://www.youtube.com/watch?v=huaF5YBKVAY
6UTePhT7evU,How I Accidentally Became Friends with Magnus Carlsen,1154702,54378,1637,PT23M41S,2021-02-24T07:54:46Z,False,https://i.ytimg.com/vi/6UTePhT7evU/hqdefault.jpg,https://www.youtube.com/watch?v=6UTePhT7evU
kSwLl82wKQQ,Can You Taste the Difference Between Cheap and Expensive Cheese?,2018371,54310,1451,PT33M39S,2021-02-23T08:10:16Z,False,https://i.ytimg.com/vi/kSwLl82wKQQ/hqdefault.jpg,https://www.youtube.com/watch?v=kSwLl82wKQQ
8xP9dzxOOGw,"I Challenged 20,000 People to a game of Geoguessr.",2147928,68306,1875,PT28M8S,2021-02-22T07:47:40Z,False,https://i.ytimg.com/vi/8xP9dzxOOGw/hqdefault.jpg,https://www.youtube.com/watch?v=8xP9dzxOOGw
imn7p5yUZGo,Can 3 Gamers Beat 1 Radiant Player?,3025697,87095,1780,PT32M37S,2021-02-21T03:39:25Z,False,https://i.ytimg.com/vi/imn7p5yUZGo/hqdefault.jpg,https://www.youtube.com/watch?v=imn7p5yUZGo
y3zuJdlZWhY,Ludwig Ranks Every Fast Food Burger,2469209,68055,4150,PT38M31S,2021-02-20T05:01:23Z,False,https://i.ytimg.com/vi/y3zuJdlZWhY/hqdefault.jpg,https://www.youtube.com/watch?v=y3zuJdlZWhY
IWh8h-Xq3Wc,Our Gameshow Got Emotional. (Hivemind Episode 4),666163,13994,1494,PT1H39M3S,2021-02-19T06:22:39Z,False,https://i.ytimg.com/vi/IWh8h-Xq3Wc/hqdefault.jpg,https://www.youtube.com/watch?v=IWh8h-Xq3Wc
wG_d-EUoiMQ,Playing Among Us But Sykkuno is a Snitch,623519,29392,643,PT15M40S,2021-02-18T04:43:34Z,False,https://i.ytimg.com/vi/wG_d-EUoiMQ/hqdefault.jpg,https://www.youtube.com/watch?v=wG_d-EUoiMQ
ZAc6Cj1Ldsg,My Girlfriend Bought the Worst Couples Costumes.,1375347,62395,1667,PT19M53S,2021-02-17T06:08:10Z,False,https://i.ytimg.com/vi/ZAc6Cj1Ldsg/hqdefault.jpg,https://www.youtube.com/watch?v=ZAc6Cj1Ldsg
GbtH3Z2P1w0,I'm taking a break.,550421,33247,1426,PT19M7S,2021-02-16T06:40:49Z,False,https://i.ytimg.com/vi/GbtH3Z2P1w0/hqdefault.jpg,https://www.youtube.com/watch?v=GbtH3Z2P1w0
sWqUmhgMIy0,Ludwig Reacts to His Custom Among Us Skin,650571,32084,583,PT16M52S,2021-02-15T00:20:39Z,False,https://i.ytimg.com/vi/sWqUmhgMIy0/hqdefault.jpg,https://www.youtube.com/watch?v=sWqUmhgMIy0
NVYKPo8uf8E,I Played With The Greatest Geoguessr Player in the World,2778108,93349,3456,PT52M53S,2021-02-14T07:14:11Z,False,https://i.ytimg.com/vi/NVYKPo8uf8E/hqdefault.jpg,https://www.youtube.com/watch?v=NVYKPo8uf8E
d_o2Jnne6QM,Ludwig Reacts to the FUNNIEST Tik Toks,996705,52081,1582,PT14M39S,2021-02-13T05:14:59Z,False,https://i.ytimg.com/vi/d_o2Jnne6QM/hqdefault.jpg,https://www.youtube.com/watch?v=d_o2Jnne6QM
PHEIkwaZ5vg,I Bought Shroud.,3773468,174119,3535,PT25M45S,2021-02-12T02:00:03Z,False,https://i.ytimg.com/vi/PHEIkwaZ5vg/hqdefault.jpg,https://www.youtube.com/watch?v=PHEIkwaZ5vg
-sdJ2JdtlGY,Can 3 Guys Beat A Blindfolded Chess Master?,6485790,171352,2617,PT29M38S,2021-02-11T00:41:06Z,False,https://i.ytimg.com/vi/-sdJ2JdtlGY/hqdefault.jpg,https://www.youtube.com/watch?v=-sdJ2JdtlGY
0i9gkprYekI,DON'T START STREAMING BEFORE WATCHING THIS,1578875,87985,2888,PT49M2S,2021-02-09T23:06:13Z,False,https://i.ytimg.com/vi/0i9gkprYekI/hqdefault.jpg,https://www.youtube.com/watch?v=0i9gkprYekI
2uJzBB4gzNc,I Made a Gameshow with WOMEN (Hivemind Episode 3),641043,18483,1545,PT1H33M34S,2021-02-08T23:00:01Z,False,https://i.ytimg.com/vi/2uJzBB4gzNc/hqdefault.jpg,https://www.youtube.com/watch?v=2uJzBB4gzNc
VZRVtY2t89g,I Tried Beating the Best Geoguessr Player in the World.,899670,43136,1392,PT22M8S,2021-02-08T07:43:22Z,False,https://i.ytimg.com/vi/VZRVtY2t89g/hqdefault.jpg,https://www.youtube.com/watch?v=VZRVtY2t89g
nOzeJzikKjc,Reacting To My Old Commercials (Still Funny?),1039759,36280,938,PT43M,2021-02-07T03:00:23Z,False,https://i.ytimg.com/vi/nOzeJzikKjc/hqdefault.jpg,https://www.youtube.com/watch?v=nOzeJzikKjc
wDWBPLkre4E,My Chat Thought I Couldn't Do It.,474617,29023,1005,PT12M11S,2021-02-06T00:30:03Z,False,https://i.ytimg.com/vi/wDWBPLkre4E/hqdefault.jpg,https://www.youtube.com/watch?v=wDWBPLkre4E
mBvuq4ijT7o,Can I Beat A Chess Master With No Queen?,2725693,75605,1359,PT22M10S,2021-02-05T07:43:59Z,False,https://i.ytimg.com/vi/mBvuq4ijT7o/hqdefault.jpg,https://www.youtube.com/watch?v=mBvuq4ijT7o
XmhR922xyaE,Ludwig Gets Honest with Dr. K,1378136,55457,3285,PT55M59S,2021-02-04T04:05:06Z,False,https://i.ytimg.com/vi/XmhR922xyaE/hqdefault.jpg,https://www.youtube.com/watch?v=XmhR922xyaE
GGGrmu_cYto,I Speedrun Wikipedia.,2878975,89864,2535,PT35M35S,2021-02-03T04:23:15Z,False,https://i.ytimg.com/vi/GGGrmu_cYto/hqdefault.jpg,https://www.youtube.com/watch?v=GGGrmu_cYto
PlEwDZI1rVw,I Challenged the Best Geoguessr Player in the World.,1293420,58371,1506,PT20M17S,2021-02-02T07:51:59Z,False,https://i.ytimg.com/vi/PlEwDZI1rVw/hqdefault.jpg,https://www.youtube.com/watch?v=PlEwDZI1rVw
frA0zyaETn4,Ludwig Gets Destroyed By LudwigBot,2287243,65857,1066,PT18M46S,2021-02-01T05:48:20Z,False,https://i.ytimg.com/vi/frA0zyaETn4/hqdefault.jpg,https://www.youtube.com/watch?v=frA0zyaETn4
-a6WjsrpPks,Our Gameshow Almost Got Cancelled... (Hivemind Episode 2),740322,26382,1265,PT1H25M31S,2021-01-31T07:12:36Z,False,https://i.ytimg.com/vi/-a6WjsrpPks/hqdefault.jpg,https://www.youtube.com/watch?v=-a6WjsrpPks
04yUxKmeoe8,stonk,372848,19269,645,PT17M49S,2021-01-30T05:31:40Z,False,https://i.ytimg.com/vi/04yUxKmeoe8/hqdefault.jpg,https://www.youtube.com/watch?v=04yUxKmeoe8
pgsI0j6y15E,Can 3 Gamers Beat 1 Rocket League Pro?,2158790,68948,2018,PT24M19S,2021-01-29T06:58:58Z,False,https://i.ytimg.com/vi/pgsI0j6y15E/hqdefault.jpg,https://www.youtube.com/watch?v=pgsI0j6y15E
2yL2A9QqLDQ,I might go to Jail...,483741,22044,651,PT23M35S,2021-01-28T07:30:30Z,False,https://i.ytimg.com/vi/2yL2A9QqLDQ/hqdefault.jpg,https://www.youtube.com/watch?v=2yL2A9QqLDQ
f9cQDQfrg1o,WHERE AM I? (ULTIMATE GEOGUESSR CHALLENGE),830824,37869,1358,PT19M47S,2021-01-27T02:58:38Z,False,https://i.ytimg.com/vi/f9cQDQfrg1o/hqdefault.jpg,https://www.youtube.com/watch?v=f9cQDQfrg1o
8MN2SkZjEJ4,"AM I SMARTER THAN 20,000 PEOPLE (HIGHER OR LOWER)",1882690,72664,1732,PT27M8S,2021-01-26T07:46:37Z,False,https://i.ytimg.com/vi/8MN2SkZjEJ4/hqdefault.jpg,https://www.youtube.com/watch?v=8MN2SkZjEJ4
TYOgMlCdKco,I Swapped Streams With My Girlfriend...,4349736,151761,3290,PT21M56S,2021-01-25T04:30:01Z,False,https://i.ytimg.com/vi/TYOgMlCdKco/hqdefault.jpg,https://www.youtube.com/watch?v=TYOgMlCdKco
XpuDP4576do,Among Us But I Try To Get Voted Off (Jester Mod),1073609,46694,899,PT21M34S,2021-01-24T07:57:25Z,False,https://i.ytimg.com/vi/XpuDP4576do/hqdefault.jpg,https://www.youtube.com/watch?v=XpuDP4576do
V65Qucy64Ms,We Made a Gameshow (Hivemind Episode 1),975398,40310,2357,PT1H14M15S,2021-01-23T07:15:39Z,False,https://i.ytimg.com/vi/V65Qucy64Ms/hqdefault.jpg,https://www.youtube.com/watch?v=V65Qucy64Ms
_nf0CEiXhv4,We Started a Business.,465089,20227,527,PT28M44S,2021-01-22T07:10:06Z,False,https://i.ytimg.com/vi/_nf0CEiXhv4/hqdefault.jpg,https://www.youtube.com/watch?v=_nf0CEiXhv4
VD128dIhR-U,Oops.,502304,30772,1086,PT22M18S,2021-01-21T07:52:43Z,False,https://i.ytimg.com/vi/VD128dIhR-U/hqdefault.jpg,https://www.youtube.com/watch?v=VD128dIhR-U
-XOONEzr4FU,This Code Miko Interview Went Wrong...,815073,46095,1577,PT25M12S,2021-01-20T07:50:52Z,False,https://i.ytimg.com/vi/-XOONEzr4FU/hqdefault.jpg,https://www.youtube.com/watch?v=-XOONEzr4FU
udrhLtb3UJM,Technoblade is in this video.,2112979,124222,4309,PT21M47S,2021-01-19T07:05:19Z,False,https://i.ytimg.com/vi/udrhLtb3UJM/hqdefault.jpg,https://www.youtube.com/watch?v=udrhLtb3UJM
VTBNwwQd_KA,The Greatest Rivalry of All Time.,730750,33421,667,PT23M41S,2021-01-18T06:48:45Z,False,https://i.ytimg.com/vi/VTBNwwQd_KA/hqdefault.jpg,https://www.youtube.com/watch?v=VTBNwwQd_KA
APnRg5HqqrE,The Channel is Changing.,507358,30732,3670,PT22M14S,2021-01-17T04:39:01Z,False,https://i.ytimg.com/vi/APnRg5HqqrE/hqdefault.jpg,https://www.youtube.com/watch?v=APnRg5HqqrE
XgGv_pie2kY,A Message from GeorgeNotFound,333618,25062,1236,PT20M23S,2021-01-16T07:36:40Z,False,https://i.ytimg.com/vi/XgGv_pie2kY/hqdefault.jpg,https://www.youtube.com/watch?v=XgGv_pie2kY
hYwdtbo8Ej8,I Have One Friend.,422194,25943,930,PT15M42S,2021-01-15T05:21:17Z,False,https://i.ytimg.com/vi/hYwdtbo8Ej8/hqdefault.jpg,https://www.youtube.com/watch?v=hYwdtbo8Ej8
knocv9CYPd4,Among Us But We Take A Shot Every Death.,1113241,52739,791,PT18M33S,2021-01-14T07:59:28Z,False,https://i.ytimg.com/vi/knocv9CYPd4/hqdefault.jpg,https://www.youtube.com/watch?v=knocv9CYPd4
zAyqABGsZqQ,Drunk Among Us is a Fantastic Mistake,1278191,67013,993,PT16M46S,2021-01-13T03:36:16Z,False,https://i.ytimg.com/vi/zAyqABGsZqQ/hqdefault.jpg,https://www.youtube.com/watch?v=zAyqABGsZqQ
OEjsRVIfG_M,I Took My Girlfriend's Credit Card,1073482,51890,1786,PT22M54S,2021-01-12T07:54:39Z,False,https://i.ytimg.com/vi/OEjsRVIfG_M/hqdefault.jpg,https://www.youtube.com/watch?v=OEjsRVIfG_M
6HVN6jEuv6U,Ludwig News,505835,24451,610,PT17M18S,2021-01-11T07:53:42Z,False,https://i.ytimg.com/vi/6HVN6jEuv6U/hqdefault.jpg,https://www.youtube.com/watch?v=6HVN6jEuv6U
t4i39Eb_A2Y,I Have No Friends...,580101,32816,1602,PT17M40S,2021-01-10T07:48:19Z,False,https://i.ytimg.com/vi/t4i39Eb_A2Y/hqdefault.jpg,https://www.youtube.com/watch?v=t4i39Eb_A2Y
DuDjamSN4vQ,I Became Sykkuno For a Day.,1203393,58522,1426,PT20M4S,2021-01-09T07:52:42Z,False,https://i.ytimg.com/vi/DuDjamSN4vQ/hqdefault.jpg,https://www.youtube.com/watch?v=DuDjamSN4vQ
ap5DYkqJQ18,My Viewers Got My Address and Sent Me This...,1004740,55687,5695,PT22M56S,2021-01-08T07:54:50Z,False,https://i.ytimg.com/vi/ap5DYkqJQ18/hqdefault.jpg,https://www.youtube.com/watch?v=ap5DYkqJQ18
Li7mAhHGU5c,How I Accidentally Became the Worst Speedrunner in the World,629961,24924,594,PT23M6S,2021-01-07T07:52:37Z,False,https://i.ytimg.com/vi/Li7mAhHGU5c/hqdefault.jpg,https://www.youtube.com/watch?v=Li7mAhHGU5c
mI-U6RNszRs,Can Twitch Chat STOP me from beating Pokemon?,796166,26574,698,PT27M3S,2021-01-06T07:29:04Z,False,https://i.ytimg.com/vi/mI-U6RNszRs/hqdefault.jpg,https://www.youtube.com/watch?v=mI-U6RNszRs
PgHSdq6e-FA,Can You Taste the Difference Between Cheap and Expensive Water?,2242385,89621,3851,PT27M59S,2021-01-05T07:53:20Z,False,https://i.ytimg.com/vi/PgHSdq6e-FA/hqdefault.jpg,https://www.youtube.com/watch?v=PgHSdq6e-FA
2OQa6DfGUf0,Corpse Husband is in this video.,965878,73694,2315,PT16M16S,2021-01-04T06:55:39Z,False,https://i.ytimg.com/vi/2OQa6DfGUf0/hqdefault.jpg,https://www.youtube.com/watch?v=2OQa6DfGUf0
rU9Hu84yQHk,1 MILLION SUB SPECIAL,522709,35943,1158,PT22M45S,2021-01-03T01:45:00Z,False,https://i.ytimg.com/vi/rU9Hu84yQHk/hqdefault.jpg,https://www.youtube.com/watch?v=rU9Hu84yQHk
ZQL5mj_MFwg,THE BEST OF LUDWIG 2020,1619500,74002,2014,PT42M22S,2021-01-02T07:17:04Z,False,https://i.ytimg.com/vi/ZQL5mj_MFwg/hqdefault.jpg,https://www.youtube.com/watch?v=ZQL5mj_MFwg
9lCr-U2pgR8,Corpse doesn't know where Finland is...,956488,57728,3687,PT23M20S,2021-01-01T08:22:43Z,False,https://i.ytimg.com/vi/9lCr-U2pgR8/hqdefault.jpg,https://www.youtube.com/watch?v=9lCr-U2pgR8
t3ma5ePJS4E,She took everything...,716892,31227,1314,PT22M15S,2020-12-31T07:40:17Z,False,https://i.ytimg.com/vi/t3ma5ePJS4E/hqdefault.jpg,https://www.youtube.com/watch?v=t3ma5ePJS4E
0QmFQp40w08,Would You Ban Him?,1596122,56128,1393,PT20M52S,2020-12-30T07:50:06Z,False,https://i.ytimg.com/vi/0QmFQp40w08/hqdefault.jpg,https://www.youtube.com/watch?v=0QmFQp40w08
ySRj_o4PELQ,I Gave My Credit Card to Twitch Chat.,738661,40849,1192,PT21M48S,2020-12-29T04:37:31Z,False,https://i.ytimg.com/vi/ySRj_o4PELQ/hqdefault.jpg,https://www.youtube.com/watch?v=ySRj_o4PELQ
WzyQbfh4t_8,I Am Not Your Friend,1369932,106017,7483,PT15M30S,2020-12-28T02:05:39Z,False,https://i.ytimg.com/vi/WzyQbfh4t_8/hqdefault.jpg,https://www.youtube.com/watch?v=WzyQbfh4t_8
DJjkaakfOlc,I bet $500 I wasn't the impostor...,1279476,52605,644,PT19M10S,2020-12-27T06:27:44Z,False,https://i.ytimg.com/vi/DJjkaakfOlc/hqdefault.jpg,https://www.youtube.com/watch?v=DJjkaakfOlc
auco55OyRi0,Pokemon But Twitch Chat Tries to Stop Me.,862338,30887,637,PT17M58S,2020-12-26T02:00:01Z,False,https://i.ytimg.com/vi/auco55OyRi0/hqdefault.jpg,https://www.youtube.com/watch?v=auco55OyRi0
cE_01HbV8pU,Ludwig - Baby It's Cold Outside (Official Music Video),2151036,164113,6268,PT2M42S,2020-12-25T20:00:11Z,True,https://i.ytimg.com/vi/cE_01HbV8pU/hqdefault.jpg,https://www.youtube.com/watch?v=cE_01HbV8pU
HBTAa4UZxxs,Ludwig Watches Anime for 48 Minutes.,286831,14474,1411,PT48M44S,2020-12-25T04:00:02Z,False,https://i.ytimg.com/vi/HBTAa4UZxxs/hqdefault.jpg,https://www.youtube.com/watch?v=HBTAa4UZxxs
znl1YKd_8XM,He got BANNED last year for this.,1133931,46634,1444,PT21M58S,2020-12-25T00:37:25Z,False,https://i.ytimg.com/vi/znl1YKd_8XM/hqdefault.jpg,https://www.youtube.com/watch?v=znl1YKd_8XM
jJ0erEnPjtA,I'm going to get cancelled.,344067,19975,1463,PT19M50S,2020-12-23T07:15:26Z,False,https://i.ytimg.com/vi/jJ0erEnPjtA/hqdefault.jpg,https://www.youtube.com/watch?v=jJ0erEnPjtA
CkW8B60nc60,Corpse Narrates My Life.,1624879,78306,1210,PT22M,2020-12-22T07:43:52Z,False,https://i.ytimg.com/vi/CkW8B60nc60/hqdefault.jpg,https://www.youtube.com/watch?v=CkW8B60nc60
-pEzWf3Ohcg,I Tried Every Cereal and Ranked Them.,1649024,61638,3173,PT24M52S,2020-12-21T03:16:55Z,False,https://i.ytimg.com/vi/-pEzWf3Ohcg/hqdefault.jpg,https://www.youtube.com/watch?v=-pEzWf3Ohcg
-wY8xPT-2ow,I got robbed.,635511,24713,869,PT25M40S,2020-12-20T04:24:57Z,False,https://i.ytimg.com/vi/-wY8xPT-2ow/hqdefault.jpg,https://www.youtube.com/watch?v=-wY8xPT-2ow
7gg-gGZcz08,"I Opened a $30,000 Box of Pokemon Cards...",4844046,103666,1964,PT40M46S,2020-12-19T07:41:00Z,False,https://i.ytimg.com/vi/7gg-gGZcz08/hqdefault.jpg,https://www.youtube.com/watch?v=7gg-gGZcz08
mh5NPwSKQL8,Dream's 1000 IQ Read (It wasn't luck),976380,49771,1782,PT15M19S,2020-12-18T05:50:40Z,False,https://i.ytimg.com/vi/mh5NPwSKQL8/hqdefault.jpg,https://www.youtube.com/watch?v=mh5NPwSKQL8
79npvk_ueLo,I messed up.,728720,43048,2394,PT20M32S,2020-12-17T02:53:14Z,False,https://i.ytimg.com/vi/79npvk_ueLo/hqdefault.jpg,https://www.youtube.com/watch?v=79npvk_ueLo
JiLcwQkgSN8,Ludwig is a bad influence...,612761,28251,750,PT21M55S,2020-12-16T07:43:36Z,False,https://i.ytimg.com/vi/JiLcwQkgSN8/hqdefault.jpg,https://www.youtube.com/watch?v=JiLcwQkgSN8
92plS2dt3ME,I met technoblade...,3012545,130272,3665,PT22M5S,2020-12-15T03:10:20Z,False,https://i.ytimg.com/vi/92plS2dt3ME/hqdefault.jpg,https://www.youtube.com/watch?v=92plS2dt3ME
bugbaJsX5DY,Protect Dream at all Costs.,1275242,60373,1705,PT18M8S,2020-12-14T04:38:17Z,False,https://i.ytimg.com/vi/bugbaJsX5DY/hqdefault.jpg,https://www.youtube.com/watch?v=bugbaJsX5DY
uYR4xWHrSKE,Stop Sharing This Picture.,672695,34737,922,PT19M50S,2020-12-13T03:15:32Z,False,https://i.ytimg.com/vi/uYR4xWHrSKE/hqdefault.jpg,https://www.youtube.com/watch?v=uYR4xWHrSKE
S9K_H3-btiA,Thank You,470817,52141,2737,PT25M,2020-12-12T04:30:19Z,False,https://i.ytimg.com/vi/S9K_H3-btiA/hqdefault.jpg,https://www.youtube.com/watch?v=S9K_H3-btiA
T-_bDGg1u6Y,"The ""King"" of Twitch",364078,22577,789,PT14M48S,2020-12-11T03:04:16Z,False,https://i.ytimg.com/vi/T-_bDGg1u6Y/hqdefault.jpg,https://www.youtube.com/watch?v=T-_bDGg1u6Y
yxHLuYRjLoo,I Built a Working Casino in Minecraft.,1070010,38218,1013,PT26M9S,2020-12-10T03:41:40Z,False,https://i.ytimg.com/vi/yxHLuYRjLoo/hqdefault.jpg,https://www.youtube.com/watch?v=yxHLuYRjLoo
X4oNTSZuuks,CORPSE WON'T STOP YELLING AT ME,1459723,69924,1309,PT18M5S,2020-12-09T00:57:31Z,False,https://i.ytimg.com/vi/X4oNTSZuuks/hqdefault.jpg,https://www.youtube.com/watch?v=X4oNTSZuuks
yoCnUgZp9FM,I Paid $777 For This Box WITHOUT Knowing What's Inside.,1527345,46742,943,PT28M44S,2020-12-08T00:00:07Z,False,https://i.ytimg.com/vi/yoCnUgZp9FM/hqdefault.jpg,https://www.youtube.com/watch?v=yoCnUgZp9FM
cNAAu8wrt3M,Ludwig - Last Christmas,630534,20395,1179,PT4M44S,2020-12-07T10:30:50Z,False,https://i.ytimg.com/vi/cNAAu8wrt3M/hqdefault.jpg,https://www.youtube.com/watch?v=cNAAu8wrt3M
x48xMhIAx0s,Ludwig  - The Christmas Song,411567,11484,590,PT3M33S,2020-12-07T10:30:49Z,False,https://i.ytimg.com/vi/x48xMhIAx0s/hqdefault.jpg,https://www.youtube.com/watch?v=x48xMhIAx0s
4rY-AWJdr60,"Ludwig - Baby, It's Cold Outside (feat. QTCinderella)",487334,18547,940,PT2M42S,2020-12-07T10:30:48Z,False,https://i.ytimg.com/vi/4rY-AWJdr60/hqdefault.jpg,https://www.youtube.com/watch?v=4rY-AWJdr60
NKby_TcvdDU,Ludwig  - The Most Wonderful Time of the Year,247840,6253,268,PT2M32S,2020-12-07T10:30:48Z,False,https://i.ytimg.com/vi/NKby_TcvdDU/hqdefault.jpg,https://www.youtube.com/watch?v=NKby_TcvdDU
xm9jVAYMZ_o,Ludwig - Little Saint Nick,205432,4888,244,PT2M13S,2020-12-07T10:30:48Z,False,https://i.ytimg.com/vi/xm9jVAYMZ_o/hqdefault.jpg,https://www.youtube.com/watch?v=xm9jVAYMZ_o
jK6W_nQjZyg,Ludwig - All I Want for Christmas is You,369593,12170,695,PT3M58S,2020-12-07T10:30:08Z,False,https://i.ytimg.com/vi/jK6W_nQjZyg/hqdefault.jpg,https://www.youtube.com/watch?v=jK6W_nQjZyg
TtY9eRayseg,Ludwig - A Very Mogul Christmas,1491607,88629,8192,PT19M40S,2020-12-07T06:36:47Z,False,https://i.ytimg.com/vi/TtY9eRayseg/hqdefault.jpg,https://www.youtube.com/watch?v=TtY9eRayseg
dkhbdRhtaoo,The Greatest Business Deals in Minecraft.,506991,21387,792,PT25M9S,2020-12-06T07:45:49Z,False,https://i.ytimg.com/vi/dkhbdRhtaoo/hqdefault.jpg,https://www.youtube.com/watch?v=dkhbdRhtaoo
v6aNyQgXTXY,The Greatest Game of Family Feud,2119688,75487,1272,PT27M42S,2020-12-05T06:24:56Z,False,https://i.ytimg.com/vi/v6aNyQgXTXY/hqdefault.jpg,https://www.youtube.com/watch?v=v6aNyQgXTXY
pPdRjdrcfwc,Teaching Him How to Scam.,578474,26228,630,PT20M2S,2020-12-04T05:22:17Z,False,https://i.ytimg.com/vi/pPdRjdrcfwc/hqdefault.jpg,https://www.youtube.com/watch?v=pPdRjdrcfwc
De-507ipQHc,man beats minecraft,518959,21380,780,PT21M20S,2020-12-03T07:55:25Z,False,https://i.ytimg.com/vi/De-507ipQHc/hqdefault.jpg,https://www.youtube.com/watch?v=De-507ipQHc
0Yqr5ps04ac,Why I Can't Say It Anymore.,530985,27733,948,PT18M19S,2020-12-02T03:39:36Z,False,https://i.ytimg.com/vi/0Yqr5ps04ac/hqdefault.jpg,https://www.youtube.com/watch?v=0Yqr5ps04ac
wI0bNszHGds,I fell for it...,356027,20027,673,PT13M17S,2020-12-01T01:08:52Z,False,https://i.ytimg.com/vi/wI0bNszHGds/hqdefault.jpg,https://www.youtube.com/watch?v=wI0bNszHGds
JPTyDINDIS0,Are You Smarter Than a Streamer?,548813,29607,1275,PT25M50S,2020-11-30T05:53:24Z,False,https://i.ytimg.com/vi/JPTyDINDIS0/hqdefault.jpg,https://www.youtube.com/watch?v=JPTyDINDIS0
j7VJk13RlLE,Can You Survive a Nuke in Minecraft?,522875,21199,544,PT20M50S,2020-11-29T04:59:45Z,False,https://i.ytimg.com/vi/j7VJk13RlLE/hqdefault.jpg,https://www.youtube.com/watch?v=j7VJk13RlLE
CBvtJx7rm58,I saw him vent and kept it a secret.,1175771,50093,748,PT18M54S,2020-11-28T01:30:36Z,False,https://i.ytimg.com/vi/CBvtJx7rm58/hqdefault.jpg,https://www.youtube.com/watch?v=CBvtJx7rm58
ixW5cLwepiw,"We Bought $235,000 Worth of Pokémon Cards.",674913,24453,910,PT19M40S,2020-11-27T06:09:45Z,False,https://i.ytimg.com/vi/ixW5cLwepiw/hqdefault.jpg,https://www.youtube.com/watch?v=ixW5cLwepiw
mGsafpPhe2k,Scamming kids in Minecraft,535884,21747,536,PT24M37S,2020-11-26T07:52:49Z,False,https://i.ytimg.com/vi/mGsafpPhe2k/hqdefault.jpg,https://www.youtube.com/watch?v=mGsafpPhe2k
7JM3W0xNJEE,I've fallen and I can't get up,440945,19480,668,PT29M43S,2020-11-25T07:29:48Z,False,https://i.ytimg.com/vi/7JM3W0xNJEE/hqdefault.jpg,https://www.youtube.com/watch?v=7JM3W0xNJEE
FFvMUhebpRI,I GOT SUED,598131,25954,1216,PT25M59S,2020-11-24T03:40:38Z,False,https://i.ytimg.com/vi/FFvMUhebpRI/hqdefault.jpg,https://www.youtube.com/watch?v=FFvMUhebpRI
DFtreivIXIE,youtubers vs streamers,325179,18475,605,PT16M33S,2020-11-23T03:16:28Z,False,https://i.ytimg.com/vi/DFtreivIXIE/hqdefault.jpg,https://www.youtube.com/watch?v=DFtreivIXIE
UvmTKZvNodE,I need your help.,328434,35770,1606,PT7M29S,2020-11-22T02:55:47Z,False,https://i.ytimg.com/vi/UvmTKZvNodE/hqdefault.jpg,https://www.youtube.com/watch?v=UvmTKZvNodE
EF7kLxCKets,I got bullied on OfflineTV's Minecraft Server.,988291,37501,850,PT23M14S,2020-11-21T05:43:15Z,False,https://i.ytimg.com/vi/EF7kLxCKets/hqdefault.jpg,https://www.youtube.com/watch?v=EF7kLxCKets
CLPjtwZgyxs,Nintendo Stole From Me,666680,71106,3723,PT9M24S,2020-11-19T23:13:20Z,False,https://i.ytimg.com/vi/CLPjtwZgyxs/hqdefault.jpg,https://www.youtube.com/watch?v=CLPjtwZgyxs
YC__eud5nck,impressing OFFLINETV with my drawing skills,987413,38183,686,PT16M41S,2020-11-19T06:56:12Z,False,https://i.ytimg.com/vi/YC__eud5nck/hqdefault.jpg,https://www.youtube.com/watch?v=YC__eud5nck
53scfdBfrrI,I collect taxes in Minecraft.,600004,32134,971,PT21M26S,2020-11-18T07:46:12Z,False,https://i.ytimg.com/vi/53scfdBfrrI/hqdefault.jpg,https://www.youtube.com/watch?v=53scfdBfrrI
WsDJKnG2GTo,I am a millionaire.,854106,35619,1693,PT25M49S,2020-11-17T04:28:27Z,False,https://i.ytimg.com/vi/WsDJKnG2GTo/hqdefault.jpg,https://www.youtube.com/watch?v=WsDJKnG2GTo
sCiMBqfrcmk,Possibly the world's greatest singer.,300798,17928,1045,PT21M19S,2020-11-16T07:38:32Z,False,https://i.ytimg.com/vi/sCiMBqfrcmk/hqdefault.jpg,https://www.youtube.com/watch?v=sCiMBqfrcmk
VpUYpCZbgMU,I Won the Doritos Championship,596123,27880,779,PT23M7S,2020-11-15T06:01:29Z,False,https://i.ytimg.com/vi/VpUYpCZbgMU/hqdefault.jpg,https://www.youtube.com/watch?v=VpUYpCZbgMU
JTanCzS57xo,Can You Taste the Difference Between Cheap and Expensive Steak?,3618721,133871,3410,PT15M30S,2020-11-14T07:46:08Z,False,https://i.ytimg.com/vi/JTanCzS57xo/hqdefault.jpg,https://www.youtube.com/watch?v=JTanCzS57xo
JH0hECo-m7w,I lost everything...,664488,41037,1154,PT16M8S,2020-11-13T07:37:50Z,False,https://i.ytimg.com/vi/JH0hECo-m7w/hqdefault.jpg,https://www.youtube.com/watch?v=JH0hECo-m7w
YHBVJ4Ocb6s,you will never find me.,327695,16663,534,PT20M25S,2020-11-12T07:31:48Z,False,https://i.ytimg.com/vi/YHBVJ4Ocb6s/hqdefault.jpg,https://www.youtube.com/watch?v=YHBVJ4Ocb6s
8kGtMB79O3A,The Greatest Pokemon Unboxing Ever.,685053,27072,796,PT23M28S,2020-11-11T07:52:34Z,False,https://i.ytimg.com/vi/8kGtMB79O3A/hqdefault.jpg,https://www.youtube.com/watch?v=8kGtMB79O3A
4Y_WONA6Zkg,So I got hacked...,524854,25599,663,PT20M41S,2020-11-10T06:21:15Z,False,https://i.ytimg.com/vi/4Y_WONA6Zkg/hqdefault.jpg,https://www.youtube.com/watch?v=4Y_WONA6Zkg
v3LZVPwssIk,GREATEST AMONG US GAME EVER.,530333,26550,1390,PT22M26S,2020-11-08T07:56:34Z,False,https://i.ytimg.com/vi/v3LZVPwssIk/hqdefault.jpg,https://www.youtube.com/watch?v=v3LZVPwssIk
EKqzVE02InE,I Gave My Credit Card to my Girlfriend,2324604,79022,2078,PT23M59S,2020-11-07T00:42:25Z,False,https://i.ytimg.com/vi/EKqzVE02InE/hqdefault.jpg,https://www.youtube.com/watch?v=EKqzVE02InE
QCwSUGVCyTo,Donating to small streamers if they answer right.,1690512,94198,1854,PT27M6S,2020-11-06T06:26:01Z,False,https://i.ytimg.com/vi/QCwSUGVCyTo/hqdefault.jpg,https://www.youtube.com/watch?v=QCwSUGVCyTo
7VjqQzuJpLM,Doing whatever stream tells me to do.,2642473,97739,1637,PT30M52S,2020-11-05T02:54:36Z,False,https://i.ytimg.com/vi/7VjqQzuJpLM/hqdefault.jpg,https://www.youtube.com/watch?v=7VjqQzuJpLM
w2A1Xtol6S8,Why I deleted my Twitch channel.,368619,32141,1755,PT12M8S,2020-11-04T04:32:52Z,False,https://i.ytimg.com/vi/w2A1Xtol6S8/hqdefault.jpg,https://www.youtube.com/watch?v=w2A1Xtol6S8
fEmsmjO914U,A viewer sent me poison.,1145514,50447,1263,PT27M28S,2020-11-03T07:48:39Z,False,https://i.ytimg.com/vi/fEmsmjO914U/hqdefault.jpg,https://www.youtube.com/watch?v=fEmsmjO914U
JMJek_MKFNs,We tried the worst couples costumes.,1815044,77092,2056,PT18M58S,2020-11-02T02:59:20Z,False,https://i.ytimg.com/vi/JMJek_MKFNs/hqdefault.jpg,https://www.youtube.com/watch?v=JMJek_MKFNs
eiA3byGTejA,answering EVERY question chat asks but I can't lie,992208,48005,1287,PT18M15S,2020-11-01T06:29:19Z,False,https://i.ytimg.com/vi/eiA3byGTejA/hqdefault.jpg,https://www.youtube.com/watch?v=eiA3byGTejA
v7ufQ5Sz-no,I MADE money by donating to streamers,4186745,184123,3631,PT20M48S,2020-10-31T03:28:15Z,False,https://i.ytimg.com/vi/v7ufQ5Sz-no/hqdefault.jpg,https://www.youtube.com/watch?v=v7ufQ5Sz-no
rO5uT_Pbf60,"I burned $10,000",608317,31306,998,PT21M47S,2020-10-30T02:47:47Z,False,https://i.ytimg.com/vi/rO5uT_Pbf60/hqdefault.jpg,https://www.youtube.com/watch?v=rO5uT_Pbf60
kbji1o639O4,KSI is my best friend,313903,19569,695,PT16M59S,2020-10-29T05:47:57Z,False,https://i.ytimg.com/vi/kbji1o639O4/hqdefault.jpg,https://www.youtube.com/watch?v=kbji1o639O4
DGy_bK69kLY,speedrunning minecraft but my friends ruin it,892951,30268,1160,PT29M48S,2020-10-28T06:40:50Z,False,https://i.ytimg.com/vi/DGy_bK69kLY/hqdefault.jpg,https://www.youtube.com/watch?v=DGy_bK69kLY
ffDoZxB-pRU,Ranking animals I could beat in a fight ft. TierZoo,1482133,56002,2575,PT31M1S,2020-10-27T06:38:00Z,False,https://i.ytimg.com/vi/ffDoZxB-pRU/hqdefault.jpg,https://www.youtube.com/watch?v=ffDoZxB-pRU
c63wF2NoeK0,HIDING IN PLAIN SIGHT,520439,19436,460,PT21M2S,2020-10-26T02:00:03Z,False,https://i.ytimg.com/vi/c63wF2NoeK0/hqdefault.jpg,https://www.youtube.com/watch?v=c63wF2NoeK0
MyKC-iYgROE,Why I'm getting banned on Twitch,558969,30198,1216,PT19M57S,2020-10-24T23:00:03Z,False,https://i.ytimg.com/vi/MyKC-iYgROE/hqdefault.jpg,https://www.youtube.com/watch?v=MyKC-iYgROE
l7hWoVbENtQ,Ludwig Reacts to Unusual Memes,1469573,56110,1152,PT14M18S,2020-10-24T01:00:04Z,False,https://i.ytimg.com/vi/l7hWoVbENtQ/hqdefault.jpg,https://www.youtube.com/watch?v=l7hWoVbENtQ
GUzSn6MzilE,PROTECT LILY AT ALL COSTS,749794,33864,1066,PT21M17S,2020-10-23T05:16:10Z,False,https://i.ytimg.com/vi/GUzSn6MzilE/hqdefault.jpg,https://www.youtube.com/watch?v=GUzSn6MzilE
RmrYti_pfKk,Don’t call me a rapper.,601824,29860,744,PT10M8S,2020-10-21T23:00:03Z,False,https://i.ytimg.com/vi/RmrYti_pfKk/hqdefault.jpg,https://www.youtube.com/watch?v=RmrYti_pfKk
V-A9eT4WFps,I paid my taxes...,496521,23022,798,PT17M24S,2020-10-21T05:30:44Z,False,https://i.ytimg.com/vi/V-A9eT4WFps/hqdefault.jpg,https://www.youtube.com/watch?v=V-A9eT4WFps
hs4X9aOcd4A,I caught her CHEATING,833591,39037,996,PT19M44S,2020-10-19T21:32:24Z,False,https://i.ytimg.com/vi/hs4X9aOcd4A/hqdefault.jpg,https://www.youtube.com/watch?v=hs4X9aOcd4A
SKM5JQV5Pd8,They said I couldn't speedrun IMDb.,930624,42271,1158,PT20M29S,2020-10-19T06:45:12Z,False,https://i.ytimg.com/vi/SKM5JQV5Pd8/hqdefault.jpg,https://www.youtube.com/watch?v=SKM5JQV5Pd8
MH5R44i7OsY,Only ONE of us is gay...,720326,35910,1088,PT11M4S,2020-10-18T02:36:44Z,False,https://i.ytimg.com/vi/MH5R44i7OsY/hqdefault.jpg,https://www.youtube.com/watch?v=MH5R44i7OsY
8Ut6PUHyu2E,Streamers I can beat in a fight,2431236,86870,2648,PT32M24S,2020-10-17T05:02:20Z,False,https://i.ytimg.com/vi/8Ut6PUHyu2E/hqdefault.jpg,https://www.youtube.com/watch?v=8Ut6PUHyu2E
QESreaHr9FA,my last video went viral...,384313,28098,817,PT14M48S,2020-10-16T03:00:09Z,False,https://i.ytimg.com/vi/QESreaHr9FA/hqdefault.jpg,https://www.youtube.com/watch?v=QESreaHr9FA
KwspAZVoB4Q,winning with 300 IQ teammate,843686,32947,693,PT24M21S,2020-10-15T02:36:54Z,False,https://i.ytimg.com/vi/KwspAZVoB4Q/hqdefault.jpg,https://www.youtube.com/watch?v=KwspAZVoB4Q
tCKfsqprWW0,Donating to small streamers if they do what I ask.,1700312,108881,2833,PT24M58S,2020-10-14T06:44:34Z,False,https://i.ytimg.com/vi/tCKfsqprWW0/hqdefault.jpg,https://www.youtube.com/watch?v=tCKfsqprWW0
FHlmp9NvFfg,"UNBOXING $3,000 WORTH OF GARBAGE",1214268,55776,1223,PT23M39S,2020-10-13T05:22:36Z,False,https://i.ytimg.com/vi/FHlmp9NvFfg/hqdefault.jpg,https://www.youtube.com/watch?v=FHlmp9NvFfg
BPfRYu45PlA,it is impossible to win against these two...,704071,29031,510,PT24M11S,2020-10-12T04:33:55Z,False,https://i.ytimg.com/vi/BPfRYu45PlA/hqdefault.jpg,https://www.youtube.com/watch?v=BPfRYu45PlA
GVTCxgFuhbM,she made me go shopping...,1419517,50448,1294,PT28M30S,2020-10-11T02:10:18Z,False,https://i.ytimg.com/vi/GVTCxgFuhbM/hqdefault.jpg,https://www.youtube.com/watch?v=GVTCxgFuhbM
PEhbRdQ-QyE,"The 10,000 IQ Impostor Duo",759652,36931,843,PT19M32S,2020-10-09T20:37:33Z,False,https://i.ytimg.com/vi/PEhbRdQ-QyE/hqdefault.jpg,https://www.youtube.com/watch?v=PEhbRdQ-QyE
jPQTK1-mm1o,STOP HITTING THE BUTTON,843175,31372,699,PT23M50S,2020-10-09T02:03:49Z,False,https://i.ytimg.com/vi/jPQTK1-mm1o/hqdefault.jpg,https://www.youtube.com/watch?v=jPQTK1-mm1o
MuKH8jPsgeA,they say you can't hear a picture...,400827,20787,873,PT17M36S,2020-10-08T05:07:25Z,False,https://i.ytimg.com/vi/MuKH8jPsgeA/hqdefault.jpg,https://www.youtube.com/watch?v=MuKH8jPsgeA
9ERwPHARDEM,The World's Greatest Impostor Game,742369,41706,755,PT18M28S,2020-10-06T23:00:00Z,False,https://i.ytimg.com/vi/9ERwPHARDEM/hqdefault.jpg,https://www.youtube.com/watch?v=9ERwPHARDEM
X5QVuuaLOM4,So I answered EVERY Twitter question...,686926,45585,2687,PT30M29S,2020-10-06T03:11:22Z,False,https://i.ytimg.com/vi/X5QVuuaLOM4/hqdefault.jpg,https://www.youtube.com/watch?v=X5QVuuaLOM4
RRWcmi_qYw8,Ludwig Bets it BIG on Blackjack,411541,22776,787,PT17M5S,2020-10-05T02:43:43Z,False,https://i.ytimg.com/vi/RRWcmi_qYw8/hqdefault.jpg,https://www.youtube.com/watch?v=RRWcmi_qYw8
IWsw-hBg9Qw,I SCARED HER,433918,19984,475,PT14M28S,2020-10-04T00:37:30Z,False,https://i.ytimg.com/vi/IWsw-hBg9Qw/hqdefault.jpg,https://www.youtube.com/watch?v=IWsw-hBg9Qw
pizNCIsgNfs,RISKING IT ALL,329957,16478,472,PT16M19S,2020-10-03T00:57:26Z,False,https://i.ytimg.com/vi/pizNCIsgNfs/hqdefault.jpg,https://www.youtube.com/watch?v=pizNCIsgNfs
RVMOu8i3Mzk,Ludwig Reacts to Unusual Memes that FORCE you to laugh,1317433,62785,967,PT17M32S,2020-10-02T04:26:14Z,False,https://i.ytimg.com/vi/RVMOu8i3Mzk/hqdefault.jpg,https://www.youtube.com/watch?v=RVMOu8i3Mzk
-CsfEA3pf4s,a totally normal game of among us,865086,39250,1300,PT20M41S,2020-10-01T04:26:56Z,False,https://i.ytimg.com/vi/-CsfEA3pf4s/hqdefault.jpg,https://www.youtube.com/watch?v=-CsfEA3pf4s
F1JcLXeFwsc,Ludwig answers the internets most asked questions,359242,29662,2282,PT20M40S,2020-09-30T04:12:23Z,False,https://i.ytimg.com/vi/F1JcLXeFwsc/hqdefault.jpg,https://www.youtube.com/watch?v=F1JcLXeFwsc
lgjVtTwxBoc,BAD SONG = BAN,826186,39614,1322,PT28M21S,2020-09-29T05:32:35Z,False,https://i.ytimg.com/vi/lgjVtTwxBoc/hqdefault.jpg,https://www.youtube.com/watch?v=lgjVtTwxBoc
ehoQc69B8t4,game recognize game,357902,20644,804,PT20M,2020-09-28T04:34:37Z,False,https://i.ytimg.com/vi/ehoQc69B8t4/hqdefault.jpg,https://www.youtube.com/watch?v=ehoQc69B8t4
o3DhhvL2RU4,How I became the best speedrunner in the world for one day,364702,16845,439,PT31M21S,2020-09-27T06:52:47Z,False,https://i.ytimg.com/vi/o3DhhvL2RU4/hqdefault.jpg,https://www.youtube.com/watch?v=o3DhhvL2RU4
Hu7Hfs2foh0,How I won without saying a word,1311903,53788,1001,PT31M22S,2020-09-26T06:18:43Z,False,https://i.ytimg.com/vi/Hu7Hfs2foh0/hqdefault.jpg,https://www.youtube.com/watch?v=Hu7Hfs2foh0
FKQH7K6x-C8,I Gave My Credit Card to Stream,1129438,52558,1291,PT28M,2020-09-25T09:16:43Z,False,https://i.ytimg.com/vi/FKQH7K6x-C8/hqdefault.jpg,https://www.youtube.com/watch?v=FKQH7K6x-C8
Ju11kvNjL9I,I tricked them,1014219,35396,1856,PT34M42S,2020-09-24T06:51:26Z,False,https://i.ytimg.com/vi/Ju11kvNjL9I/hqdefault.jpg,https://www.youtube.com/watch?v=Ju11kvNjL9I
Y1sgQHCv_BQ,So I played with the creator of Among Us...,747209,38776,1021,PT23M50S,2020-09-23T06:55:50Z,False,https://i.ytimg.com/vi/Y1sgQHCv_BQ/hqdefault.jpg,https://www.youtube.com/watch?v=Y1sgQHCv_BQ
KiDpZ3GxOjI,I banned him.,541231,24518,711,PT18M58S,2020-09-22T02:33:13Z,False,https://i.ytimg.com/vi/KiDpZ3GxOjI/hqdefault.jpg,https://www.youtube.com/watch?v=KiDpZ3GxOjI
Bar5cxot6M0,LEARNING THE BEST IMPOSTOR PLAYS,324611,18823,524,PT11M19S,2020-09-21T06:43:28Z,False,https://i.ytimg.com/vi/Bar5cxot6M0/hqdefault.jpg,https://www.youtube.com/watch?v=Bar5cxot6M0
H5P4dv8RnB4,So I played Among Us with the biggest Youtubers in the world...,1840049,63414,1499,PT34M39S,2020-09-20T04:05:56Z,False,https://i.ytimg.com/vi/H5P4dv8RnB4/hqdefault.jpg,https://www.youtube.com/watch?v=H5P4dv8RnB4
DPb9FGZReAM,So this happened...,969009,35990,765,PT20M4S,2020-09-19T02:23:06Z,False,https://i.ytimg.com/vi/DPb9FGZReAM/hqdefault.jpg,https://www.youtube.com/watch?v=DPb9FGZReAM
SxakdM6FtgQ,I played with the best Among Us player in the world...,840177,36189,994,PT23M1S,2020-09-18T03:20:59Z,False,https://i.ytimg.com/vi/SxakdM6FtgQ/hqdefault.jpg,https://www.youtube.com/watch?v=SxakdM6FtgQ
2TLCnZCSLOI,300 IQ IMPOSTOR READS,765661,33890,1367,PT27M45S,2020-09-17T06:07:45Z,False,https://i.ytimg.com/vi/2TLCnZCSLOI/hqdefault.jpg,https://www.youtube.com/watch?v=2TLCnZCSLOI
FVag7kx479w,The NEW Jump King,467355,24981,513,PT17M40S,2020-09-16T01:02:36Z,False,https://i.ytimg.com/vi/FVag7kx479w/hqdefault.jpg,https://www.youtube.com/watch?v=FVag7kx479w
1RQt6EdKeMg,LUDWIG VS JSCHLATT,1372613,60639,1216,PT16M59S,2020-09-14T23:02:08Z,False,https://i.ytimg.com/vi/1RQt6EdKeMg/hqdefault.jpg,https://www.youtube.com/watch?v=1RQt6EdKeMg
mIUoRP6oWuA,200 IQ IMPOSTOR READS,705999,30886,750,PT23M52S,2020-09-14T01:41:22Z,False,https://i.ytimg.com/vi/mIUoRP6oWuA/hqdefault.jpg,https://www.youtube.com/watch?v=mIUoRP6oWuA
dJFosl0Uc2M,they didn't see it coming...,1274479,45377,905,PT31M37S,2020-09-13T04:01:52Z,False,https://i.ytimg.com/vi/dJFosl0Uc2M/hqdefault.jpg,https://www.youtube.com/watch?v=dJFosl0Uc2M
Nn4w-ELTTzo,exposing callmecarson,406943,21967,1545,PT23M49S,2020-09-12T00:11:37Z,False,https://i.ytimg.com/vi/Nn4w-ELTTzo/hqdefault.jpg,https://www.youtube.com/watch?v=Nn4w-ELTTzo
1OKFFMrU4tQ,NO... NO... YES,353368,19471,593,PT13M26S,2020-09-11T05:15:36Z,False,https://i.ytimg.com/vi/1OKFFMrU4tQ/hqdefault.jpg,https://www.youtube.com/watch?v=1OKFFMrU4tQ
NYLmb2CkzEU,Rating my viewers YouTube channels,638190,30378,1316,PT19M,2020-09-10T00:56:02Z,False,https://i.ytimg.com/vi/NYLmb2CkzEU/hqdefault.jpg,https://www.youtube.com/watch?v=NYLmb2CkzEU
qTuF2ljzJlA,The FASTEST Impostor Win of All Time,633728,31444,1065,PT15M45S,2020-09-09T04:12:46Z,False,https://i.ytimg.com/vi/qTuF2ljzJlA/hqdefault.jpg,https://www.youtube.com/watch?v=qTuF2ljzJlA
MEGhOPtkD60,he took everything...,711447,31366,778,PT21M52S,2020-09-08T05:08:52Z,False,https://i.ytimg.com/vi/MEGhOPtkD60/hqdefault.jpg,https://www.youtube.com/watch?v=MEGhOPtkD60
MyhPsGBTFZc,my new best friend,769019,34409,997,PT17M23S,2020-09-07T04:50:57Z,False,https://i.ytimg.com/vi/MyhPsGBTFZc/hqdefault.jpg,https://www.youtube.com/watch?v=MyhPsGBTFZc
P1CCwsdsp78,I bet the eyebrows,751115,25185,1163,PT28M6S,2020-09-06T06:29:56Z,False,https://i.ytimg.com/vi/P1CCwsdsp78/hqdefault.jpg,https://www.youtube.com/watch?v=P1CCwsdsp78
HLNC9_JuFWg,How I became the world's best Among Us player,542113,32057,1491,PT15M54S,2020-09-05T06:32:05Z,False,https://i.ytimg.com/vi/HLNC9_JuFWg/hqdefault.jpg,https://www.youtube.com/watch?v=HLNC9_JuFWg
lhkDg0qrEVE,"The $50,000 Scam",1209514,57310,1667,PT21M4S,2020-09-04T04:08:06Z,False,https://i.ytimg.com/vi/lhkDg0qrEVE/hqdefault.jpg,https://www.youtube.com/watch?v=lhkDg0qrEVE
98kiHczyoGE,Don't trust him...,2061901,74639,1147,PT28M30S,2020-09-03T01:00:02Z,False,https://i.ytimg.com/vi/98kiHczyoGE/hqdefault.jpg,https://www.youtube.com/watch?v=98kiHczyoGE
ocLRQzCs4mI,SHE RATTED ME OUT,668447,27069,548,PT15M1S,2020-09-02T04:29:49Z,False,https://i.ytimg.com/vi/ocLRQzCs4mI/hqdefault.jpg,https://www.youtube.com/watch?v=ocLRQzCs4mI
fOoykWmKPE4,OPENING WHAT TWITCH CHAT SENT ME,654399,31373,817,PT22M12S,2020-09-01T02:56:46Z,False,https://i.ytimg.com/vi/fOoykWmKPE4/hqdefault.jpg,https://www.youtube.com/watch?v=fOoykWmKPE4
xaGZBG1ez8g,200 IQ IMPOSTOR PLAYS,857219,36418,1118,PT23M55S,2020-08-31T03:25:26Z,False,https://i.ytimg.com/vi/xaGZBG1ez8g/hqdefault.jpg,https://www.youtube.com/watch?v=xaGZBG1ez8g
eANQCs8gG4s,HER TWITTER IS A PROBLEM,712281,33932,850,PT18M26S,2020-08-30T02:00:04Z,False,https://i.ytimg.com/vi/eANQCs8gG4s/hqdefault.jpg,https://www.youtube.com/watch?v=eANQCs8gG4s
aKEKHCQrXa8,"I AM THE JUDGE, JURY AND EXECUTIONER",787619,34488,857,PT22M31S,2020-08-29T04:11:17Z,False,https://i.ytimg.com/vi/aKEKHCQrXa8/hqdefault.jpg,https://www.youtube.com/watch?v=aKEKHCQrXa8
W410Tse7hiA,the best pulls!!!,435458,17728,981,PT23M23S,2020-08-28T02:07:52Z,False,https://i.ytimg.com/vi/W410Tse7hiA/hqdefault.jpg,https://www.youtube.com/watch?v=W410Tse7hiA
wOEc2TSzNlE,they think I’m impostor,558422,25665,890,PT18M34S,2020-08-27T00:24:01Z,False,https://i.ytimg.com/vi/wOEc2TSzNlE/hqdefault.jpg,https://www.youtube.com/watch?v=wOEc2TSzNlE
xrshK6xNQYw,Saying YES to everything stream makes me do,698891,31898,1022,PT18M52S,2020-08-26T11:39:10Z,False,https://i.ytimg.com/vi/xrshK6xNQYw/hqdefault.jpg,https://www.youtube.com/watch?v=xrshK6xNQYw
OFcCYwtQ_Is,I regret streaming with QTCinderella...,773065,30959,1333,PT25M38S,2020-08-25T06:26:35Z,False,https://i.ytimg.com/vi/OFcCYwtQ_Is/hqdefault.jpg,https://www.youtube.com/watch?v=OFcCYwtQ_Is
sZ4aHjQ7Fv4,stop making fun of my beard,298220,13794,534,PT18M24S,2020-08-23T01:30:25Z,False,https://i.ytimg.com/vi/sZ4aHjQ7Fv4/hqdefault.jpg,https://www.youtube.com/watch?v=sZ4aHjQ7Fv4
xnvrR2s7XXQ,How I became the world's best Geogusser player,634993,27890,908,PT14M35S,2020-08-22T01:59:56Z,False,https://i.ytimg.com/vi/xnvrR2s7XXQ/hqdefault.jpg,https://www.youtube.com/watch?v=xnvrR2s7XXQ
02XPz7nGNAI,THE BEST IMPOSTOR PLAYS,645572,26218,478,PT16M34S,2020-08-21T00:39:59Z,False,https://i.ytimg.com/vi/02XPz7nGNAI/hqdefault.jpg,https://www.youtube.com/watch?v=02XPz7nGNAI
mLBSZPBonCA,i can be your angle or yuor devil,290927,15757,1546,PT21M11S,2020-08-20T02:38:07Z,False,https://i.ytimg.com/vi/mLBSZPBonCA/hqdefault.jpg,https://www.youtube.com/watch?v=mLBSZPBonCA
QS8s-zozBR4,I CANNOT BELIEVE SHE LEAKED,754304,30960,883,PT15M41S,2020-08-19T04:32:22Z,False,https://i.ytimg.com/vi/QS8s-zozBR4/hqdefault.jpg,https://www.youtube.com/watch?v=QS8s-zozBR4
UAC_uX1UvFY,I HAD THE PERFECT GAME,802404,28526,920,PT19M4S,2020-08-18T03:02:48Z,False,https://i.ytimg.com/vi/UAC_uX1UvFY/hqdefault.jpg,https://www.youtube.com/watch?v=UAC_uX1UvFY
-QbX-JcXC90,HOW I GOT THE WIKIPEDIA SPEEDRUN WORLD RECORD,872753,31649,1000,PT25M42S,2020-08-17T06:05:43Z,False,https://i.ytimg.com/vi/-QbX-JcXC90/hqdefault.jpg,https://www.youtube.com/watch?v=-QbX-JcXC90
fNEItY3fZPI,we have beef,517811,22458,632,PT14M6S,2020-08-16T04:38:15Z,False,https://i.ytimg.com/vi/fNEItY3fZPI/hqdefault.jpg,https://www.youtube.com/watch?v=fNEItY3fZPI
AWQaWpriUqo,xQc CANNOT be trusted,522586,22860,553,PT13M39S,2020-08-15T03:09:18Z,False,https://i.ytimg.com/vi/AWQaWpriUqo/hqdefault.jpg,https://www.youtube.com/watch?v=AWQaWpriUqo
amIdzQnI9Nw,TRYING BRITISH SNACKS WITH QTCINDERELLA,1624740,54599,3754,PT32M16S,2020-08-14T05:24:05Z,False,https://i.ytimg.com/vi/amIdzQnI9Nw/hqdefault.jpg,https://www.youtube.com/watch?v=amIdzQnI9Nw
ed0mxCN3AhY,I lied,835715,29635,631,PT18M53S,2020-08-13T06:00:02Z,False,https://i.ytimg.com/vi/ed0mxCN3AhY/hqdefault.jpg,https://www.youtube.com/watch?v=ed0mxCN3AhY
swrWSlf9ZHU,EXTREMELY normal Getting Over It video...,627397,25794,507,PT16M30S,2020-08-12T02:42:31Z,False,https://i.ytimg.com/vi/swrWSlf9ZHU/hqdefault.jpg,https://www.youtube.com/watch?v=swrWSlf9ZHU
zeGmJ8gELec,Getting Over It but it's actually Pogostuck,872390,34267,838,PT23M34S,2020-08-10T23:42:44Z,False,https://i.ytimg.com/vi/zeGmJ8gELec/hqdefault.jpg,https://www.youtube.com/watch?v=zeGmJ8gELec
QKy10GXWvJ0,I WIN,346254,15586,726,PT15M53S,2020-08-10T02:08:50Z,False,https://i.ytimg.com/vi/QKy10GXWvJ0/hqdefault.jpg,https://www.youtube.com/watch?v=QKy10GXWvJ0
Xk3JiudiRCw,I AM FALL,334810,16002,703,PT16M2S,2020-08-09T01:32:17Z,False,https://i.ytimg.com/vi/Xk3JiudiRCw/hqdefault.jpg,https://www.youtube.com/watch?v=Xk3JiudiRCw
HBF8YtsudQs,I AM TOP 10 IN THE WORLD,361932,16829,464,PT16M31S,2020-08-08T01:28:28Z,False,https://i.ytimg.com/vi/HBF8YtsudQs/hqdefault.jpg,https://www.youtube.com/watch?v=HBF8YtsudQs
vqvLLcPg2gs,TRYING EVERY OREO WITH QTCINDERELLA,1325114,51360,1943,PT19M59S,2020-08-07T03:30:12Z,False,https://i.ytimg.com/vi/vqvLLcPg2gs/hqdefault.jpg,https://www.youtube.com/watch?v=vqvLLcPg2gs
WIUU3sCbTMk,Dying of Laughter in GTA 5 Online,543162,19799,678,PT22M13S,2020-08-06T03:03:18Z,False,https://i.ytimg.com/vi/WIUU3sCbTMk/hqdefault.jpg,https://www.youtube.com/watch?v=WIUU3sCbTMk
ejojjZ9RR5A,The RUDEST streamer on Twitch,398304,15966,580,PT15M2S,2020-08-05T05:42:38Z,False,https://i.ytimg.com/vi/ejojjZ9RR5A/hqdefault.jpg,https://www.youtube.com/watch?v=ejojjZ9RR5A
5jvH-OSkzKo,I'm sorry.,369246,19658,1182,PT14M3S,2020-08-04T01:44:52Z,False,https://i.ytimg.com/vi/5jvH-OSkzKo/hqdefault.jpg,https://www.youtube.com/watch?v=5jvH-OSkzKo
9YaSwMCqfQE,I beat the hardest games of all time in 1 hour.,2180930,82459,1729,PT23M20S,2020-08-03T01:39:36Z,False,https://i.ytimg.com/vi/9YaSwMCqfQE/hqdefault.jpg,https://www.youtube.com/watch?v=9YaSwMCqfQE
3y0fkwS5a_0,I fell,403098,20215,706,PT18M32S,2020-08-02T03:07:23Z,False,https://i.ytimg.com/vi/3y0fkwS5a_0/hqdefault.jpg,https://www.youtube.com/watch?v=3y0fkwS5a_0
SnLroRkvt0o,I made pizza,1216178,45948,2183,PT15M52S,2020-08-01T00:23:40Z,False,https://i.ytimg.com/vi/SnLroRkvt0o/hqdefault.jpg,https://www.youtube.com/watch?v=SnLroRkvt0o
QANfBKMGw6Q,oops,975176,40817,882,PT17M40S,2020-07-30T23:05:59Z,False,https://i.ytimg.com/vi/QANfBKMGw6Q/hqdefault.jpg,https://www.youtube.com/watch?v=QANfBKMGw6Q
33VDkzhjtY8,FLORIDA MAN ALMOST KILLS ME,639081,20894,771,PT19M10S,2020-07-30T00:24:08Z,False,https://i.ytimg.com/vi/33VDkzhjtY8/hqdefault.jpg,https://www.youtube.com/watch?v=33VDkzhjtY8
H3ZHV44ZxZM,How I beat the hardest game ever made (pogostuck 2),3520113,87079,2125,PT48M33S,2020-07-29T05:52:46Z,False,https://i.ytimg.com/vi/H3ZHV44ZxZM/hqdefault.jpg,https://www.youtube.com/watch?v=H3ZHV44ZxZM
_Xe3T0sH0E0,I AM SPEEDEST,443298,16845,745,PT12M9S,2020-07-28T04:15:24Z,False,https://i.ytimg.com/vi/_Xe3T0sH0E0/hqdefault.jpg,https://www.youtube.com/watch?v=_Xe3T0sH0E0
tx9FJXOC2qY,this was a mistake...,644954,23919,896,PT23M40S,2020-07-27T04:56:26Z,False,https://i.ytimg.com/vi/tx9FJXOC2qY/hqdefault.jpg,https://www.youtube.com/watch?v=tx9FJXOC2qY
UBc8wBu1Nyk,GOING ALL IN,412681,14613,629,PT19M24S,2020-07-26T02:17:57Z,False,https://i.ytimg.com/vi/UBc8wBu1Nyk/hqdefault.jpg,https://www.youtube.com/watch?v=UBc8wBu1Nyk
7WPkvGN_aKc,How I became the world's most infamous tax fugitive,628245,31265,793,PT18M,2020-07-25T04:03:11Z,False,https://i.ytimg.com/vi/7WPkvGN_aKc/hqdefault.jpg,https://www.youtube.com/watch?v=7WPkvGN_aKc
HvNbxaf3yGM,Confronting Clint Stevens,415277,16732,595,PT25M52S,2020-07-24T06:36:40Z,False,https://i.ytimg.com/vi/HvNbxaf3yGM/hqdefault.jpg,https://www.youtube.com/watch?v=HvNbxaf3yGM
AnUQ9xTYh9A,Confronting CallMeCarson,392995,18129,734,PT16M,2020-07-23T05:45:55Z,False,https://i.ytimg.com/vi/AnUQ9xTYh9A/hqdefault.jpg,https://www.youtube.com/watch?v=AnUQ9xTYh9A
ndo8cn0HtUo,So I made computers fight each other...,380229,16293,677,PT19M58S,2020-07-22T01:51:28Z,False,https://i.ytimg.com/vi/ndo8cn0HtUo/hqdefault.jpg,https://www.youtube.com/watch?v=ndo8cn0HtUo
9LFfI6ru2r8,I LOST,768715,28937,1117,PT19M12S,2020-07-21T03:09:21Z,False,https://i.ytimg.com/vi/9LFfI6ru2r8/hqdefault.jpg,https://www.youtube.com/watch?v=9LFfI6ru2r8
JYt-f7Q94XA,Ludwig Reacts to Tik Toks that make you UGLY laugh,605788,25813,652,PT8M53S,2020-07-20T06:07:46Z,False,https://i.ytimg.com/vi/JYt-f7Q94XA/hqdefault.jpg,https://www.youtube.com/watch?v=JYt-f7Q94XA
sqYQkACbsfc,Responding to Wilbur's comments.,644748,27959,539,PT14M26S,2020-07-18T23:14:14Z,False,https://i.ytimg.com/vi/sqYQkACbsfc/hqdefault.jpg,https://www.youtube.com/watch?v=sqYQkACbsfc
SM0jaGNvEvo,I AM SPEEDER,590614,18683,658,PT18M4S,2020-07-18T07:36:44Z,False,https://i.ytimg.com/vi/SM0jaGNvEvo/hqdefault.jpg,https://www.youtube.com/watch?v=SM0jaGNvEvo
rxldY_gPfiM,I cannot take her anywhere...,430099,16656,841,PT12M31S,2020-07-17T02:12:41Z,False,https://i.ytimg.com/vi/rxldY_gPfiM/hqdefault.jpg,https://www.youtube.com/watch?v=rxldY_gPfiM
xdhSie5yyrE,So I made a Twitch Streamer tier list...,960538,34341,1444,PT39M56S,2020-07-16T05:49:09Z,False,https://i.ytimg.com/vi/xdhSie5yyrE/hqdefault.jpg,https://www.youtube.com/watch?v=xdhSie5yyrE
3UX5UrPyoAo,I AM SPEED,967133,30073,1180,PT16M17S,2020-07-15T03:34:38Z,False,https://i.ytimg.com/vi/3UX5UrPyoAo/hqdefault.jpg,https://www.youtube.com/watch?v=3UX5UrPyoAo
klOleekB6Mk,So I ranked YouTubers...,395578,18164,1034,PT34M25S,2020-07-14T01:15:04Z,False,https://i.ytimg.com/vi/klOleekB6Mk/hqdefault.jpg,https://www.youtube.com/watch?v=klOleekB6Mk
9zg_AfjqlzU,RANKING THE BEST ANIME FIGHTS OF ALL TIME,1016373,35469,4119,PT24M21S,2020-07-13T01:03:29Z,False,https://i.ytimg.com/vi/9zg_AfjqlzU/hqdefault.jpg,https://www.youtube.com/watch?v=9zg_AfjqlzU
1CZCnS24s8I,USING ALL 100 OF MY IQ,320607,12912,708,PT15M13S,2020-07-12T05:34:31Z,False,https://i.ytimg.com/vi/1CZCnS24s8I/hqdefault.jpg,https://www.youtube.com/watch?v=1CZCnS24s8I
84z7pjNBjjo,If Twitch Chat Makes us Laugh the Video Ends.,946007,38154,907,PT10M10S,2020-07-11T04:01:16Z,False,https://i.ytimg.com/vi/84z7pjNBjjo/hqdefault.jpg,https://www.youtube.com/watch?v=84z7pjNBjjo
jQApnbths3o,So I let Twitch Chat MAKE the Music...,391887,17898,1207,PT18M44S,2020-07-10T06:36:59Z,False,https://i.ytimg.com/vi/jQApnbths3o/hqdefault.jpg,https://www.youtube.com/watch?v=jQApnbths3o
0Lm9oScY8Rk,MY BIGGEST SIMP,696790,25502,765,PT16M18S,2020-07-09T04:53:18Z,False,https://i.ytimg.com/vi/0Lm9oScY8Rk/hqdefault.jpg,https://www.youtube.com/watch?v=0Lm9oScY8Rk
w1lJL-GcRJI,I played chess with WOMEN,1757691,52648,1286,PT25M22S,2020-07-08T03:44:10Z,False,https://i.ytimg.com/vi/w1lJL-GcRJI/hqdefault.jpg,https://www.youtube.com/watch?v=w1lJL-GcRJI
Ub7junzDmo0,Ludwig reacts to unusual memes that are FUNNY and IRONIC,981247,40537,1078,PT13M58S,2020-07-07T04:45:58Z,False,https://i.ytimg.com/vi/Ub7junzDmo0/hqdefault.jpg,https://www.youtube.com/watch?v=Ub7junzDmo0
nqzVGuV1hM8,Do I make TOO much money?,489730,21174,1016,PT36M5S,2020-07-06T02:46:34Z,False,https://i.ytimg.com/vi/nqzVGuV1hM8/hqdefault.jpg,https://www.youtube.com/watch?v=nqzVGuV1hM8
dz-3plw5dbU,DO YOU KNOW THIS EMOTE?,351576,13733,508,PT25M31S,2020-07-05T02:27:49Z,False,https://i.ytimg.com/vi/dz-3plw5dbU/hqdefault.jpg,https://www.youtube.com/watch?v=dz-3plw5dbU
s0Cuj9QVReo,How I accidentally became the best poker player on twitch,362061,12213,606,PT17M2S,2020-07-04T01:49:36Z,False,https://i.ytimg.com/vi/s0Cuj9QVReo/hqdefault.jpg,https://www.youtube.com/watch?v=s0Cuj9QVReo
kHQR4I-kA6Q,So I was forced to get a neck tattoo...,326400,13207,469,PT15M4S,2020-07-03T00:18:59Z,False,https://i.ytimg.com/vi/kHQR4I-kA6Q/hqdefault.jpg,https://www.youtube.com/watch?v=kHQR4I-kA6Q
6vlYFL0S3Tk,Can Twitch Chat reach the flag?,1844919,52717,815,PT19M51S,2020-07-02T01:25:10Z,False,https://i.ytimg.com/vi/6vlYFL0S3Tk/hqdefault.jpg,https://www.youtube.com/watch?v=6vlYFL0S3Tk
4pxCuHX4QzU,She didn't think this was funny...,679140,24964,528,PT16M33S,2020-07-01T01:43:00Z,False,https://i.ytimg.com/vi/4pxCuHX4QzU/hqdefault.jpg,https://www.youtube.com/watch?v=4pxCuHX4QzU
hZl_nwucr-4,The world's hardest game you've never heard of,538971,20304,717,PT11M16S,2020-06-29T23:00:03Z,False,https://i.ytimg.com/vi/hZl_nwucr-4/hqdefault.jpg,https://www.youtube.com/watch?v=hZl_nwucr-4
PNbxDc6-shY,Only 8 people have ever beat this game...,2278360,58547,1113,PT30M27S,2020-06-29T01:00:06Z,False,https://i.ytimg.com/vi/PNbxDc6-shY/hqdefault.jpg,https://www.youtube.com/watch?v=PNbxDc6-shY
xIyt6smw1vE,TRYING EVERY POPTART WITH QTCINDERELLA,1576297,49914,1877,PT24M53S,2020-06-27T23:00:16Z,False,https://i.ytimg.com/vi/xIyt6smw1vE/hqdefault.jpg,https://www.youtube.com/watch?v=xIyt6smw1vE
G5BI6YKyF1s,How I accidentally became the biggest chess streamer of all time,2764862,89108,2123,PT47M28S,2020-06-26T22:00:08Z,False,https://i.ytimg.com/vi/G5BI6YKyF1s/hqdefault.jpg,https://www.youtube.com/watch?v=G5BI6YKyF1s
L59prGa-ogM,Ludwig Reacts to Unusual Memes that make you belly laugh,934509,33578,660,PT12M38S,2020-06-25T23:00:05Z,False,https://i.ytimg.com/vi/L59prGa-ogM/hqdefault.jpg,https://www.youtube.com/watch?v=L59prGa-ogM
rnSoRZG01iI,Clint Stevens thoughts on Ludwig,353877,13960,347,PT15M28S,2020-06-25T03:11:40Z,False,https://i.ytimg.com/vi/rnSoRZG01iI/hqdefault.jpg,https://www.youtube.com/watch?v=rnSoRZG01iI
RO43QxvFjLQ,Pokemon but every battle is a different generation,627059,18464,485,PT27M28S,2020-06-24T02:33:04Z,False,https://i.ytimg.com/vi/RO43QxvFjLQ/hqdefault.jpg,https://www.youtube.com/watch?v=RO43QxvFjLQ
qucFm9yUHyk,Chess Grandmaster ROASTS me,546845,18829,451,PT16M59S,2020-06-23T01:30:04Z,False,https://i.ytimg.com/vi/qucFm9yUHyk/hqdefault.jpg,https://www.youtube.com/watch?v=qucFm9yUHyk
zrIXuAfiBkk,WHICH ONE IS BETTER?,277731,12816,729,PT22M9S,2020-06-22T02:46:00Z,False,https://i.ytimg.com/vi/zrIXuAfiBkk/hqdefault.jpg,https://www.youtube.com/watch?v=zrIXuAfiBkk
MNcL9Ay44V4,1V1ING MY SUBSCRIBERS FOR CASH,1141852,29516,499,PT29M56S,2020-06-21T03:39:51Z,False,https://i.ytimg.com/vi/MNcL9Ay44V4/hqdefault.jpg,https://www.youtube.com/watch?v=MNcL9Ay44V4
Kogb4ZwYdVg,CONFIRMED?,509250,19330,505,PT17M,2020-06-20T01:43:34Z,False,https://i.ytimg.com/vi/Kogb4ZwYdVg/hqdefault.jpg,https://www.youtube.com/watch?v=Kogb4ZwYdVg
sv1-6MNZJyY,WHAT COULD GO WRONG?,234038,13159,418,PT16M9S,2020-06-19T02:55:23Z,False,https://i.ytimg.com/vi/sv1-6MNZJyY/hqdefault.jpg,https://www.youtube.com/watch?v=sv1-6MNZJyY
6hEixgnrIdo,I am BETTER blindfolded,506558,22675,771,PT19M56S,2020-06-18T02:34:39Z,False,https://i.ytimg.com/vi/6hEixgnrIdo/hqdefault.jpg,https://www.youtube.com/watch?v=6hEixgnrIdo
9hdm2Mx-aIc,So this Wikipedia Speedrun got kinda crazy...,533392,19186,965,PT19M57S,2020-06-17T02:42:23Z,False,https://i.ytimg.com/vi/9hdm2Mx-aIc/hqdefault.jpg,https://www.youtube.com/watch?v=9hdm2Mx-aIc
JuN1rdYxtZs,So I lost a bet...,323283,14758,767,PT23M59S,2020-06-16T01:09:24Z,False,https://i.ytimg.com/vi/JuN1rdYxtZs/hqdefault.jpg,https://www.youtube.com/watch?v=JuN1rdYxtZs
UYbyDMIzcdQ,Ludwig reacts to Unusual Memes that are basically vines,902295,36555,704,PT13M38S,2020-06-15T01:27:56Z,False,https://i.ytimg.com/vi/UYbyDMIzcdQ/hqdefault.jpg,https://www.youtube.com/watch?v=UYbyDMIzcdQ
E0Npv79n0YE,I am a dwarf.,347102,11507,673,PT32M59S,2020-06-14T00:00:02Z,False,https://i.ytimg.com/vi/E0Npv79n0YE/hqdefault.jpg,https://www.youtube.com/watch?v=E0Npv79n0YE
jsTYzyrqBgc,How I Became Top 3 in the World,690609,25184,495,PT17M36S,2020-06-12T23:00:12Z,False,https://i.ytimg.com/vi/jsTYzyrqBgc/hqdefault.jpg,https://www.youtube.com/watch?v=jsTYzyrqBgc
-UaO3vE-BJg,"I can't believe this happened in front of 60,000 people...",648291,24621,524,PT17M59S,2020-06-12T03:31:29Z,False,https://i.ytimg.com/vi/-UaO3vE-BJg/hqdefault.jpg,https://www.youtube.com/watch?v=-UaO3vE-BJg
MjeBImAApGs,My First Love,437159,18010,474,PT14M27S,2020-06-11T01:30:12Z,False,https://i.ytimg.com/vi/MjeBImAApGs/hqdefault.jpg,https://www.youtube.com/watch?v=MjeBImAApGs
e5v-Dsfxk3E,My talent show went horribly wrong...,349592,14157,764,PT34M29S,2020-06-10T03:28:16Z,False,https://i.ytimg.com/vi/e5v-Dsfxk3E/hqdefault.jpg,https://www.youtube.com/watch?v=e5v-Dsfxk3E
Uboh2Dh90nY,So this is why I have a mustache...,323089,12960,471,PT21M58S,2020-06-09T01:38:15Z,False,https://i.ytimg.com/vi/Uboh2Dh90nY/hqdefault.jpg,https://www.youtube.com/watch?v=Uboh2Dh90nY
SfQCLvOAnXs,USING ALL 5G OF MY BRAIN,361263,16053,701,PT17M23S,2020-06-08T05:34:09Z,False,https://i.ytimg.com/vi/SfQCLvOAnXs/hqdefault.jpg,https://www.youtube.com/watch?v=SfQCLvOAnXs
ZVC8EQVfNNU,This Pokémon contest was a terrible mistake...,776327,27203,871,PT30M,2020-06-07T05:23:27Z,False,https://i.ytimg.com/vi/ZVC8EQVfNNU/hqdefault.jpg,https://www.youtube.com/watch?v=ZVC8EQVfNNU
nbos_NsTp4A,My life without YouTube...,589309,25996,978,PT23M18S,2020-06-06T01:57:52Z,False,https://i.ytimg.com/vi/nbos_NsTp4A/hqdefault.jpg,https://www.youtube.com/watch?v=nbos_NsTp4A
dTg-oz9JBZw,Loser gets a face tattoo...,575684,20144,561,PT18M21S,2020-06-05T02:43:55Z,False,https://i.ytimg.com/vi/dTg-oz9JBZw/hqdefault.jpg,https://www.youtube.com/watch?v=dTg-oz9JBZw
HtWUCFVpbO8,So this happened...,901048,29099,668,PT15M57S,2020-06-04T00:15:00Z,False,https://i.ytimg.com/vi/HtWUCFVpbO8/hqdefault.jpg,https://www.youtube.com/watch?v=HtWUCFVpbO8
y5m7pMSRiN0,This is why I CANNOT stream with her...,748610,28820,963,PT15M20S,2020-06-03T03:35:18Z,False,https://i.ytimg.com/vi/y5m7pMSRiN0/hqdefault.jpg,https://www.youtube.com/watch?v=y5m7pMSRiN0
p_B5-Ttf9kU,Shoot higher.,496641,18323,648,PT20M57S,2020-06-02T01:00:20Z,False,https://i.ytimg.com/vi/p_B5-Ttf9kU/hqdefault.jpg,https://www.youtube.com/watch?v=p_B5-Ttf9kU
mpt7Gk9zEv8,Chess Grandmaster SHOCKED at my skill,1481928,47533,665,PT16M31S,2020-06-01T04:28:05Z,False,https://i.ytimg.com/vi/mpt7Gk9zEv8/hqdefault.jpg,https://www.youtube.com/watch?v=mpt7Gk9zEv8
VgnK_WmeKK0,UNBOXING $2500 WORTH OF STUFF STREAM BOUGHT ME,623748,27631,1044,PT20M57S,2020-05-31T02:02:40Z,False,https://i.ytimg.com/vi/VgnK_WmeKK0/hqdefault.jpg,https://www.youtube.com/watch?v=VgnK_WmeKK0
n7A9QMY198w,Streaming with QTCinderella was a terrible mistake...,662568,25127,628,PT13M43S,2020-05-30T02:00:06Z,False,https://i.ytimg.com/vi/n7A9QMY198w/hqdefault.jpg,https://www.youtube.com/watch?v=n7A9QMY198w
6plK3WwZguE,So this was my hobby before YouTube...,567946,23436,1023,PT23M54S,2020-05-29T01:09:39Z,False,https://i.ytimg.com/vi/6plK3WwZguE/hqdefault.jpg,https://www.youtube.com/watch?v=6plK3WwZguE
1iSLBPcFD6E,LUDWIG REACTS TO DAILY DOSE OF INTERNET,322515,15095,659,PT9M42S,2020-05-28T02:00:00Z,False,https://i.ytimg.com/vi/1iSLBPcFD6E/hqdefault.jpg,https://www.youtube.com/watch?v=1iSLBPcFD6E
I0EfaNsmtZQ,HOW I BECAME A WORLD RECORD HOLDER,497646,18857,671,PT18M15S,2020-05-27T01:30:01Z,False,https://i.ytimg.com/vi/I0EfaNsmtZQ/hqdefault.jpg,https://www.youtube.com/watch?v=I0EfaNsmtZQ
408pgWoNWrI,PB OR LOSE $1000,305562,12176,489,PT18M2S,2020-05-26T01:30:00Z,False,https://i.ytimg.com/vi/408pgWoNWrI/hqdefault.jpg,https://www.youtube.com/watch?v=408pgWoNWrI
U7QE2QzFNyE,STREAM GOES SHOPPING FOR $5000,1561033,49412,1251,PT29M57S,2020-05-25T01:00:10Z,False,https://i.ytimg.com/vi/U7QE2QzFNyE/hqdefault.jpg,https://www.youtube.com/watch?v=U7QE2QzFNyE
mfxa-nedSLM,Should I ban him?,750790,25428,552,PT19M52S,2020-05-24T01:00:07Z,False,https://i.ytimg.com/vi/mfxa-nedSLM/hqdefault.jpg,https://www.youtube.com/watch?v=mfxa-nedSLM
VNyB5r5Gz4A,Ludwig Reacts to Unusual Memes that make quarantine better,733590,27385,612,PT13M21S,2020-05-23T02:44:59Z,False,https://i.ytimg.com/vi/VNyB5r5Gz4A/hqdefault.jpg,https://www.youtube.com/watch?v=VNyB5r5Gz4A
00PT-eVT8Cc,GETTING CLAPPED BY MY VIEWERS IN 1v1s,521780,18963,608,PT21M4S,2020-05-22T01:00:00Z,False,https://i.ytimg.com/vi/00PT-eVT8Cc/hqdefault.jpg,https://www.youtube.com/watch?v=00PT-eVT8Cc
a9ribF8zpqw,this stream was a mistake...,376170,16536,934,PT14M36S,2020-05-21T01:00:00Z,False,https://i.ytimg.com/vi/a9ribF8zpqw/hqdefault.jpg,https://www.youtube.com/watch?v=a9ribF8zpqw
lNnhGoQihqU,Ludwig Reacts to Best of Ludwig,530068,20789,415,PT6M11S,2020-05-20T02:26:55Z,False,https://i.ytimg.com/vi/lNnhGoQihqU/hqdefault.jpg,https://www.youtube.com/watch?v=lNnhGoQihqU
8WIZKWG6bkw,this stream got a little crazy...,1201201,38319,1161,PT25M16S,2020-05-19T01:00:01Z,False,https://i.ytimg.com/vi/8WIZKWG6bkw/hqdefault.jpg,https://www.youtube.com/watch?v=8WIZKWG6bkw
0i0ZmA2fcP0,Thank you.,300026,27396,1769,PT16M18S,2020-05-17T23:00:01Z,False,https://i.ytimg.com/vi/0i0ZmA2fcP0/hqdefault.jpg,https://www.youtube.com/watch?v=0i0ZmA2fcP0
-Apbjfmah3c,"Heads I ban you, tails...",307312,13939,460,PT15M32S,2020-05-16T23:00:00Z,False,https://i.ytimg.com/vi/-Apbjfmah3c/hqdefault.jpg,https://www.youtube.com/watch?v=-Apbjfmah3c
K0XEMCc0SNk,HOW I MADE $3500 SLEEPING ON STREAM,1162401,46481,1386,PT18M42S,2020-05-16T02:30:51Z,False,https://i.ytimg.com/vi/K0XEMCc0SNk/hqdefault.jpg,https://www.youtube.com/watch?v=K0XEMCc0SNk
wYpGer_TAsk,Why I lost my Twitter account...,395059,14368,787,PT28M18S,2020-05-15T02:30:13Z,False,https://i.ytimg.com/vi/wYpGer_TAsk/hqdefault.jpg,https://www.youtube.com/watch?v=wYpGer_TAsk
LEWwivfkgAI,Read the room.,803847,29585,869,PT19M10S,2020-05-14T02:00:01Z,False,https://i.ytimg.com/vi/LEWwivfkgAI/hqdefault.jpg,https://www.youtube.com/watch?v=LEWwivfkgAI
MKTNyc63a0Q,chat asks me anything but I HAVE to answer honestly,1230282,52288,1436,PT23M34S,2020-05-13T02:00:05Z,False,https://i.ytimg.com/vi/MKTNyc63a0Q/hqdefault.jpg,https://www.youtube.com/watch?v=MKTNyc63a0Q
YQ2RoE2PovM,Ludwig Tries Not to Laugh at Unusual Memes,724284,29418,647,PT12M56S,2020-05-12T01:30:03Z,False,https://i.ytimg.com/vi/YQ2RoE2PovM/hqdefault.jpg,https://www.youtube.com/watch?v=YQ2RoE2PovM
VLz-n9U2V3s,doing EVERYTHING chat asks me to do,332977,17344,619,PT17M13S,2020-05-11T03:00:09Z,False,https://i.ytimg.com/vi/VLz-n9U2V3s/hqdefault.jpg,https://www.youtube.com/watch?v=VLz-n9U2V3s
_QVOa61K0Oc,This isn't funny anymore.,266971,12154,783,PT17M38S,2020-05-10T04:00:09Z,False,https://i.ytimg.com/vi/_QVOa61K0Oc/hqdefault.jpg,https://www.youtube.com/watch?v=_QVOa61K0Oc
jEd-SFTuilU,I AM IN HIDING,337061,13925,517,PT17M30S,2020-05-09T05:00:19Z,False,https://i.ytimg.com/vi/jEd-SFTuilU/hqdefault.jpg,https://www.youtube.com/watch?v=jEd-SFTuilU
E6IcCQhj1LQ,Ludwig Reacts to Tik Toks that make you laugh uncomfortably,1143124,38596,1021,PT22M35S,2020-05-08T02:00:03Z,False,https://i.ytimg.com/vi/E6IcCQhj1LQ/hqdefault.jpg,https://www.youtube.com/watch?v=E6IcCQhj1LQ
DZfi2MNjb7Q,Reacting to my college videos,287330,13976,673,PT15M31S,2020-05-07T02:01:41Z,False,https://i.ytimg.com/vi/DZfi2MNjb7Q/hqdefault.jpg,https://www.youtube.com/watch?v=DZfi2MNjb7Q
npLEN8OpJE4,So my search history got leaked...,566300,20102,507,PT19M3S,2020-05-06T02:00:06Z,False,https://i.ytimg.com/vi/npLEN8OpJE4/hqdefault.jpg,https://www.youtube.com/watch?v=npLEN8OpJE4
rKQnaEBI82w,If you walk through the door you lose,290625,11846,499,PT19M23S,2020-05-05T02:45:02Z,False,https://i.ytimg.com/vi/rKQnaEBI82w/hqdefault.jpg,https://www.youtube.com/watch?v=rKQnaEBI82w
9ru9z5cmaqk,So I let my stream decide what to do...,358068,18145,520,PT12M9S,2020-05-04T02:00:02Z,False,https://i.ytimg.com/vi/9ru9z5cmaqk/hqdefault.jpg,https://www.youtube.com/watch?v=9ru9z5cmaqk
hfy_HWrwQFY,USING 100 PERCENT OF MY BRAIN,463168,17254,535,PT19M20S,2020-05-02T22:00:09Z,False,https://i.ytimg.com/vi/hfy_HWrwQFY/hqdefault.jpg,https://www.youtube.com/watch?v=hfy_HWrwQFY
J91joJtz-Eo,THE BIGGEST SCAM IN AMERICA,146905,11526,446,PT1M37S,2020-05-02T03:35:01Z,False,https://i.ytimg.com/vi/J91joJtz-Eo/hqdefault.jpg,https://www.youtube.com/watch?v=J91joJtz-Eo
qy6bHvHooQc,THIS WILL GET YOU BANNED,459404,17437,661,PT14M16S,2020-05-01T02:30:02Z,False,https://i.ytimg.com/vi/qy6bHvHooQc/hqdefault.jpg,https://www.youtube.com/watch?v=qy6bHvHooQc
SNamMHn6TUY,I AM IN TROUBLE,861315,21536,648,PT29M33S,2020-04-30T01:30:02Z,False,https://i.ytimg.com/vi/SNamMHn6TUY/hqdefault.jpg,https://www.youtube.com/watch?v=SNamMHn6TUY
YvqETsS7Q50,Ludwig Reacts to Unusual Memes that are GUARANTEED to make you laugh,673479,26295,614,PT10M29S,2020-04-29T00:00:04Z,False,https://i.ytimg.com/vi/YvqETsS7Q50/hqdefault.jpg,https://www.youtube.com/watch?v=YvqETsS7Q50
oG2MIqhYYHg,So this emote contest ended up being a terrible mistake...,302798,11935,393,PT14M53S,2020-04-28T02:00:15Z,False,https://i.ytimg.com/vi/oG2MIqhYYHg/hqdefault.jpg,https://www.youtube.com/watch?v=oG2MIqhYYHg
CvHVHUoUCVM,So I rigged a game show...,451141,16072,687,PT22M,2020-04-27T02:00:04Z,False,https://i.ytimg.com/vi/CvHVHUoUCVM/hqdefault.jpg,https://www.youtube.com/watch?v=CvHVHUoUCVM
qMdSAKyL7Hs,Why I'm not celebrating my birthday this year...,462469,17032,696,PT25M27S,2020-04-26T00:30:08Z,False,https://i.ytimg.com/vi/qMdSAKyL7Hs/hqdefault.jpg,https://www.youtube.com/watch?v=qMdSAKyL7Hs
dPIvQ0hIHck,How I beat the hardest GameCube game ever made,886935,27825,672,PT15M6S,2020-04-24T23:00:08Z,False,https://i.ytimg.com/vi/dPIvQ0hIHck/hqdefault.jpg,https://www.youtube.com/watch?v=dPIvQ0hIHck
O7o_h9LADDA,"So I challenged 1,200 people to photoshop this image...",308655,13108,438,PT14M14S,2020-04-24T01:30:01Z,False,https://i.ytimg.com/vi/O7o_h9LADDA/hqdefault.jpg,https://www.youtube.com/watch?v=O7o_h9LADDA
S1zw9nquG60,How I accidentally became Tik Tok famous,422383,17852,796,PT16M46S,2020-04-23T02:00:04Z,False,https://i.ytimg.com/vi/S1zw9nquG60/hqdefault.jpg,https://www.youtube.com/watch?v=S1zw9nquG60
Fu5AzV0PPgc,How I lost my eyebrow...,537699,24396,1153,PT15M35S,2020-04-22T02:00:02Z,False,https://i.ytimg.com/vi/Fu5AzV0PPgc/hqdefault.jpg,https://www.youtube.com/watch?v=Fu5AzV0PPgc
FMXUnKtrKXU,Why I had to ban her...,1399565,40811,1092,PT23M9S,2020-04-21T03:00:09Z,False,https://i.ytimg.com/vi/FMXUnKtrKXU/hqdefault.jpg,https://www.youtube.com/watch?v=FMXUnKtrKXU
3GYsP7lUnVM,When you see it...,547703,21626,609,PT13M53S,2020-04-20T01:45:01Z,False,https://i.ytimg.com/vi/3GYsP7lUnVM/hqdefault.jpg,https://www.youtube.com/watch?v=3GYsP7lUnVM
bTFW4nW178g,Ludwig and Slime talk about fat pups for 15 minutes,209734,9899,517,PT15M,2020-04-19T01:30:02Z,False,https://i.ytimg.com/vi/bTFW4nW178g/hqdefault.jpg,https://www.youtube.com/watch?v=bTFW4nW178g
801OAzJfHwg,IF I LAUGH I SHAVE MY HEAD,2071251,73614,2088,PT24M39S,2020-04-18T02:30:02Z,False,https://i.ytimg.com/vi/801OAzJfHwg/hqdefault.jpg,https://www.youtube.com/watch?v=801OAzJfHwg
d4zOWetJNx8,So this speedrun ended up being a terrible mistake...,590967,16692,376,PT21M56S,2020-04-17T01:30:06Z,False,https://i.ytimg.com/vi/d4zOWetJNx8/hqdefault.jpg,https://www.youtube.com/watch?v=d4zOWetJNx8
ajQRJ555tnk,So VRChat ended up being a terrible mistake...,259632,13182,644,PT15M40S,2020-04-16T02:15:01Z,False,https://i.ytimg.com/vi/ajQRJ555tnk/hqdefault.jpg,https://www.youtube.com/watch?v=ajQRJ555tnk
HP-e-rzeXrQ,I MADE CREPES,415869,19210,1053,PT11M50S,2020-04-15T01:30:00Z,False,https://i.ytimg.com/vi/HP-e-rzeXrQ/hqdefault.jpg,https://www.youtube.com/watch?v=HP-e-rzeXrQ
JageAuwV7Ug,this message ACTUALLY bothers me...,650419,23122,988,PT19M11S,2020-04-14T02:00:05Z,False,https://i.ytimg.com/vi/JageAuwV7Ug/hqdefault.jpg,https://www.youtube.com/watch?v=JageAuwV7Ug
64kbUjog5cM,Ludwig Reacts to Unusual Memes that you CANNOT laugh at,1058934,38910,796,PT14M22S,2020-04-13T01:00:05Z,False,https://i.ytimg.com/vi/64kbUjog5cM/hqdefault.jpg,https://www.youtube.com/watch?v=64kbUjog5cM
lWp52kZPP3c,Ludwig Stream Setup Tour,252788,10482,526,PT11M1S,2020-04-12T02:00:12Z,False,https://i.ytimg.com/vi/lWp52kZPP3c/hqdefault.jpg,https://www.youtube.com/watch?v=lWp52kZPP3c
OvMLuRWnOWw,"So I Hired Fiverr Artists to make me a ""song""...",268366,15661,705,PT21M32S,2020-04-11T02:00:10Z,False,https://i.ytimg.com/vi/OvMLuRWnOWw/hqdefault.jpg,https://www.youtube.com/watch?v=OvMLuRWnOWw
pQJLTzIp9DY,I am the most famous Ludwig alive,246703,13136,439,PT11M12S,2020-04-10T02:00:06Z,False,https://i.ytimg.com/vi/pQJLTzIp9DY/hqdefault.jpg,https://www.youtube.com/watch?v=pQJLTzIp9DY
8MPKjk8J2NU,SHE SCAMMED ME,576226,19694,676,PT19M50S,2020-04-09T01:00:02Z,False,https://i.ytimg.com/vi/8MPKjk8J2NU/hqdefault.jpg,https://www.youtube.com/watch?v=8MPKjk8J2NU
EDDmZkUzy78,Ludwig BEFORE YouTube,1082736,40834,893,PT21M22S,2020-04-08T01:00:17Z,False,https://i.ytimg.com/vi/EDDmZkUzy78/hqdefault.jpg,https://www.youtube.com/watch?v=EDDmZkUzy78
7KveCB9QSR0,This is what almost got me banned...,295067,13086,521,PT16M3S,2020-04-07T00:00:03Z,False,https://i.ytimg.com/vi/7KveCB9QSR0/hqdefault.jpg,https://www.youtube.com/watch?v=7KveCB9QSR0
Q9RX6dOhSGA,HOW MANY WOULD YOU DO (1 SQUAT = $1),400479,15995,647,PT22M26S,2020-04-06T03:00:05Z,False,https://i.ytimg.com/vi/Q9RX6dOhSGA/hqdefault.jpg,https://www.youtube.com/watch?v=Q9RX6dOhSGA
9rbI7jaqBsk,YOU HAVE TO STOP (insane),184973,11279,545,PT9M52S,2020-04-05T00:00:00Z,False,https://i.ytimg.com/vi/9rbI7jaqBsk/hqdefault.jpg,https://www.youtube.com/watch?v=9rbI7jaqBsk
f5fo8f1soNM,The Truth about my first time...,1930688,68382,1357,PT24M2S,2020-04-03T19:00:19Z,False,https://i.ytimg.com/vi/f5fo8f1soNM/hqdefault.jpg,https://www.youtube.com/watch?v=f5fo8f1soNM
w5cK67DplFk,So I tried speedrunning the hardest GameCube game...,926951,24353,470,PT20M26S,2020-04-03T02:00:05Z,False,https://i.ytimg.com/vi/w5cK67DplFk/hqdefault.jpg,https://www.youtube.com/watch?v=w5cK67DplFk
ItmV7sSbpnQ,So I got called out by a famous Tik Tok star...,288030,13263,403,PT12M18S,2020-04-02T02:30:02Z,False,https://i.ytimg.com/vi/ItmV7sSbpnQ/hqdefault.jpg,https://www.youtube.com/watch?v=ItmV7sSbpnQ
UOg18EVbX9E,Getting banned just got a lot worse...,380447,15733,654,PT16M15S,2020-04-01T03:00:06Z,False,https://i.ytimg.com/vi/UOg18EVbX9E/hqdefault.jpg,https://www.youtube.com/watch?v=UOg18EVbX9E
o0idks7c9yo,My first time...,1165216,54113,1400,PT13M21S,2020-03-31T00:30:00Z,False,https://i.ytimg.com/vi/o0idks7c9yo/hqdefault.jpg,https://www.youtube.com/watch?v=o0idks7c9yo
M9A7QyC7yoQ,please stop finding embarrassing photos of me...,627202,27369,779,PT13M23S,2020-03-29T21:00:04Z,False,https://i.ytimg.com/vi/M9A7QyC7yoQ/hqdefault.jpg,https://www.youtube.com/watch?v=M9A7QyC7yoQ
1tLMdIuf0Hc,Ludwig Reacts to Unusual Memes that will make you LOL and LMAO,987775,36294,904,PT12M33S,2020-03-29T01:36:40Z,False,https://i.ytimg.com/vi/1tLMdIuf0Hc/hqdefault.jpg,https://www.youtube.com/watch?v=1tLMdIuf0Hc
-BGyYr1c0WM,this stream got a little weird...,501458,15864,382,PT24M48S,2020-03-28T00:00:00Z,False,https://i.ytimg.com/vi/-BGyYr1c0WM/hqdefault.jpg,https://www.youtube.com/watch?v=-BGyYr1c0WM
NlW0A5LjY74,This Photoshop contest was a mistake...,810335,27962,514,PT21M22S,2020-03-27T01:00:04Z,False,https://i.ytimg.com/vi/NlW0A5LjY74/hqdefault.jpg,https://www.youtube.com/watch?v=NlW0A5LjY74
cP2u2kVf5sY,This has gone too far...,291072,13578,291,PT11M16S,2020-03-26T00:00:08Z,False,https://i.ytimg.com/vi/cP2u2kVf5sY/hqdefault.jpg,https://www.youtube.com/watch?v=cP2u2kVf5sY
fIs-Bz2DCNQ,So I made stream draw me and it got weird...,291156,12645,500,PT13M43S,2020-03-24T23:00:10Z,False,https://i.ytimg.com/vi/fIs-Bz2DCNQ/hqdefault.jpg,https://www.youtube.com/watch?v=fIs-Bz2DCNQ
KslLApcy_Io,If I say THIS word the video ends,1362224,42773,625,PT20M17S,2020-03-24T00:00:06Z,False,https://i.ytimg.com/vi/KslLApcy_Io/hqdefault.jpg,https://www.youtube.com/watch?v=KslLApcy_Io
E9nN2iDlN9k,THIS IS A SCAM,276523,12583,308,PT18M23S,2020-03-23T01:00:05Z,False,https://i.ytimg.com/vi/E9nN2iDlN9k/hqdefault.jpg,https://www.youtube.com/watch?v=E9nN2iDlN9k
65Dj7rIgldQ,STREAM TAKES OVER MY MUSIC PLAYLIST,235062,11491,323,PT11M6S,2020-03-22T00:30:00Z,False,https://i.ytimg.com/vi/65Dj7rIgldQ/hqdefault.jpg,https://www.youtube.com/watch?v=65Dj7rIgldQ
BPZ4f-dKm_s,How Timmy ACCIDENTALLY destroyed my town,223213,10604,485,PT21M45S,2020-03-21T00:15:02Z,False,https://i.ytimg.com/vi/BPZ4f-dKm_s/hqdefault.jpg,https://www.youtube.com/watch?v=BPZ4f-dKm_s
r5zlfD3zX5o,I beat Pokimane,477188,19880,611,PT15M6S,2020-03-20T01:15:02Z,False,https://i.ytimg.com/vi/r5zlfD3zX5o/hqdefault.jpg,https://www.youtube.com/watch?v=r5zlfD3zX5o
kPpGvIj1PR8,My luck ran out...,213087,9121,427,PT14M30S,2020-03-19T00:15:01Z,False,https://i.ytimg.com/vi/kPpGvIj1PR8/hqdefault.jpg,https://www.youtube.com/watch?v=kPpGvIj1PR8
Rr0_oR0QC88,OPENING $1500 WORTH OF STUFF CHAT BOUGHT ME,1179399,37617,721,PT15M10S,2020-03-17T23:00:08Z,False,https://i.ytimg.com/vi/Rr0_oR0QC88/hqdefault.jpg,https://www.youtube.com/watch?v=Rr0_oR0QC88
EKC5-9MkM5E,Ludwig Reacts to Unusual Memes that will make you laugh,1091302,37150,464,PT10M50S,2020-03-16T21:00:02Z,False,https://i.ytimg.com/vi/EKC5-9MkM5E/hqdefault.jpg,https://www.youtube.com/watch?v=EKC5-9MkM5E
PCvgYpSx25o,Learn the Alphabet with Ludwig,168957,12933,442,PT4M2S,2020-03-16T06:59:09Z,False,https://i.ytimg.com/vi/PCvgYpSx25o/hqdefault.jpg,https://www.youtube.com/watch?v=PCvgYpSx25o
Rdn_Q42hNwE,IT IS IMPOSSIBLE NOT TO LAUGH,2904506,74998,1746,PT20M38S,2020-03-15T19:00:04Z,False,https://i.ytimg.com/vi/Rdn_Q42hNwE/hqdefault.jpg,https://www.youtube.com/watch?v=Rdn_Q42hNwE
N1xIJoxqJTs,We had THIRTY minutes to catch Pokemon... then we battle,936153,27483,511,PT18M1S,2020-03-14T23:00:12Z,False,https://i.ytimg.com/vi/N1xIJoxqJTs/hqdefault.jpg,https://www.youtube.com/watch?v=N1xIJoxqJTs
EKlYOKQLwGw,I did some spring cleaning...,848981,27118,455,PT18M21S,2020-03-14T02:15:00Z,False,https://i.ytimg.com/vi/EKlYOKQLwGw/hqdefault.jpg,https://www.youtube.com/watch?v=EKlYOKQLwGw
DqxQ-w9j0pM,Stop finding my old posts.,354487,13439,277,PT11M34S,2020-03-13T03:00:05Z,False,https://i.ytimg.com/vi/DqxQ-w9j0pM/hqdefault.jpg,https://www.youtube.com/watch?v=DqxQ-w9j0pM
Y2E9fwLAfzQ,How I accidentally became the next bob ross,234002,9409,507,PT20M41S,2020-03-12T01:00:01Z,False,https://i.ytimg.com/vi/Y2E9fwLAfzQ/hqdefault.jpg,https://www.youtube.com/watch?v=Y2E9fwLAfzQ
rQBIg3mwhlI,BIGGEST FAILS ON TWITCH,305462,12696,405,PT11M3S,2020-03-11T02:30:05Z,False,https://i.ytimg.com/vi/rQBIg3mwhlI/hqdefault.jpg,https://www.youtube.com/watch?v=rQBIg3mwhlI
crDcp0NWJ9Q,THE NEW GETTING OVER IT (Boxman's Struggle),588362,22826,630,PT12M35S,2020-03-10T02:00:03Z,False,https://i.ytimg.com/vi/crDcp0NWJ9Q/hqdefault.jpg,https://www.youtube.com/watch?v=crDcp0NWJ9Q
gvhkjN1G4xM,Who is Ludwig?,527463,22652,776,PT32M40S,2020-03-09T03:32:50Z,False,https://i.ytimg.com/vi/gvhkjN1G4xM/hqdefault.jpg,https://www.youtube.com/watch?v=gvhkjN1G4xM
RsfIkpLeti0,So I Let Twitch Chat Decide the Music...,823436,30590,1483,PT20M50S,2020-03-08T03:00:05Z,False,https://i.ytimg.com/vi/RsfIkpLeti0/hqdefault.jpg,https://www.youtube.com/watch?v=RsfIkpLeti0
XDTXW96Z_xs,TRYING EVERY KIT KAT,827509,31380,932,PT21M20S,2020-03-07T03:00:06Z,False,https://i.ytimg.com/vi/XDTXW96Z_xs/hqdefault.jpg,https://www.youtube.com/watch?v=XDTXW96Z_xs
11Y7aHLMeEE,I had to delete my subreddit...,323695,12647,387,PT15M20S,2020-03-06T01:00:00Z,False,https://i.ytimg.com/vi/11Y7aHLMeEE/hqdefault.jpg,https://www.youtube.com/watch?v=11Y7aHLMeEE
dEzVGyoPohI,I Gave my Stream my Amazon Account,391732,15181,370,PT16M,2020-03-05T01:00:04Z,False,https://i.ytimg.com/vi/dEzVGyoPohI/hqdefault.jpg,https://www.youtube.com/watch?v=dEzVGyoPohI
ITR6SFSGlp0,So I found a Pokemon pack from 1999...,694392,21120,1570,PT18M32S,2020-03-04T04:30:02Z,False,https://i.ytimg.com/vi/ITR6SFSGlp0/hqdefault.jpg,https://www.youtube.com/watch?v=ITR6SFSGlp0
Pto3bRimv5c,How I became the greatest poker player on twitch,243847,8791,339,PT15M49S,2020-03-02T22:00:07Z,False,https://i.ytimg.com/vi/Pto3bRimv5c/hqdefault.jpg,https://www.youtube.com/watch?v=Pto3bRimv5c
OLK4xM0q8M4,I finally admit it...,266740,11832,432,PT10M54S,2020-03-01T01:30:00Z,False,https://i.ytimg.com/vi/OLK4xM0q8M4/hqdefault.jpg,https://www.youtube.com/watch?v=OLK4xM0q8M4
88gIehXla6s,HE GOT CAUGHT CHEATING,1040915,36669,1103,PT16M28S,2020-02-28T22:00:03Z,False,https://i.ytimg.com/vi/88gIehXla6s/hqdefault.jpg,https://www.youtube.com/watch?v=88gIehXla6s
MbQgQJFGvzo,Ludwig Reacts to Tik Toks that are actually unusual memes,993303,34157,512,PT13M4S,2020-02-27T22:00:03Z,False,https://i.ytimg.com/vi/MbQgQJFGvzo/hqdefault.jpg,https://www.youtube.com/watch?v=MbQgQJFGvzo
a_ooz3CeC-0,So I did a photoshop speedrun...,568524,22524,521,PT26M50S,2020-02-26T22:00:01Z,False,https://i.ytimg.com/vi/a_ooz3CeC-0/hqdefault.jpg,https://www.youtube.com/watch?v=a_ooz3CeC-0
vw1O0GrHpXM,Ranking EVERYTHING at McDonalds,1980105,49272,1695,PT21M54S,2020-02-25T22:15:03Z,False,https://i.ytimg.com/vi/vw1O0GrHpXM/hqdefault.jpg,https://www.youtube.com/watch?v=vw1O0GrHpXM
8CAazuf17zE,PROVING HOW TALL I AM WITH MATH,363374,14033,485,PT12M6S,2020-02-24T22:00:00Z,False,https://i.ytimg.com/vi/8CAazuf17zE/hqdefault.jpg,https://www.youtube.com/watch?v=8CAazuf17zE
5-na3nrVOQg,How I Became Top 15 in the World,178897,7615,327,PT13M59S,2020-02-24T04:00:00Z,False,https://i.ytimg.com/vi/5-na3nrVOQg/hqdefault.jpg,https://www.youtube.com/watch?v=5-na3nrVOQg
dwQ3Osp-AdQ,How I accidentally broke my silver play button,312679,15290,563,PT14M34S,2020-02-23T03:30:04Z,False,https://i.ytimg.com/vi/dwQ3Osp-AdQ/hqdefault.jpg,https://www.youtube.com/watch?v=dwQ3Osp-AdQ
fAqAmDcLjb0,So I let my viewers make my merch...,430512,15494,946,PT18M46S,2020-02-22T01:15:01Z,False,https://i.ytimg.com/vi/fAqAmDcLjb0/hqdefault.jpg,https://www.youtube.com/watch?v=fAqAmDcLjb0
0iMsxXOWyXQ,HOW SMART AM I??,167158,7349,480,PT5M17S,2020-02-21T02:00:01Z,False,https://i.ytimg.com/vi/0iMsxXOWyXQ/hqdefault.jpg,https://www.youtube.com/watch?v=0iMsxXOWyXQ
O9i1kiFYhb8,FRIEND DOES MY MAKEUP,376372,13843,1109,PT12M34S,2020-02-20T02:00:04Z,False,https://i.ytimg.com/vi/O9i1kiFYhb8/hqdefault.jpg,https://www.youtube.com/watch?v=O9i1kiFYhb8
vClKwuRrkrM,TRYING JAPANESE CANDY TOGETHER,646521,25615,930,PT16M22S,2020-02-19T03:00:14Z,False,https://i.ytimg.com/vi/vClKwuRrkrM/hqdefault.jpg,https://www.youtube.com/watch?v=vClKwuRrkrM
2y4Zzdlgt3g,So I tried speedrunning...,382166,13539,421,PT19M39S,2020-02-18T02:30:00Z,False,https://i.ytimg.com/vi/2y4Zzdlgt3g/hqdefault.jpg,https://www.youtube.com/watch?v=2y4Zzdlgt3g
xPnQ1culfEo,I rated my viewers dogs and gave the best one $1000,145224,6563,351,PT15M41S,2020-02-16T22:00:12Z,False,https://i.ytimg.com/vi/xPnQ1culfEo/hqdefault.jpg,https://www.youtube.com/watch?v=xPnQ1culfEo
NJevpXNlTu8,Ludwig Reacts to Tik Toks that aren't actually tik toks,1138668,38738,1145,PT13M28S,2020-02-15T23:00:03Z,False,https://i.ytimg.com/vi/NJevpXNlTu8/hqdefault.jpg,https://www.youtube.com/watch?v=NJevpXNlTu8
N3LR5EjDN8Y,Only smart people can see this thumbnail,292046,12451,943,PT12M1S,2020-02-15T01:00:04Z,False,https://i.ytimg.com/vi/N3LR5EjDN8Y/hqdefault.jpg,https://www.youtube.com/watch?v=N3LR5EjDN8Y
5rG_qUF3H0I,How I Got Top 10 in the World,377427,12875,389,PT14M57S,2020-02-14T02:30:02Z,False,https://i.ytimg.com/vi/5rG_qUF3H0I/hqdefault.jpg,https://www.youtube.com/watch?v=5rG_qUF3H0I
lYon4DgHYDQ,Ludwig Takes a Lie Detector Test,3417493,124524,2144,PT12M58S,2020-02-12T21:45:00Z,False,https://i.ytimg.com/vi/lYon4DgHYDQ/hqdefault.jpg,https://www.youtube.com/watch?v=lYon4DgHYDQ
bg1t3Hawf8I,Idiots in Cars Getting Coffee,260028,11148,302,PT10M29S,2020-02-12T01:00:23Z,False,https://i.ytimg.com/vi/bg1t3Hawf8I/hqdefault.jpg,https://www.youtube.com/watch?v=bg1t3Hawf8I
azQvB7kI5fs,How streaming ruined my life,135112,8208,315,PT13M51S,2020-02-11T05:30:02Z,False,https://i.ytimg.com/vi/azQvB7kI5fs/hqdefault.jpg,https://www.youtube.com/watch?v=azQvB7kI5fs
3qY5t81VhpQ,If you want to make it big DON'T DO THIS,246083,13152,443,PT13M8S,2020-02-10T01:03:10Z,False,https://i.ytimg.com/vi/3qY5t81VhpQ/hqdefault.jpg,https://www.youtube.com/watch?v=3qY5t81VhpQ
YuaazmfiOoI,somebody hacked my stream...,202548,8239,301,PT11M53S,2020-02-09T07:48:17Z,False,https://i.ytimg.com/vi/YuaazmfiOoI/hqdefault.jpg,https://www.youtube.com/watch?v=YuaazmfiOoI
Ql9Kn9eY0mo,this is why we don't talk anymore.,492625,14604,354,PT20M37S,2020-02-08T00:30:00Z,False,https://i.ytimg.com/vi/Ql9Kn9eY0mo/hqdefault.jpg,https://www.youtube.com/watch?v=Ql9Kn9eY0mo
UAq05sN91Y4,"I challenged 1,000 people to photoshop this image",533209,17823,566,PT16M13S,2020-02-07T02:15:00Z,False,https://i.ytimg.com/vi/UAq05sN91Y4/hqdefault.jpg,https://www.youtube.com/watch?v=UAq05sN91Y4
ys_EBIDzRfE,WHICH ONE IS MORE EXPENSIVE,193407,9332,390,PT15M20S,2020-02-05T23:30:02Z,False,https://i.ytimg.com/vi/ys_EBIDzRfE/hqdefault.jpg,https://www.youtube.com/watch?v=ys_EBIDzRfE
6NrE4IjppTs,don't make fun of me for this.,269536,11478,395,PT11M16S,2020-02-05T01:00:00Z,False,https://i.ytimg.com/vi/6NrE4IjppTs/hqdefault.jpg,https://www.youtube.com/watch?v=6NrE4IjppTs
sFHMA2FeOKs,Ludwig Reacts to Tik Toks that are FUNNY and IRONIC,1360664,38281,471,PT9M55S,2020-02-03T23:00:09Z,False,https://i.ytimg.com/vi/sFHMA2FeOKs/hqdefault.jpg,https://www.youtube.com/watch?v=sFHMA2FeOKs
uj12iQfyi6k,Someone stream sniped my Wikipedia speedrun...,788004,26749,496,PT14M41S,2020-02-02T21:00:13Z,False,https://i.ytimg.com/vi/uj12iQfyi6k/hqdefault.jpg,https://www.youtube.com/watch?v=uj12iQfyi6k
wHglBM8qPd0,"I asked 6,000 people the HARDEST Would You Rather questions",608888,24407,874,PT15M29S,2020-02-02T02:00:06Z,False,https://i.ytimg.com/vi/wHglBM8qPd0/hqdefault.jpg,https://www.youtube.com/watch?v=wHglBM8qPd0
CfVYyEpzRB8,Are old YouTube videos still funny...?,865958,25942,879,PT23M22S,2020-02-01T00:00:04Z,False,https://i.ytimg.com/vi/CfVYyEpzRB8/hqdefault.jpg,https://www.youtube.com/watch?v=CfVYyEpzRB8
BDFakbE1Nvw,How I accidentally sponsored the best smash player in the world,564361,22569,692,PT15M57S,2020-01-31T02:15:00Z,False,https://i.ytimg.com/vi/BDFakbE1Nvw/hqdefault.jpg,https://www.youtube.com/watch?v=BDFakbE1Nvw
EpP2c47ahDQ,this question has finally been answered.,299660,12581,379,PT13M38S,2020-01-30T02:00:00Z,False,https://i.ytimg.com/vi/EpP2c47ahDQ/hqdefault.jpg,https://www.youtube.com/watch?v=EpP2c47ahDQ
2rRxaYhV9mE,saying YES to everything chat asks me to do,1266927,43737,765,PT15M3S,2020-01-29T03:00:02Z,False,https://i.ytimg.com/vi/2rRxaYhV9mE/hqdefault.jpg,https://www.youtube.com/watch?v=2rRxaYhV9mE
Gq8K-a3oyAY,Betting BIG on Blackjack,503165,12198,613,PT17M16S,2020-01-28T02:00:01Z,False,https://i.ytimg.com/vi/Gq8K-a3oyAY/hqdefault.jpg,https://www.youtube.com/watch?v=Gq8K-a3oyAY
EEje1UsVYw4,How I accidentally won a poker tournament,783010,24369,881,PT17M30S,2020-01-27T00:00:01Z,False,https://i.ytimg.com/vi/EEje1UsVYw4/hqdefault.jpg,https://www.youtube.com/watch?v=EEje1UsVYw4
7QT8qHNgJEw,I did not expect my viewers to look like this...,599651,21342,566,PT11M59S,2020-01-25T23:15:00Z,False,https://i.ytimg.com/vi/7QT8qHNgJEw/hqdefault.jpg,https://www.youtube.com/watch?v=7QT8qHNgJEw
U1GR1qc3_SI,Ludwig Ranks Every Item at Taco Bell,2016372,48477,1746,PT25M41S,2020-01-24T23:00:05Z,False,https://i.ytimg.com/vi/U1GR1qc3_SI/hqdefault.jpg,https://www.youtube.com/watch?v=U1GR1qc3_SI
D6fMyyFIKd4,Giving $2000 to a random streamer if they can answer THIS question,604937,23199,489,PT13M19S,2020-01-23T22:00:00Z,False,https://i.ytimg.com/vi/D6fMyyFIKd4/hqdefault.jpg,https://www.youtube.com/watch?v=D6fMyyFIKd4
wlMJy9bPDgE,This is getting too easy...,224223,8786,345,PT13M4S,2020-01-23T07:59:19Z,False,https://i.ytimg.com/vi/wlMJy9bPDgE/hqdefault.jpg,https://www.youtube.com/watch?v=wlMJy9bPDgE
ryXK5UFz70o,WHY DO I SHOW UP WHEN YOU GOOGLE THIS,366975,14668,589,PT10M43S,2020-01-22T05:14:55Z,False,https://i.ytimg.com/vi/ryXK5UFz70o/hqdefault.jpg,https://www.youtube.com/watch?v=ryXK5UFz70o
pRHk7rv8IIY,How I Became Top 25 in the World,451434,17393,372,PT15M24S,2020-01-21T03:30:00Z,False,https://i.ytimg.com/vi/pRHk7rv8IIY/hqdefault.jpg,https://www.youtube.com/watch?v=pRHk7rv8IIY
Qk1u0fwhZ3g,The most EXPENSIVE mistake I've ever made,1096111,43944,1224,PT18M54S,2020-01-20T00:30:01Z,False,https://i.ytimg.com/vi/Qk1u0fwhZ3g/hqdefault.jpg,https://www.youtube.com/watch?v=Qk1u0fwhZ3g
gkGXAu3KOBs,How I accidentally won a pokemon tournament,3918416,94417,2244,PT45M32S,2020-01-19T03:15:00Z,False,https://i.ytimg.com/vi/gkGXAu3KOBs/hqdefault.jpg,https://www.youtube.com/watch?v=gkGXAu3KOBs
0PqLeG7sfSs,Ludwig Reacts to Tik Toks that made me fall out of my chair,582727,20298,433,PT11M3S,2020-01-18T01:00:00Z,False,https://i.ytimg.com/vi/0PqLeG7sfSs/hqdefault.jpg,https://www.youtube.com/watch?v=0PqLeG7sfSs
iLnhwLd6ghs,WHO IS MORE FAMOUS,859130,26419,797,PT17M58S,2020-01-17T01:00:02Z,False,https://i.ytimg.com/vi/iLnhwLd6ghs/hqdefault.jpg,https://www.youtube.com/watch?v=iLnhwLd6ghs
RJ1orhTvBTM,watch people ███ inside,1326116,42487,920,PT13M58S,2020-01-16T00:00:02Z,False,https://i.ytimg.com/vi/RJ1orhTvBTM/hqdefault.jpg,https://www.youtube.com/watch?v=RJ1orhTvBTM
spQT8AHexWw,I challenged 600 people to photoshop this image,1156898,38620,871,PT18M53S,2020-01-14T23:00:12Z,False,https://i.ytimg.com/vi/spQT8AHexWw/hqdefault.jpg,https://www.youtube.com/watch?v=spQT8AHexWw
oxY0YmWy6n8,press 1 if this is a dumb plan,514151,15513,1291,PT15M43S,2020-01-14T01:00:03Z,False,https://i.ytimg.com/vi/oxY0YmWy6n8/hqdefault.jpg,https://www.youtube.com/watch?v=oxY0YmWy6n8
tw5RGXGkMfU,"I asked 6,000 people the internets HARDEST questions",1166873,43964,3747,PT15M9S,2020-01-12T22:00:05Z,False,https://i.ytimg.com/vi/tw5RGXGkMfU/hqdefault.jpg,https://www.youtube.com/watch?v=tw5RGXGkMfU
bjG9-We9GJk,So my family found my youtube channel...,730273,25749,535,PT14M58S,2020-01-12T01:00:02Z,False,https://i.ytimg.com/vi/bjG9-We9GJk/hqdefault.jpg,https://www.youtube.com/watch?v=bjG9-We9GJk
D9-HNT-CkZk,The Scam is Simple,396916,18596,635,PT10M55S,2020-01-10T23:00:00Z,False,https://i.ytimg.com/vi/D9-HNT-CkZk/hqdefault.jpg,https://www.youtube.com/watch?v=D9-HNT-CkZk
LC1GD2OYx-c,THE ULTIMATE TEST OF BRAINS,215828,10286,417,PT10M18S,2020-01-10T02:30:00Z,False,https://i.ytimg.com/vi/LC1GD2OYx-c/hqdefault.jpg,https://www.youtube.com/watch?v=LC1GD2OYx-c
cL6yZKhBUMI,If I lose this battle I permanently ban 100 people...,663186,10495,355,PT43M2S,2020-01-08T23:00:06Z,False,https://i.ytimg.com/vi/cL6yZKhBUMI/hqdefault.jpg,https://www.youtube.com/watch?v=cL6yZKhBUMI
eRcKejT-FZE,YOU LAUGH YOU LOSE,2013744,51688,1194,PT19M13S,2020-01-08T01:00:04Z,False,https://i.ytimg.com/vi/eRcKejT-FZE/hqdefault.jpg,https://www.youtube.com/watch?v=eRcKejT-FZE
RYjGHIM3LiI,I will do anything to avoid hydraulics.,338986,11860,456,PT12M20S,2020-01-07T01:00:02Z,False,https://i.ytimg.com/vi/RYjGHIM3LiI/hqdefault.jpg,https://www.youtube.com/watch?v=RYjGHIM3LiI
hObxE4nVtlU,So I let stream make my emotes...,279573,11912,498,PT11M40S,2020-01-06T01:30:00Z,False,https://i.ytimg.com/vi/hObxE4nVtlU/hqdefault.jpg,https://www.youtube.com/watch?v=hObxE4nVtlU
DwBzSy0RhEE,So I let chat take control of the stream...,453776,15485,390,PT12M36S,2020-01-04T22:00:00Z,False,https://i.ytimg.com/vi/DwBzSy0RhEE/hqdefault.jpg,https://www.youtube.com/watch?v=DwBzSy0RhEE
YKBqsirCTEA,"Ludwig Reacts to Tik Toks that make you haha, LOL, and even lmao",887685,28013,639,PT11M29S,2020-01-04T02:45:02Z,False,https://i.ytimg.com/vi/YKBqsirCTEA/hqdefault.jpg,https://www.youtube.com/watch?v=YKBqsirCTEA
GXNLOqj5YSE,I cannot believe that worked...,513295,16455,808,PT21M4S,2020-01-02T23:30:01Z,False,https://i.ytimg.com/vi/GXNLOqj5YSE/hqdefault.jpg,https://www.youtube.com/watch?v=GXNLOqj5YSE
YPJzjG-EjuE,this is why I was on the news...,788423,28108,592,PT11M16S,2020-01-01T22:00:05Z,False,https://i.ytimg.com/vi/YPJzjG-EjuE/hqdefault.jpg,https://www.youtube.com/watch?v=YPJzjG-EjuE
dR36HyqEnS8,Best of Ludwig 2019,1219891,26815,818,PT56M28S,2020-01-01T00:00:03Z,False,https://i.ytimg.com/vi/dR36HyqEnS8/hqdefault.jpg,https://www.youtube.com/watch?v=dR36HyqEnS8
pj-WBziBrr0,How I finally beat the hardest mario game,246210,10449,379,PT11M2S,2019-12-30T23:00:16Z,False,https://i.ytimg.com/vi/pj-WBziBrr0/hqdefault.jpg,https://www.youtube.com/watch?v=pj-WBziBrr0
rk5HqxLlWOw,Chat asks me anything but I actually tell the truth,543238,24627,821,PT17M11S,2019-12-30T00:00:09Z,False,https://i.ytimg.com/vi/rk5HqxLlWOw/hqdefault.jpg,https://www.youtube.com/watch?v=rk5HqxLlWOw
MAqYLu3PG8o,my sister streams for the first time,1035343,26806,936,PT10M34S,2019-12-29T01:00:00Z,False,https://i.ytimg.com/vi/MAqYLu3PG8o/hqdefault.jpg,https://www.youtube.com/watch?v=MAqYLu3PG8o
cDIQhJH2ahY,How I became the world's best wikipedia speedrunner,1874646,62156,1129,PT19M1S,2019-12-27T20:00:04Z,False,https://i.ytimg.com/vi/cDIQhJH2ahY/hqdefault.jpg,https://www.youtube.com/watch?v=cDIQhJH2ahY
SmJcaLTWjK4,ULTIMATE TRY NOT TO LAUGH CHALLENGE,785595,27337,448,PT9M46S,2019-12-26T23:00:04Z,False,https://i.ytimg.com/vi/SmJcaLTWjK4/hqdefault.jpg,https://www.youtube.com/watch?v=SmJcaLTWjK4
HgQvYorTnQg,How I beat the hardest DLC ever made (Jump King),1360863,37583,1376,PT35M49S,2019-12-25T18:00:02Z,False,https://i.ytimg.com/vi/HgQvYorTnQg/hqdefault.jpg,https://www.youtube.com/watch?v=HgQvYorTnQg
18HV8yoTMNQ,so my viewers sent me some christmas gifts...,214352,10034,211,PT10M7S,2019-12-24T20:00:00Z,False,https://i.ytimg.com/vi/18HV8yoTMNQ/hqdefault.jpg,https://www.youtube.com/watch?v=18HV8yoTMNQ
DrxWP0mFHpc,"“I’m playing this game until I get gold.""",225303,6645,296,PT19M51S,2019-12-23T23:00:03Z,False,https://i.ytimg.com/vi/DrxWP0mFHpc/hqdefault.jpg,https://www.youtube.com/watch?v=DrxWP0mFHpc
_Vud7qf0n3I,giving my friends tax advice.,385540,14636,357,PT14M19S,2019-12-22T23:00:05Z,False,https://i.ytimg.com/vi/_Vud7qf0n3I/hqdefault.jpg,https://www.youtube.com/watch?v=_Vud7qf0n3I
YXe9jiBJVZo,Ludwig Reacts to Tik Toks that actually make you laugh,1797426,48878,622,PT11M27S,2019-12-22T02:09:55Z,False,https://i.ytimg.com/vi/YXe9jiBJVZo/hqdefault.jpg,https://www.youtube.com/watch?v=YXe9jiBJVZo
6KiRvecMpJw,STREAM GOES SHOPPING FOR $2300,239885,10055,426,PT10M6S,2019-12-21T02:00:00Z,False,https://i.ytimg.com/vi/6KiRvecMpJw/hqdefault.jpg,https://www.youtube.com/watch?v=6KiRvecMpJw
6ZbUb-u7MmE,So I made my friends play a rigged game show...,274357,9319,261,PT10M23S,2019-12-20T02:30:00Z,False,https://i.ytimg.com/vi/6ZbUb-u7MmE/hqdefault.jpg,https://www.youtube.com/watch?v=6ZbUb-u7MmE
-Y38d-jjZ4A,stop doing this.,206603,6808,320,PT16M50S,2019-12-19T03:15:02Z,False,https://i.ytimg.com/vi/-Y38d-jjZ4A/hqdefault.jpg,https://www.youtube.com/watch?v=-Y38d-jjZ4A
DdQWBDFDiMU,I paid my roommate to talk instead of me for an entire stream.,577373,20013,437,PT14M40S,2019-12-18T00:00:03Z,False,https://i.ytimg.com/vi/DdQWBDFDiMU/hqdefault.jpg,https://www.youtube.com/watch?v=DdQWBDFDiMU
OK7VlqIYDxw,If I talk the video ends.,706635,29243,570,PT12M19S,2019-12-17T00:00:02Z,False,https://i.ytimg.com/vi/OK7VlqIYDxw/hqdefault.jpg,https://www.youtube.com/watch?v=OK7VlqIYDxw
hATRE5WhWRw,IF I LAUGH THE VIDEO ENDS (MEDIASHARE EDITION),583344,23862,645,PT10M2S,2019-12-16T00:00:10Z,False,https://i.ytimg.com/vi/hATRE5WhWRw/hqdefault.jpg,https://www.youtube.com/watch?v=hATRE5WhWRw
CfhKMNpGdiQ,I think I have a problem...,163866,4837,286,PT16M18S,2019-12-15T00:00:01Z,False,https://i.ytimg.com/vi/CfhKMNpGdiQ/hqdefault.jpg,https://www.youtube.com/watch?v=CfhKMNpGdiQ
ZzHAGD2raio,someone stop this man.,592140,18198,481,PT15M12S,2019-12-14T02:00:02Z,False,https://i.ytimg.com/vi/ZzHAGD2raio/hqdefault.jpg,https://www.youtube.com/watch?v=ZzHAGD2raio
IEc5tp_O4bo,YOU ARE NOT ALLOWED TO LAUGH,3591346,83893,1074,PT19M59S,2019-12-12T22:00:02Z,False,https://i.ytimg.com/vi/IEc5tp_O4bo/hqdefault.jpg,https://www.youtube.com/watch?v=IEc5tp_O4bo
BuzqWpeOXgQ,Ludwig Reacts to Tik Toks that make you belly laugh,827675,24288,300,PT10M5S,2019-12-12T02:00:00Z,False,https://i.ytimg.com/vi/BuzqWpeOXgQ/hqdefault.jpg,https://www.youtube.com/watch?v=BuzqWpeOXgQ
3GeLkMbLVXU,If you play pokemon don't do this.,138603,4336,184,PT13M5S,2019-12-11T03:00:00Z,False,https://i.ytimg.com/vi/3GeLkMbLVXU/hqdefault.jpg,https://www.youtube.com/watch?v=3GeLkMbLVXU
IhqqqP60zCg,OPENING WHAT STREAM BOUGHT FOR CHRISTMAS,481305,14781,366,PT16M33S,2019-12-10T02:00:02Z,False,https://i.ytimg.com/vi/IhqqqP60zCg/hqdefault.jpg,https://www.youtube.com/watch?v=IhqqqP60zCg
oFnC6DMqmkc,TWITCH CHAT PICKS THE MUSIC,444566,14817,614,PT17M49S,2019-12-08T22:00:04Z,False,https://i.ytimg.com/vi/oFnC6DMqmkc/hqdefault.jpg,https://www.youtube.com/watch?v=oFnC6DMqmkc
ExKS9IGzOrw,Wait. That's illegal.,217305,5661,240,PT15M37S,2019-12-08T01:00:01Z,False,https://i.ytimg.com/vi/ExKS9IGzOrw/hqdefault.jpg,https://www.youtube.com/watch?v=ExKS9IGzOrw
P7v6r6hpDvY,If you say this word the video ends,181794,7836,255,PT6M41S,2019-12-07T03:00:03Z,False,https://i.ytimg.com/vi/P7v6r6hpDvY/hqdefault.jpg,https://www.youtube.com/watch?v=P7v6r6hpDvY
DEcg7MKnuuo,So I hosted my own Jeopardy show...,1264608,43952,1018,PT30M9S,2019-12-06T02:30:00Z,False,https://i.ytimg.com/vi/DEcg7MKnuuo/hqdefault.jpg,https://www.youtube.com/watch?v=DEcg7MKnuuo
l7FDGe1ITM8,So I made my own talent show...,454883,14867,636,PT30M12S,2019-12-05T03:45:00Z,False,https://i.ytimg.com/vi/l7FDGe1ITM8/hqdefault.jpg,https://www.youtube.com/watch?v=l7FDGe1ITM8
qhPdvVafA80,My secret to catching Pokémon,158115,4413,227,PT15M40S,2019-12-04T03:26:21Z,False,https://i.ytimg.com/vi/qhPdvVafA80/hqdefault.jpg,https://www.youtube.com/watch?v=qhPdvVafA80
H6p9lISE-Wc,STREAM DOES MY CHRISTMAS SHOPPING ($1500),266878,9961,320,PT16M31S,2019-12-03T19:00:02Z,False,https://i.ytimg.com/vi/H6p9lISE-Wc/hqdefault.jpg,https://www.youtube.com/watch?v=H6p9lISE-Wc
c1_VnulbMhc,So I had to ban a few people...,858618,12595,428,PT59M15S,2019-12-02T04:07:35Z,False,https://i.ytimg.com/vi/c1_VnulbMhc/hqdefault.jpg,https://www.youtube.com/watch?v=c1_VnulbMhc
uKkwxZm9ALM,"$1000 PVP, but we only have 90 minutes to level up",284604,7674,209,PT17M10S,2019-12-01T01:30:05Z,False,https://i.ytimg.com/vi/uKkwxZm9ALM/hqdefault.jpg,https://www.youtube.com/watch?v=uKkwxZm9ALM
al3RFF0A1hw,"""this game is too easy""",238930,6253,264,PT17M8S,2019-11-30T02:00:01Z,False,https://i.ytimg.com/vi/al3RFF0A1hw/hqdefault.jpg,https://www.youtube.com/watch?v=al3RFF0A1hw
mJpNsecITrY,Ludwig Reacts to Tik Toks that make you chortle,667758,20781,344,PT10M7S,2019-11-28T23:00:09Z,False,https://i.ytimg.com/vi/mJpNsecITrY/hqdefault.jpg,https://www.youtube.com/watch?v=mJpNsecITrY
_vh7PvzG2fE,Ludwig Reacts to old ludwig videos,100140,4989,281,PT13M11S,2019-11-28T02:00:02Z,False,https://i.ytimg.com/vi/_vh7PvzG2fE/hqdefault.jpg,https://www.youtube.com/watch?v=_vh7PvzG2fE
3tfm07wxwb4,I discovered the opposite of dynamaxing,217276,6753,377,PT26M36S,2019-11-27T03:29:39Z,False,https://i.ytimg.com/vi/3tfm07wxwb4/hqdefault.jpg,https://www.youtube.com/watch?v=3tfm07wxwb4
6Elgcv1rX_s,i sent you my video please click.,417038,14069,423,PT15M5S,2019-11-26T01:00:00Z,False,https://i.ytimg.com/vi/6Elgcv1rX_s/hqdefault.jpg,https://www.youtube.com/watch?v=6Elgcv1rX_s
nG7-evp4s6Q,Ludwig Reacts to his biggest blackjack win ever,463436,11210,398,PT16M18S,2019-11-25T01:00:08Z,False,https://i.ytimg.com/vi/nG7-evp4s6Q/hqdefault.jpg,https://www.youtube.com/watch?v=nG7-evp4s6Q
lm4RBi2E7Jc,How I became the best poker player on twitch,255324,9538,307,PT19M20S,2019-11-24T01:01:14Z,False,https://i.ytimg.com/vi/lm4RBi2E7Jc/hqdefault.jpg,https://www.youtube.com/watch?v=lm4RBi2E7Jc
Jrx9FnNCyIY,Ludwig Reacts to Tik Toks funnier than vines,697503,20329,371,PT10M5S,2019-11-23T03:00:00Z,False,https://i.ytimg.com/vi/Jrx9FnNCyIY/hqdefault.jpg,https://www.youtube.com/watch?v=Jrx9FnNCyIY
kz6SOZEB-UA,"THIS HAS NEVER BEEN DONE BEFORE (Getting Over It, Pogostuck, Jump King)",743328,20770,494,PT19M42S,2019-11-22T02:30:02Z,False,https://i.ytimg.com/vi/kz6SOZEB-UA/hqdefault.jpg,https://www.youtube.com/watch?v=kz6SOZEB-UA
aFDkrbw4sRo,The End.,518364,19510,847,PT23M44S,2019-11-21T01:00:00Z,False,https://i.ytimg.com/vi/aFDkrbw4sRo/hqdefault.jpg,https://www.youtube.com/watch?v=aFDkrbw4sRo
-a_lE-Xtct4,this is fine.,263252,7035,329,PT11M47S,2019-11-20T01:00:01Z,False,https://i.ytimg.com/vi/-a_lE-Xtct4/hqdefault.jpg,https://www.youtube.com/watch?v=-a_lE-Xtct4
7Oyi_JPv6To,So I let chat make my merch...,331579,13573,411,PT12M21S,2019-11-19T00:00:01Z,False,https://i.ytimg.com/vi/7Oyi_JPv6To/hqdefault.jpg,https://www.youtube.com/watch?v=7Oyi_JPv6To
l4Ke34z88Ok,THIS STREAMER IS FUNNIER THAN ME,250022,6160,208,PT10M21S,2019-11-18T03:00:10Z,False,https://i.ytimg.com/vi/l4Ke34z88Ok/hqdefault.jpg,https://www.youtube.com/watch?v=l4Ke34z88Ok
wZffNI9gK8w,How I banned 200 people in my stream,186963,6619,355,PT15M39S,2019-11-17T00:00:09Z,False,https://i.ytimg.com/vi/wZffNI9gK8w/hqdefault.jpg,https://www.youtube.com/watch?v=wZffNI9gK8w
MzNGdYrueZw,I lost my run to a balloon.,347869,7626,277,PT19M5S,2019-11-16T02:15:00Z,False,https://i.ytimg.com/vi/MzNGdYrueZw/hqdefault.jpg,https://www.youtube.com/watch?v=MzNGdYrueZw
22T9hnkM7_c,I’m not proud of this.,216824,5132,151,PT15M48S,2019-11-15T01:00:01Z,False,https://i.ytimg.com/vi/22T9hnkM7_c/hqdefault.jpg,https://www.youtube.com/watch?v=22T9hnkM7_c
rjA33MScHkQ,Ludwig Reacts to Tik Toks that are actually funny,1228944,32163,492,PT11M5S,2019-11-14T01:00:04Z,False,https://i.ytimg.com/vi/rjA33MScHkQ/hqdefault.jpg,https://www.youtube.com/watch?v=rjA33MScHkQ
xKTJxzgdi2w,LAST TO LAUGH WINS $2000,1678759,42920,553,PT11M28S,2019-11-13T01:00:05Z,False,https://i.ytimg.com/vi/xKTJxzgdi2w/hqdefault.jpg,https://www.youtube.com/watch?v=xKTJxzgdi2w
YqoXUDShtSI,I am not a boomer.,303575,6754,458,PT18M33S,2019-11-12T02:15:00Z,False,https://i.ytimg.com/vi/YqoXUDShtSI/hqdefault.jpg,https://www.youtube.com/watch?v=YqoXUDShtSI
1zMsWgiSW3I,stop saying my name wrong.,846185,24294,618,PT14M55S,2019-11-11T00:00:00Z,False,https://i.ytimg.com/vi/1zMsWgiSW3I/hqdefault.jpg,https://www.youtube.com/watch?v=1zMsWgiSW3I
YObMPFwhEPg,MY SECRET BEST FRIEND,141642,3385,114,PT19M25S,2019-11-10T00:00:02Z,False,https://i.ytimg.com/vi/YObMPFwhEPg/hqdefault.jpg,https://www.youtube.com/watch?v=YObMPFwhEPg
w_IMEBFNYF0,Ludwig Reacts to Videos from Chat,339222,8266,322,PT17M49S,2019-11-09T00:00:15Z,False,https://i.ytimg.com/vi/w_IMEBFNYF0/hqdefault.jpg,https://www.youtube.com/watch?v=w_IMEBFNYF0
riGjrYWCvZ4,How I became the fastest masher in the world,1977056,57464,1445,PT10M1S,2019-11-08T01:00:05Z,False,https://i.ytimg.com/vi/riGjrYWCvZ4/hqdefault.jpg,https://www.youtube.com/watch?v=riGjrYWCvZ4
gJFHgFUKcbM,Why I Quit the Ludlocke,331157,7402,308,PT18M59S,2019-11-07T01:00:03Z,False,https://i.ytimg.com/vi/gJFHgFUKcbM/hqdefault.jpg,https://www.youtube.com/watch?v=gJFHgFUKcbM
uPdNeu-EJCQ,this was a mistake.,237261,8816,325,PT11M8S,2019-11-06T01:00:08Z,False,https://i.ytimg.com/vi/uPdNeu-EJCQ/hqdefault.jpg,https://www.youtube.com/watch?v=uPdNeu-EJCQ
-4gTqV_cp2c,IF I DONT BEAT POKEMON I DYE MY HAIR,260969,5874,212,PT16M15S,2019-11-05T02:36:52Z,False,https://i.ytimg.com/vi/-4gTqV_cp2c/hqdefault.jpg,https://www.youtube.com/watch?v=-4gTqV_cp2c
_9Noiuz_6os,STREAM TRIES TO SCARE ME,152440,5440,203,PT10M20S,2019-11-04T02:00:04Z,False,https://i.ytimg.com/vi/_9Noiuz_6os/hqdefault.jpg,https://www.youtube.com/watch?v=_9Noiuz_6os
ZpeGACyyPpA,torturing my stream for 5 hours,283831,6795,247,PT14M43S,2019-11-02T23:00:06Z,False,https://i.ytimg.com/vi/ZpeGACyyPpA/hqdefault.jpg,https://www.youtube.com/watch?v=ZpeGACyyPpA
rDnELISo9_8,I found out how old my viewers are,263240,8212,201,PT11M38S,2019-11-02T00:00:05Z,False,https://i.ytimg.com/vi/rDnELISo9_8/hqdefault.jpg,https://www.youtube.com/watch?v=rDnELISo9_8
zMRB1RyS6PA,If I were a Pokémon I would be...,282204,5724,222,PT20M18S,2019-11-01T01:00:04Z,False,https://i.ytimg.com/vi/zMRB1RyS6PA/hqdefault.jpg,https://www.youtube.com/watch?v=zMRB1RyS6PA
Aplbiam2p-k,Ludwig Reacts to Tik Toks that are basically vines,710935,15560,305,PT10M48S,2019-10-31T01:24:16Z,False,https://i.ytimg.com/vi/Aplbiam2p-k/hqdefault.jpg,https://www.youtube.com/watch?v=Aplbiam2p-k
0oVaKEadKfA,TWITCH CHAT DECIDES WHAT I WATCH,452712,10635,314,PT15M8S,2019-10-30T01:00:00Z,False,https://i.ytimg.com/vi/0oVaKEadKfA/hqdefault.jpg,https://www.youtube.com/watch?v=0oVaKEadKfA
cI3r4aotGYs,If I laugh the video ends,1827469,70487,1230,PT7M47S,2019-10-29T01:00:02Z,False,https://i.ytimg.com/vi/cI3r4aotGYs/hqdefault.jpg,https://www.youtube.com/watch?v=cI3r4aotGYs
c0YuNHPRjko,The Legend of Chokewig,294882,5832,165,PT16M6S,2019-10-28T00:00:03Z,False,https://i.ytimg.com/vi/c0YuNHPRjko/hqdefault.jpg,https://www.youtube.com/watch?v=c0YuNHPRjko
gb-KCuffvXw,"If you beat me in Pokémon, you win $100",299797,5919,189,PT18M7S,2019-10-27T00:00:02Z,False,https://i.ytimg.com/vi/gb-KCuffvXw/hqdefault.jpg,https://www.youtube.com/watch?v=gb-KCuffvXw
KMqufeF6saA,I am not a furry.,312674,6241,229,PT21M23S,2019-10-26T01:00:00Z,False,https://i.ytimg.com/vi/KMqufeF6saA/hqdefault.jpg,https://www.youtube.com/watch?v=KMqufeF6saA
CYxYkiBr0aI,LUDWIG VS QTCINDERELLA,1156296,34972,483,PT15M59S,2019-10-25T00:00:00Z,False,https://i.ytimg.com/vi/CYxYkiBr0aI/hqdefault.jpg,https://www.youtube.com/watch?v=CYxYkiBr0aI
du70TojOi_A,YOU CANNOT LAUGH,3379127,72854,1045,PT18M36S,2019-10-24T00:30:00Z,False,https://i.ytimg.com/vi/du70TojOi_A/hqdefault.jpg,https://www.youtube.com/watch?v=du70TojOi_A
ANbaa33GLmQ,LUDWIG VS GHETSIS,471724,8305,337,PT33M16S,2019-10-23T01:00:00Z,False,https://i.ytimg.com/vi/ANbaa33GLmQ/hqdefault.jpg,https://www.youtube.com/watch?v=ANbaa33GLmQ
JdELvuuCqOI,Why I will never wear a tanktop again,342670,6551,200,PT25M40S,2019-10-22T00:00:02Z,False,https://i.ytimg.com/vi/JdELvuuCqOI/hqdefault.jpg,https://www.youtube.com/watch?v=JdELvuuCqOI
O9iPF9TBh9M,Ludwig Reacts to Tinder Accounts,547093,12860,284,PT21M2S,2019-10-20T23:00:01Z,False,https://i.ytimg.com/vi/O9iPF9TBh9M/hqdefault.jpg,https://www.youtube.com/watch?v=O9iPF9TBh9M
0U02sBYXS_g,"saving the run, but at what cost",330175,6068,214,PT24M18S,2019-10-20T00:00:01Z,False,https://i.ytimg.com/vi/0U02sBYXS_g/hqdefault.jpg,https://www.youtube.com/watch?v=0U02sBYXS_g
_3Llm5yU6js,Is it Possible to Beat Pokemon Black and White 2 with Just Splash?,255672,5712,189,PT24M38S,2019-10-19T02:00:05Z,False,https://i.ytimg.com/vi/_3Llm5yU6js/hqdefault.jpg,https://www.youtube.com/watch?v=_3Llm5yU6js
BQA9kWmNvk4,LOSING MY BEST FRIEND OVER THE SIMS,54904,2442,110,PT22M26S,2019-10-18T22:00:02Z,False,https://i.ytimg.com/vi/BQA9kWmNvk4/hqdefault.jpg,https://www.youtube.com/watch?v=BQA9kWmNvk4
xlBe7qFsfs8,LUDWIG REVEALS HEIGHT,351681,8483,224,PT13M50S,2019-10-18T00:00:07Z,False,https://i.ytimg.com/vi/xlBe7qFsfs8/hqdefault.jpg,https://www.youtube.com/watch?v=xlBe7qFsfs8
E-JWyxSvl40,LUDWIG VS MANG0,296252,5636,102,PT15M34S,2019-10-17T01:00:02Z,False,https://i.ytimg.com/vi/E-JWyxSvl40/hqdefault.jpg,https://www.youtube.com/watch?v=E-JWyxSvl40
94jAi5GFtlk,"If his pokemon dies, he deletes his account",277460,5601,287,PT28M11S,2019-10-16T01:12:16Z,False,https://i.ytimg.com/vi/94jAi5GFtlk/hqdefault.jpg,https://www.youtube.com/watch?v=94jAi5GFtlk
6VOyWGdZqwM,Unboxing What Stream Bought,759144,22411,532,PT14M48S,2019-10-15T00:00:00Z,False,https://i.ytimg.com/vi/6VOyWGdZqwM/hqdefault.jpg,https://www.youtube.com/watch?v=6VOyWGdZqwM
8Qok4HZM3WY,"Black and White 2, but all the Pokémon are from Gen 1",299324,5471,157,PT17M54S,2019-10-14T00:00:00Z,False,https://i.ytimg.com/vi/8Qok4HZM3WY/hqdefault.jpg,https://www.youtube.com/watch?v=8Qok4HZM3WY
q-EQwdF8B38,Ludwig Reacts to Tik Tok,886982,20733,607,PT11M45S,2019-10-13T00:00:07Z,False,https://i.ytimg.com/vi/q-EQwdF8B38/hqdefault.jpg,https://www.youtube.com/watch?v=q-EQwdF8B38
hlGid_tskJk,he has to be pretending,291863,5305,141,PT13M39S,2019-10-12T00:00:05Z,False,https://i.ytimg.com/vi/hlGid_tskJk/hqdefault.jpg,https://www.youtube.com/watch?v=hlGid_tskJk
6C9dvfUrtUI,no context ludwig,130164,5780,162,PT3M56S,2019-10-11T00:00:00Z,False,https://i.ytimg.com/vi/6C9dvfUrtUI/hqdefault.jpg,https://www.youtube.com/watch?v=6C9dvfUrtUI
Gmjs1riGl4o,Ludwig Gets Bullied By His Reddit,356451,8478,158,PT14M35S,2019-10-10T00:00:00Z,False,https://i.ytimg.com/vi/Gmjs1riGl4o/hqdefault.jpg,https://www.youtube.com/watch?v=Gmjs1riGl4o
1RE9uw5KMYU,STREAM GOES SHOPPING FOR $1000,820619,19282,406,PT24M,2019-10-09T00:00:00Z,False,https://i.ytimg.com/vi/1RE9uw5KMYU/hqdefault.jpg,https://www.youtube.com/watch?v=1RE9uw5KMYU
2A3KRqBmaaY,My One Time,306390,5879,176,PT15M17S,2019-10-08T00:00:01Z,False,https://i.ytimg.com/vi/2A3KRqBmaaY/hqdefault.jpg,https://www.youtube.com/watch?v=2A3KRqBmaaY
5p1tbbwKhi4,I Use a Masterball on the WRONG Pokémon,346354,6028,148,PT15M30S,2019-10-07T00:00:00Z,False,https://i.ytimg.com/vi/5p1tbbwKhi4/hqdefault.jpg,https://www.youtube.com/watch?v=5p1tbbwKhi4
bps_k5L07wU,LUDWIG VS SIMPLEFLIPS,27181,948,98,PT7M17S,2019-10-05T23:03:53Z,False,https://i.ytimg.com/vi/bps_k5L07wU/hqdefault.jpg,https://www.youtube.com/watch?v=bps_k5L07wU
iI1yzv0wy-c,TWITCH CHAT PICKS THE MUSIC,404101,7465,245,PT20M59S,2019-10-04T00:00:04Z,False,https://i.ytimg.com/vi/iI1yzv0wy-c/hqdefault.jpg,https://www.youtube.com/watch?v=iI1yzv0wy-c
Xi514UfeKUU,knockoff clint stevens,275422,6144,127,PT12M44S,2019-10-02T00:00:03Z,False,https://i.ytimg.com/vi/Xi514UfeKUU/hqdefault.jpg,https://www.youtube.com/watch?v=Xi514UfeKUU
5xrnsdu7tNI,Stream WINS Who Wants to Be a Millionaire,228723,6131,138,PT18M39S,2019-10-01T00:00:01Z,False,https://i.ytimg.com/vi/5xrnsdu7tNI/hqdefault.jpg,https://www.youtube.com/watch?v=5xrnsdu7tNI
cfxlvgyn6DU,The Legend of Darth Mald,326315,6268,136,PT19M25S,2019-09-30T00:00:02Z,False,https://i.ytimg.com/vi/cfxlvgyn6DU/hqdefault.jpg,https://www.youtube.com/watch?v=cfxlvgyn6DU
szI0-OHVbOQ,My Worst Enemy,335330,6059,191,PT15M16S,2019-09-28T00:30:47Z,False,https://i.ytimg.com/vi/szI0-OHVbOQ/hqdefault.jpg,https://www.youtube.com/watch?v=szI0-OHVbOQ
CZcgPJtBVxs,Ludwig Reviews Twitch Chats Tinder Accounts,1716512,43223,866,PT23M5S,2019-09-27T00:15:09Z,False,https://i.ytimg.com/vi/CZcgPJtBVxs/hqdefault.jpg,https://www.youtube.com/watch?v=CZcgPJtBVxs
fgZ6cEge0Lg,I BAN My Best Friend,344268,5812,108,PT16M27S,2019-09-26T00:00:02Z,False,https://i.ytimg.com/vi/fgZ6cEge0Lg/hqdefault.jpg,https://www.youtube.com/watch?v=fgZ6cEge0Lg
wCPl4Mskp9A,Ludwig Reacts to the Roast of Bobby Scar,101289,3124,120,PT33M21S,2019-09-25T00:00:08Z,False,https://i.ytimg.com/vi/wCPl4Mskp9A/hqdefault.jpg,https://www.youtube.com/watch?v=wCPl4Mskp9A
vGZyQrNfarE,LUDWIG VS CHILLIN,192720,5255,239,PT19M8S,2019-09-24T00:00:05Z,False,https://i.ytimg.com/vi/vGZyQrNfarE/hqdefault.jpg,https://www.youtube.com/watch?v=vGZyQrNfarE
Ryms6oaEt-U,$300 MONEY MATCH LUDWIG VS BLUR,199082,4396,185,PT24M35S,2019-09-21T00:00:00Z,False,https://i.ytimg.com/vi/Ryms6oaEt-U/hqdefault.jpg,https://www.youtube.com/watch?v=Ryms6oaEt-U
GV3LQ6AgIEg,Stream Makes Me Release my BEST Pokémon,370517,5848,145,PT15M15S,2019-09-20T01:00:01Z,False,https://i.ytimg.com/vi/GV3LQ6AgIEg/hqdefault.jpg,https://www.youtube.com/watch?v=GV3LQ6AgIEg
iLB0VeS7SMw,Ludwig and Slime Commentary Highlights,158714,4074,106,PT25M45S,2019-09-19T01:00:05Z,False,https://i.ytimg.com/vi/iLB0VeS7SMw/hqdefault.jpg,https://www.youtube.com/watch?v=iLB0VeS7SMw
jfULilWfryE,BIG ANNOUNCEMENT,363320,6003,103,PT20M,2019-09-18T01:21:07Z,False,https://i.ytimg.com/vi/jfULilWfryE/hqdefault.jpg,https://www.youtube.com/watch?v=jfULilWfryE
XkPuFYA7dCw,Ludwig Reacts to the Roast of Hugs86,202041,5071,120,PT18M,2019-09-17T00:00:03Z,False,https://i.ytimg.com/vi/XkPuFYA7dCw/hqdefault.jpg,https://www.youtube.com/watch?v=XkPuFYA7dCw
eAyThIPwHTo,Pokémon but all the items are randomized,466062,7831,110,PT18M11S,2019-09-15T22:00:04Z,False,https://i.ytimg.com/vi/eAyThIPwHTo/hqdefault.jpg,https://www.youtube.com/watch?v=eAyThIPwHTo
ZBgv29jnLf0,Ludwig Reacts to his Reddit #2,150559,3486,84,PT9M1S,2019-09-15T01:32:03Z,False,https://i.ytimg.com/vi/ZBgv29jnLf0/hqdefault.jpg,https://www.youtube.com/watch?v=ZBgv29jnLf0
b0SPj9MBtcQ,"Twitch Jeopardy ft. CallMeCarson, Jschlatt, ConnorEatsPants, Slimecicle",1321771,46067,1035,PT34M22S,2019-09-12T23:00:05Z,False,https://i.ytimg.com/vi/b0SPj9MBtcQ/hqdefault.jpg,https://www.youtube.com/watch?v=b0SPj9MBtcQ
NkIyYWhRv44,The Legend of LudWIN,218076,4634,164,PT18M22S,2019-09-11T22:00:03Z,False,https://i.ytimg.com/vi/NkIyYWhRv44/hqdefault.jpg,https://www.youtube.com/watch?v=NkIyYWhRv44
zHQfXfK_Q6Y,LUDWIG VS MANG0 Madden 05,166173,3242,109,PT20M49S,2019-09-10T20:57:23Z,False,https://i.ytimg.com/vi/zHQfXfK_Q6Y/hqdefault.jpg,https://www.youtube.com/watch?v=zHQfXfK_Q6Y
KP6oY2_rm-I,STREAM GAVE ME THE WORST STARTER,895958,13843,349,PT21M53S,2019-09-09T22:00:00Z,False,https://i.ytimg.com/vi/KP6oY2_rm-I/hqdefault.jpg,https://www.youtube.com/watch?v=KP6oY2_rm-I
42SU_AZFRwE,LUDWIG VS TWITCH CHAT,275094,5751,90,PT28M58S,2019-09-08T22:30:01Z,False,https://i.ytimg.com/vi/42SU_AZFRwE/hqdefault.jpg,https://www.youtube.com/watch?v=42SU_AZFRwE
nYna-WUpBNw,BEST WAY TO PLAY MINECRAFT,60331,1602,51,PT13M32S,2019-09-06T22:58:37Z,False,https://i.ytimg.com/vi/nYna-WUpBNw/hqdefault.jpg,https://www.youtube.com/watch?v=nYna-WUpBNw
7_RVFgQ12sU,Ludwig Reacts to Meeting QTCinderella,2077678,38243,1026,PT28M49S,2019-09-06T00:27:16Z,False,https://i.ytimg.com/vi/7_RVFgQ12sU/hqdefault.jpg,https://www.youtube.com/watch?v=7_RVFgQ12sU
1qTu_1eFxig,TWITCH CHAT DECIDES THE MUSIC,710665,21284,683,PT22M25S,2019-09-05T01:00:00Z,False,https://i.ytimg.com/vi/1qTu_1eFxig/hqdefault.jpg,https://www.youtube.com/watch?v=1qTu_1eFxig
pAkjkG-E4dE,HIGH STAKES MONEY MATCH LUDWIG VS MANG0,316462,5693,100,PT30M52S,2019-09-02T23:30:15Z,False,https://i.ytimg.com/vi/pAkjkG-E4dE/hqdefault.jpg,https://www.youtube.com/watch?v=pAkjkG-E4dE
dFK-ENNPc60,Twitch Plays Poker (Real Money),285264,4869,113,PT21M34S,2019-09-01T21:00:06Z,False,https://i.ytimg.com/vi/dFK-ENNPc60/hqdefault.jpg,https://www.youtube.com/watch?v=dFK-ENNPc60
dES4DL3cLzE,Top 15 Salty Ludwig Moments,206939,5512,114,PT7M26S,2019-08-30T22:19:57Z,False,https://i.ytimg.com/vi/dES4DL3cLzE/hqdefault.jpg,https://www.youtube.com/watch?v=dES4DL3cLzE
fwkRnG5GWXE,THE WORST GAMBLE IN SMASH HISTORY,33446,870,30,PT14M17S,2019-08-29T21:38:04Z,False,https://i.ytimg.com/vi/fwkRnG5GWXE/hqdefault.jpg,https://www.youtube.com/watch?v=fwkRnG5GWXE
yDVkjMq9m1Y,PB OR I LOSE $500,243692,5590,93,PT22M23S,2019-08-28T22:22:40Z,False,https://i.ytimg.com/vi/yDVkjMq9m1Y/hqdefault.jpg,https://www.youtube.com/watch?v=yDVkjMq9m1Y
Jee0nGX1Zms,NEW WAY TO PLAY MELEE,32541,842,56,PT17M55S,2019-08-26T21:12:04Z,False,https://i.ytimg.com/vi/Jee0nGX1Zms/hqdefault.jpg,https://www.youtube.com/watch?v=Jee0nGX1Zms
juE7VtkDssM,LUDWIG VS THE ENDER DRAGON,212228,5623,228,PT21M53S,2019-08-25T19:30:01Z,False,https://i.ytimg.com/vi/juE7VtkDssM/hqdefault.jpg,https://www.youtube.com/watch?v=juE7VtkDssM
KS8DF_nRrs0,$100 MONEY MATCH LUDWIG VS MANG0,246961,4614,96,PT30M17S,2019-08-23T19:10:43Z,False,https://i.ytimg.com/vi/KS8DF_nRrs0/hqdefault.jpg,https://www.youtube.com/watch?v=KS8DF_nRrs0
JoXe_2ffVd4,Stream Decides What I Do,149964,2795,58,PT20M10S,2019-08-22T20:29:48Z,False,https://i.ytimg.com/vi/JoXe_2ffVd4/hqdefault.jpg,https://www.youtube.com/watch?v=JoXe_2ffVd4
IPS3Ln68yak,Ludwig Plays Scary Game (WELCOME TO THE GAME 2),55501,2133,68,PT20M58S,2019-08-21T20:38:03Z,False,https://i.ytimg.com/vi/IPS3Ln68yak/hqdefault.jpg,https://www.youtube.com/watch?v=IPS3Ln68yak
WRbx_jXu3t8,STREAM DECIDES THE MUSIC #2,207713,4672,105,PT14M16S,2019-08-20T20:15:03Z,False,https://i.ytimg.com/vi/WRbx_jXu3t8/hqdefault.jpg,https://www.youtube.com/watch?v=WRbx_jXu3t8
hKEy-58Np_E,PAYING CELEBRITIES $300 TO SAY TWITCH EMOTES,266811,10775,214,PT11M7S,2019-08-19T20:59:11Z,False,https://i.ytimg.com/vi/hKEy-58Np_E/hqdefault.jpg,https://www.youtube.com/watch?v=hKEy-58Np_E
YT7EMT1Uy7k,Ludwig Reacts to Twitch Chats Tinder Accounts with QTCinderella,824787,18452,252,PT19M52S,2019-08-16T19:15:01Z,False,https://i.ytimg.com/vi/YT7EMT1Uy7k/hqdefault.jpg,https://www.youtube.com/watch?v=YT7EMT1Uy7k
2MRGfod-U3Q,Top 13 Most Viewed Ludwig Clips (July),100169,2342,36,PT6M15S,2019-08-15T19:00:00Z,False,https://i.ytimg.com/vi/2MRGfod-U3Q/hqdefault.jpg,https://www.youtube.com/watch?v=2MRGfod-U3Q
ii6eHLRRVJ4,CLUTCH GOD,80027,1987,70,PT12M14S,2019-08-13T23:00:06Z,False,https://i.ytimg.com/vi/ii6eHLRRVJ4/hqdefault.jpg,https://www.youtube.com/watch?v=ii6eHLRRVJ4
0420vclqfa0,CHECKING TWITCH CHAT LOGS,169429,3421,47,PT7M2S,2019-08-12T20:00:02Z,False,https://i.ytimg.com/vi/0420vclqfa0/hqdefault.jpg,https://www.youtube.com/watch?v=0420vclqfa0
y_ukRmJf_tw,a nether hardcore minecraft survival run,73955,1989,69,PT16M45S,2019-08-11T20:22:17Z,False,https://i.ytimg.com/vi/y_ukRmJf_tw/hqdefault.jpg,https://www.youtube.com/watch?v=y_ukRmJf_tw
5dZCMOeQjEM,Ludwig Reacts to his Reddit,175742,4927,103,PT20M1S,2019-08-09T22:24:15Z,False,https://i.ytimg.com/vi/5dZCMOeQjEM/hqdefault.jpg,https://www.youtube.com/watch?v=5dZCMOeQjEM
y8bkHs7DPSY,hardcore minecraft is hard.,49238,1274,53,PT12M2S,2019-08-08T19:00:07Z,False,https://i.ytimg.com/vi/y8bkHs7DPSY/hqdefault.jpg,https://www.youtube.com/watch?v=y8bkHs7DPSY
_fjfr9u2dZ8,$150 Poker Hand vs mang0,141042,2143,70,PT24M50S,2019-08-06T21:00:05Z,False,https://i.ytimg.com/vi/_fjfr9u2dZ8/hqdefault.jpg,https://www.youtube.com/watch?v=_fjfr9u2dZ8
a_KjuBf42no,All Dogs Go to Heaven (Hardcore Minecraft),77262,1968,85,PT18M25S,2019-08-05T19:00:00Z,False,https://i.ytimg.com/vi/a_KjuBf42no/hqdefault.jpg,https://www.youtube.com/watch?v=a_KjuBf42no
Xdvn1p4j7lc,Ludwig Reacts to Chats Twitch Streams,382992,10458,202,PT19M21S,2019-08-04T19:00:02Z,False,https://i.ytimg.com/vi/Xdvn1p4j7lc/hqdefault.jpg,https://www.youtube.com/watch?v=Xdvn1p4j7lc
ytpnkJzvsho,THE END OF THE BLACK AND WHITE LUDLOCKE,283657,5443,124,PT29M45S,2019-08-03T19:00:06Z,False,https://i.ytimg.com/vi/ytpnkJzvsho/hqdefault.jpg,https://www.youtube.com/watch?v=ytpnkJzvsho
nW8SIOQilFg,"Twitch Jeopardy ft. Trihex, Alpharad, Jschlatt, Connoreatspants",496271,17944,687,PT30M,2019-07-30T21:00:04Z,False,https://i.ytimg.com/vi/nW8SIOQilFg/hqdefault.jpg,https://www.youtube.com/watch?v=nW8SIOQilFg
ZBmbBZOBhpY,Ludcraft,112122,3123,115,PT12M3S,2019-07-29T22:00:04Z,False,https://i.ytimg.com/vi/ZBmbBZOBhpY/hqdefault.jpg,https://www.youtube.com/watch?v=ZBmbBZOBhpY
GXAe5GXQKqY,The WORST Pokémon Rival,134035,2105,86,PT19M2S,2019-07-29T16:00:02Z,False,https://i.ytimg.com/vi/GXAe5GXQKqY/hqdefault.jpg,https://www.youtube.com/watch?v=GXAe5GXQKqY
pSAOUi-Pgdc,STREAM CONTROLS WHAT MUSIC I LISTEN TO,82400,1722,56,PT12M10S,2019-07-28T19:00:02Z,False,https://i.ytimg.com/vi/pSAOUi-Pgdc/hqdefault.jpg,https://www.youtube.com/watch?v=pSAOUi-Pgdc
BSQL25LDT70,Donating $250 to Broke Smashers (Poker),98818,1931,73,PT20M44S,2019-07-27T19:00:00Z,False,https://i.ytimg.com/vi/BSQL25LDT70/hqdefault.jpg,https://www.youtube.com/watch?v=BSQL25LDT70
zcIxD5fC80w,LUDWIG RAGES AT STREAM,109288,2460,52,PT12M3S,2019-07-26T19:00:14Z,False,https://i.ytimg.com/vi/zcIxD5fC80w/hqdefault.jpg,https://www.youtube.com/watch?v=zcIxD5fC80w
UafPsa_hlyQ,Ludwig Reads His Wiki Page,117686,3318,53,PT4M44S,2019-07-24T23:30:01Z,False,https://i.ytimg.com/vi/UafPsa_hlyQ/hqdefault.jpg,https://www.youtube.com/watch?v=UafPsa_hlyQ
nGkiJZIZjJI,"Lets Play Pokemon Black/White (No Potion, Randomizer, Nuzlocke)",132282,2297,57,PT13M39S,2019-07-23T20:02:29Z,False,https://i.ytimg.com/vi/nGkiJZIZjJI/hqdefault.jpg,https://www.youtube.com/watch?v=nGkiJZIZjJI
JO72lf-cS0Y,The End of the Pokemon Black/White Ludlocke,458071,6346,223,PT39M56S,2019-07-22T19:00:00Z,False,https://i.ytimg.com/vi/JO72lf-cS0Y/hqdefault.jpg,https://www.youtube.com/watch?v=JO72lf-cS0Y
l_YWf4qGvD8,HIGH STAKES POKEMON BATTLE LUDWIG VS QTCINDERELLA,370342,6436,175,PT23M39S,2019-07-20T00:11:33Z,False,https://i.ytimg.com/vi/l_YWf4qGvD8/hqdefault.jpg,https://www.youtube.com/watch?v=l_YWf4qGvD8
wovLLuZGS3Q,The Legend of Foldwig,149658,2577,65,PT21M57S,2019-07-19T00:00:04Z,False,https://i.ytimg.com/vi/wovLLuZGS3Q/hqdefault.jpg,https://www.youtube.com/watch?v=wovLLuZGS3Q
FSDMJ8j-v1c,Can You Beat Pokemon Black/White Without Being Good?,185789,2757,97,PT19M54S,2019-07-17T22:00:05Z,False,https://i.ytimg.com/vi/FSDMJ8j-v1c/hqdefault.jpg,https://www.youtube.com/watch?v=FSDMJ8j-v1c
DyJXqXZUEXE,Unboxing What Stream Bought (Height Reveal),215437,5833,181,PT13M13S,2019-07-16T21:00:01Z,False,https://i.ytimg.com/vi/DyJXqXZUEXE/hqdefault.jpg,https://www.youtube.com/watch?v=DyJXqXZUEXE
syBWEs1xbso,STREAM SPENDS $300 ON AMAZON,179772,4523,110,PT14M37S,2019-07-12T23:05:06Z,False,https://i.ytimg.com/vi/syBWEs1xbso/hqdefault.jpg,https://www.youtube.com/watch?v=syBWEs1xbso
Yb_bXPhyDpE,the ludlocke needs a hero,174315,2834,99,PT13M10S,2019-07-11T23:30:02Z,False,https://i.ytimg.com/vi/Yb_bXPhyDpE/hqdefault.jpg,https://www.youtube.com/watch?v=Yb_bXPhyDpE
NAB_gCTwHz8,mang0 takes all my money,117237,1794,73,PT21M2S,2019-07-10T22:58:38Z,False,https://i.ytimg.com/vi/NAB_gCTwHz8/hqdefault.jpg,https://www.youtube.com/watch?v=NAB_gCTwHz8
EIEIv9P7y78,Ludwig Reacts to his First YouTube Video,118568,4451,180,PT10M25S,2019-07-08T19:00:01Z,False,https://i.ytimg.com/vi/EIEIv9P7y78/hqdefault.jpg,https://www.youtube.com/watch?v=EIEIv9P7y78
Cu-ul7OXFxU,Top 13 Most Viewed Ludwig Clips (June),37579,1256,47,PT6M11S,2019-07-06T19:00:01Z,False,https://i.ytimg.com/vi/Cu-ul7OXFxU/hqdefault.jpg,https://www.youtube.com/watch?v=Cu-ul7OXFxU
YZpZVdrXDaw,The Story of Ludwig,345541,12043,194,PT17M46S,2019-07-04T21:00:04Z,False,https://i.ytimg.com/vi/YZpZVdrXDaw/hqdefault.jpg,https://www.youtube.com/watch?v=YZpZVdrXDaw
aCTwUlWH-tw,LUDWIG LOSES $500 IN POKER,121114,1864,67,PT23M48S,2019-07-03T19:00:00Z,False,https://i.ytimg.com/vi/aCTwUlWH-tw/hqdefault.jpg,https://www.youtube.com/watch?v=aCTwUlWH-tw
Zt6e1bqZ3V4,SCUFFED KARAOKE ft. QTCINDERELLA,432428,14626,482,PT18M12S,2019-07-02T20:00:01Z,False,https://i.ytimg.com/vi/Zt6e1bqZ3V4/hqdefault.jpg,https://www.youtube.com/watch?v=Zt6e1bqZ3V4
HlnIKKo9nRY,FASTEST BUTTON MASHER IN THE WORLD (31.25 CPS),936865,26655,2056,PT4M58S,2019-06-29T22:30:00Z,False,https://i.ytimg.com/vi/HlnIKKo9nRY/hqdefault.jpg,https://www.youtube.com/watch?v=HlnIKKo9nRY
otGQgdf5Jh0,LUDLOCKE,667386,11737,291,PT28M40S,2019-06-27T23:32:01Z,False,https://i.ytimg.com/vi/otGQgdf5Jh0/hqdefault.jpg,https://www.youtube.com/watch?v=otGQgdf5Jh0
vm0_q3wJoPg,"$1650 POKER GAME ft. mang0, chillin, leffen",328902,4924,167,PT24M7S,2019-06-26T21:41:32Z,False,https://i.ytimg.com/vi/vm0_q3wJoPg/hqdefault.jpg,https://www.youtube.com/watch?v=vm0_q3wJoPg
zpEQpAaUVWc,Ludwig Spends $475 on a Japanese Crane Game (Toreba),311854,8229,174,PT10M15S,2019-06-25T23:13:55Z,False,https://i.ytimg.com/vi/zpEQpAaUVWc/hqdefault.jpg,https://www.youtube.com/watch?v=zpEQpAaUVWc
VQS1Wmzy4XI,LUDWIG VS STREAM,61454,1274,40,PT14M37S,2019-06-24T19:00:00Z,False,https://i.ytimg.com/vi/VQS1Wmzy4XI/hqdefault.jpg,https://www.youtube.com/watch?v=VQS1Wmzy4XI
1hlANWERVLI,The Ninja of Mario Battle Royale,358070,8250,220,PT18M41S,2019-06-22T19:00:00Z,False,https://i.ytimg.com/vi/1hlANWERVLI/hqdefault.jpg,https://www.youtube.com/watch?v=1hlANWERVLI
QauI9Fa3h54,Ludwig Reacts to Twitch Chats Tinder Accounts,433023,10830,195,PT11M14S,2019-06-20T19:00:00Z,False,https://i.ytimg.com/vi/QauI9Fa3h54/hqdefault.jpg,https://www.youtube.com/watch?v=QauI9Fa3h54
RSKjNrk2tgw,Ludwig Beats Jump King (DLC) (which is very hard),279674,7590,179,PT21M35S,2019-06-19T22:23:20Z,False,https://i.ytimg.com/vi/RSKjNrk2tgw/hqdefault.jpg,https://www.youtube.com/watch?v=RSKjNrk2tgw
byxFIUD9Cu0,Playing until I beat the game or raise $1000 for charity,160568,4044,87,PT22M54S,2019-06-18T21:43:00Z,False,https://i.ytimg.com/vi/byxFIUD9Cu0/hqdefault.jpg,https://www.youtube.com/watch?v=byxFIUD9Cu0
mDHZq2BALwM,$100 MONEY MATCH LUDWIG VS ZAIN,142236,3881,120,PT6M33S,2019-06-14T21:08:59Z,False,https://i.ytimg.com/vi/mDHZq2BALwM/hqdefault.jpg,https://www.youtube.com/watch?v=mDHZq2BALwM
Zmrr15mho-s,Ludwig Goes on a Date with QTCinderella,1906784,45164,1089,PT28M17S,2019-06-13T19:15:00Z,False,https://i.ytimg.com/vi/Zmrr15mho-s/hqdefault.jpg,https://www.youtube.com/watch?v=Zmrr15mho-s
mQvE-wwYPXg,four stocked by simpleflips???,15213,377,38,PT22M44S,2019-06-11T19:00:09Z,False,https://i.ytimg.com/vi/mQvE-wwYPXg/hqdefault.jpg,https://www.youtube.com/watch?v=mQvE-wwYPXg
YEWXpBinPxE,THEY WON BY 1 POINT ft. Cheese and Simpleflips,50706,1319,56,PT20M19S,2019-06-06T23:06:59Z,False,https://i.ytimg.com/vi/YEWXpBinPxE/hqdefault.jpg,https://www.youtube.com/watch?v=YEWXpBinPxE
aSd5O2-z9bM,the rudest smasher I've ever met,129107,4593,194,PT8M20S,2019-06-05T19:00:00Z,False,https://i.ytimg.com/vi/aSd5O2-z9bM/hqdefault.jpg,https://www.youtube.com/watch?v=aSd5O2-z9bM
Sn-tuHajYv8,Melee with Simpleflips,29688,894,63,PT16M20S,2019-06-04T21:13:55Z,False,https://i.ytimg.com/vi/Sn-tuHajYv8/hqdefault.jpg,https://www.youtube.com/watch?v=Sn-tuHajYv8
soTbsPEzdG0,how to make a bad game playable,233255,5068,72,PT12M17S,2019-06-01T19:00:05Z,False,https://i.ytimg.com/vi/soTbsPEzdG0/hqdefault.jpg,https://www.youtube.com/watch?v=soTbsPEzdG0
6CSzLhiFnUQ,Stream Plays Who Wants to Be a Millionaire for $100,291363,6397,147,PT15M4S,2019-05-31T19:00:02Z,False,https://i.ytimg.com/vi/6CSzLhiFnUQ/hqdefault.jpg,https://www.youtube.com/watch?v=6CSzLhiFnUQ
fDa28YzF3nA,The Three-peat?,90407,2559,72,PT19M17S,2019-05-30T22:58:59Z,False,https://i.ytimg.com/vi/fDa28YzF3nA/hqdefault.jpg,https://www.youtube.com/watch?v=fDa28YzF3nA
qOaI4j9BcA0,how i became top ten in the world,294423,5448,82,PT11M9S,2019-05-30T00:21:57Z,False,https://i.ytimg.com/vi/qOaI4j9BcA0/hqdefault.jpg,https://www.youtube.com/watch?v=qOaI4j9BcA0
jK8T0JvV1CI,BLIND SUPER MARIO 64 RACE,141917,3049,63,PT16M11S,2019-05-24T20:41:17Z,False,https://i.ytimg.com/vi/jK8T0JvV1CI/hqdefault.jpg,https://www.youtube.com/watch?v=jK8T0JvV1CI
Xsh-jCvdxHo,Twitch Jeopardy,158085,4973,167,PT16M54S,2019-05-23T19:00:03Z,False,https://i.ytimg.com/vi/Xsh-jCvdxHo/hqdefault.jpg,https://www.youtube.com/watch?v=Xsh-jCvdxHo
GYL31_MLyUo,STREAM DECIDES THE MUSIC,179865,4909,128,PT12M10S,2019-05-22T19:30:00Z,False,https://i.ytimg.com/vi/GYL31_MLyUo/hqdefault.jpg,https://www.youtube.com/watch?v=GYL31_MLyUo
O43zVGzMv_A,Worlds Hardest Gaming Challenge,162890,4214,77,PT11M42S,2019-05-19T21:30:00Z,False,https://i.ytimg.com/vi/O43zVGzMv_A/hqdefault.jpg,https://www.youtube.com/watch?v=O43zVGzMv_A
t4ykXwD4VgU,STREAM DECIDES WHAT I BUY,182432,5052,84,PT14M55S,2019-05-17T18:30:02Z,False,https://i.ytimg.com/vi/t4ykXwD4VgU/hqdefault.jpg,https://www.youtube.com/watch?v=t4ykXwD4VgU
3-Q_U7xcjs0,"1 Streamer vs 357,000 Scovilles",115125,4364,200,PT8M3S,2019-05-16T19:00:00Z,False,https://i.ytimg.com/vi/3-Q_U7xcjs0/hqdefault.jpg,https://www.youtube.com/watch?v=3-Q_U7xcjs0
1qK1f2LdR80,Jumping Over It with Ludwig,393475,9867,139,PT18M18S,2019-05-13T17:00:00Z,False,https://i.ytimg.com/vi/1qK1f2LdR80/hqdefault.jpg,https://www.youtube.com/watch?v=1qK1f2LdR80
i82t4hO-QcY,Ludwig Plays Akinator,339313,8552,140,PT9M48S,2019-05-09T23:53:49Z,False,https://i.ytimg.com/vi/i82t4hO-QcY/hqdefault.jpg,https://www.youtube.com/watch?v=i82t4hO-QcY
khgklsOrxdI,TWITCH'S GOT TALENT,314241,10832,255,PT20M17S,2019-05-08T02:57:58Z,False,https://i.ytimg.com/vi/khgklsOrxdI/hqdefault.jpg,https://www.youtube.com/watch?v=khgklsOrxdI
mNVNICmLUqU,Top 10 Most Viewed Ludwig Clips,422080,11158,212,PT7M41S,2019-05-04T23:35:00Z,False,https://i.ytimg.com/vi/mNVNICmLUqU/hqdefault.jpg,https://www.youtube.com/watch?v=mNVNICmLUqU
JzqUr4VPsCQ,First Person to Count to 10 Wins,339953,8721,350,PT9M28S,2019-05-02T22:25:37Z,False,https://i.ytimg.com/vi/JzqUr4VPsCQ/hqdefault.jpg,https://www.youtube.com/watch?v=JzqUr4VPsCQ
xE0T0RM0KPk,How I beat the hardest game ever made (Pogostuck),1986736,45832,1240,PT25M30S,2019-04-28T22:47:30Z,False,https://i.ytimg.com/vi/xE0T0RM0KPk/hqdefault.jpg,https://www.youtube.com/watch?v=xE0T0RM0KPk
8fc1cLijKHM,$200 UNO MATCH,193385,5042,77,PT9M30S,2019-04-27T22:25:04Z,False,https://i.ytimg.com/vi/8fc1cLijKHM/hqdefault.jpg,https://www.youtube.com/watch?v=8fc1cLijKHM
q5nShBwTiks,The Deal,136365,3147,92,PT19M25S,2019-04-26T01:31:50Z,False,https://i.ytimg.com/vi/q5nShBwTiks/hqdefault.jpg,https://www.youtube.com/watch?v=q5nShBwTiks
cZfbENHuXgI,HIGH STAKES UNO WITH SLIME,82408,2299,43,PT7M10S,2019-04-22T17:10:05Z,False,https://i.ytimg.com/vi/cZfbENHuXgI/hqdefault.jpg,https://www.youtube.com/watch?v=cZfbENHuXgI
n3c92a21hhU,Dyeing My Hair a RANDOM Color,255241,6048,158,PT10M56S,2019-04-21T21:18:50Z,False,https://i.ytimg.com/vi/n3c92a21hhU/hqdefault.jpg,https://www.youtube.com/watch?v=n3c92a21hhU
_vs0Y0mb2cc,Ludwig and Slime flip a coin for $100,27819,1064,50,PT4M16S,2019-04-20T19:00:02Z,False,https://i.ytimg.com/vi/_vs0Y0mb2cc/hqdefault.jpg,https://www.youtube.com/watch?v=_vs0Y0mb2cc
pgEdIZj92XY,How I Beat Vegas,36544,1351,60,PT3M46S,2019-04-19T19:00:04Z,False,https://i.ytimg.com/vi/pgEdIZj92XY/hqdefault.jpg,https://www.youtube.com/watch?v=pgEdIZj92XY
lbuO-H7ZUB0,LUDWIG TRIES NOT TO LAUGH,546772,12756,355,PT16M31S,2019-04-18T22:46:19Z,False,https://i.ytimg.com/vi/lbuO-H7ZUB0/hqdefault.jpg,https://www.youtube.com/watch?v=lbuO-H7ZUB0
2b3GhsqH1R4,Stream Goes Shopping for $200!,120076,3068,159,PT15M28S,2019-04-16T21:35:44Z,False,https://i.ytimg.com/vi/2b3GhsqH1R4/hqdefault.jpg,https://www.youtube.com/watch?v=2b3GhsqH1R4
bG2RZkhLf6o,Top 18 Best Tasting Sodas,466027,13738,1129,PT15M46S,2019-04-10T01:21:16Z,False,https://i.ytimg.com/vi/bG2RZkhLf6o/hqdefault.jpg,https://www.youtube.com/watch?v=bG2RZkhLf6o
DMmFq8bLauI,STREAM DECIDES WHAT CLOTHES I BUY,119481,3786,113,PT19M21S,2019-04-04T01:37:10Z,False,https://i.ytimg.com/vi/DMmFq8bLauI/hqdefault.jpg,https://www.youtube.com/watch?v=DMmFq8bLauI
IynAWCY1jYE,snake,26872,1001,127,PT1M,2019-03-07T16:16:54Z,False,https://i.ytimg.com/vi/IynAWCY1jYE/hqdefault.jpg,https://www.youtube.com/watch?v=IynAWCY1jYE
wNK-bTu2Px4,smash ultimate combo video (very epic),28417,897,68,PT1M35S,2019-02-13T23:59:57Z,False,https://i.ytimg.com/vi/wNK-bTu2Px4/hqdefault.jpg,https://www.youtube.com/watch?v=wNK-bTu2Px4
cB7JcPSLqvY,SFAT vs Axe || LACS Grand Finals,7103,123,22,PT35M19S,2019-01-01T01:20:43Z,False,https://i.ytimg.com/vi/cB7JcPSLqvY/hqdefault.jpg,https://www.youtube.com/watch?v=cB7JcPSLqvY
yRbX1kgsIwQ,Hottest Super Smash Bros Ultimate Characters,50920,1394,122,PT27M35S,2018-12-07T18:04:38Z,False,https://i.ytimg.com/vi/yRbX1kgsIwQ/hqdefault.jpg,https://www.youtube.com/watch?v=yRbX1kgsIwQ
ovAGUKfeIcg,The Most Cursed Pokemon Minigame,50686,1428,106,PT13M44S,2018-11-20T21:46:33Z,False,https://i.ytimg.com/vi/ovAGUKfeIcg/hqdefault.jpg,https://www.youtube.com/watch?v=ovAGUKfeIcg
_dx_8YHVqfg,Ludwig vs The Elite Four,143487,1977,99,PT52M56S,2018-10-21T00:55:35Z,False,https://i.ytimg.com/vi/_dx_8YHVqfg/hqdefault.jpg,https://www.youtube.com/watch?v=_dx_8YHVqfg
3Q3Cs8WwZps,GAMERS REACT to 7 Reasons Why I watch Ludwig Ahgren,188014,5616,188,PT6M58S,2018-07-26T10:36:43Z,False,https://i.ytimg.com/vi/3Q3Cs8WwZps/hqdefault.jpg,https://www.youtube.com/watch?v=3Q3Cs8WwZps
A6MdAO4gwEM,SPEEDRUNNER GETS WORLD RECORD WHILE PEEING (SAVAGE!!),163368,3128,155,PT49M15S,2018-06-02T23:18:23Z,False,https://i.ytimg.com/vi/A6MdAO4gwEM/hqdefault.jpg,https://www.youtube.com/watch?v=A6MdAO4gwEM
JXftPma4cis,ELYSIUM COMMENTARY HIGHLIGHTS || Slime and Ludwig ft. Guntherz,37250,571,32,PT20M6S,2017-10-28T00:17:09Z,False,https://i.ytimg.com/vi/JXftPma4cis/hqdefault.jpg,https://www.youtube.com/watch?v=JXftPma4cis
aWauBvS6x6U,A Classy Reading of Smashboards Posts || Things I'd Rather do Then Brawl,7731,272,19,PT45S,2017-10-26T12:16:09Z,False,https://i.ytimg.com/vi/aWauBvS6x6U/hqdefault.jpg,https://www.youtube.com/watch?v=aWauBvS6x6U
_H0KKlEm5So,You Got a B0XX in Me || Hax $ Musical,40950,2148,216,PT2M5S,2017-10-13T18:07:50Z,False,https://i.ytimg.com/vi/_H0KKlEm5So/hqdefault.jpg,https://www.youtube.com/watch?v=_H0KKlEm5So
_U1TVRafFqs,Top 10 Hottest Smashers,114935,4084,677,PT7M50S,2017-10-10T16:20:59Z,False,https://i.ytimg.com/vi/_U1TVRafFqs/hqdefault.jpg,https://www.youtube.com/watch?v=_U1TVRafFqs
qTH-fjWka1g,"""I am NOT moving to North America."" -aMSa ||| Smash Highlights",22937,475,71,PT11M7S,2017-10-04T13:54:29Z,False,https://i.ytimg.com/vi/qTH-fjWka1g/hqdefault.jpg,https://www.youtube.com/watch?v=qTH-fjWka1g
03RAtEBstTk,How to make a smash highlights video,21340,710,89,PT3M2S,2017-10-04T13:03:39Z,False,https://i.ytimg.com/vi/03RAtEBstTk/hqdefault.jpg,https://www.youtube.com/watch?v=03RAtEBstTk
b--39Z1OT2Y,Top 10 Set Winning Combos in Smash,142708,2179,195,PT6M34S,2017-10-03T02:32:26Z,False,https://i.ytimg.com/vi/b--39Z1OT2Y/hqdefault.jpg,https://www.youtube.com/watch?v=b--39Z1OT2Y
PiHqc3CEkk0,Slime and Ludwig Commentate Smash the Record,241689,6013,178,PT25M8S,2017-09-20T21:54:56Z,False,https://i.ytimg.com/vi/PiHqc3CEkk0/hqdefault.jpg,https://www.youtube.com/watch?v=PiHqc3CEkk0
jGDEYsA6yoU,I miss the old MaNg0,1398945,45516,1718,PT1M2S,2017-04-10T21:42:58Z,False,https://i.ytimg.com/vi/jGDEYsA6yoU/hqdefault.jpg,https://www.youtube.com/watch?v=jGDEYsA6yoU
4ErAV04bCY4,Who the fuck is Prince Abu?,43146,540,57,PT2S,2016-12-28T06:28:20Z,False,https://i.ytimg.com/vi/4ErAV04bCY4/hqdefault.jpg,https://www.youtube.com/watch?v=4ErAV04bCY4
qlyDG100xyg,How to prove you won a side bet,27655,1143,61,PT3M53S,2016-11-24T00:47:59Z,False,https://i.ytimg.com/vi/qlyDG100xyg/hqdefault.jpg,https://www.youtube.com/watch?v=qlyDG100xyg
KiIbXUAM5ro,Press 1 for Hungrybox,30234,513,108,PT8M50S,2016-11-07T15:38:16Z,False,https://i.ytimg.com/vi/KiIbXUAM5ro/hqdefault.jpg,https://www.youtube.com/watch?v=KiIbXUAM5ro
m30vGXpdr3s,Smash is Anime: The Power of Friendship,35334,927,49,PT3M24S,2016-11-04T18:33:40Z,False,https://i.ytimg.com/vi/m30vGXpdr3s/hqdefault.jpg,https://www.youtube.com/watch?v=m30vGXpdr3s
X78cRluaykI,5 Minutes of Ice Climbers Losing,15307,486,72,PT4M45S,2016-10-17T15:10:43Z,False,https://i.ytimg.com/vi/X78cRluaykI/hqdefault.jpg,https://www.youtube.com/watch?v=X78cRluaykI
QydW1RGrJnk,Westballz DK doesn't care about you,53609,824,105,PT2M21S,2016-09-17T17:03:33Z,False,https://i.ytimg.com/vi/QydW1RGrJnk/hqdefault.jpg,https://www.youtube.com/watch?v=QydW1RGrJnk
Okr5faPJCc4,Tai (69) - TBH6 Compendium,6848,126,19,PT2M48S,2016-09-15T16:21:03Z,False,https://i.ytimg.com/vi/Okr5faPJCc4/hqdefault.jpg,https://www.youtube.com/watch?v=Okr5faPJCc4
6PvFnuA-j8Y,A Classy Readings of Tweets from EVO 2016,10080,393,44,PT2M28S,2016-07-21T15:04:55Z,False,https://i.ytimg.com/vi/6PvFnuA-j8Y/hqdefault.jpg,https://www.youtube.com/watch?v=6PvFnuA-j8Y
xLxPXk5hm6o,Arguably the Best Player on Earth Right Now,36616,740,95,PT58S,2016-06-19T17:48:11Z,False,https://i.ytimg.com/vi/xLxPXk5hm6o/hqdefault.jpg,https://www.youtube.com/watch?v=xLxPXk5hm6o
D-6mqkOoiJ0,Top 10 Shine Spikes in Smash,192861,1407,147,PT5M23S,2016-05-29T18:17:38Z,False,https://i.ytimg.com/vi/D-6mqkOoiJ0/hqdefault.jpg,https://www.youtube.com/watch?v=D-6mqkOoiJ0
PIDyYjSJMr4,Top 10 Taunt to Get Bodied Combos in Smash,434162,3120,220,PT6M36S,2016-05-27T16:14:35Z,False,https://i.ytimg.com/vi/PIDyYjSJMr4/hqdefault.jpg,https://www.youtube.com/watch?v=PIDyYjSJMr4
nLXNBgeex8E,"Hax is on the Comeback (Parody of ""I Can Go the Distance"") | Hax $ Musical",30899,787,77,PT3M43S,2016-05-23T17:00:02Z,False,https://i.ytimg.com/vi/nLXNBgeex8E/hqdefault.jpg,https://www.youtube.com/watch?v=nLXNBgeex8E
eXPMaen29VI,The Best Smash 4 Player in AZ,13561,322,50,PT2M20S,2016-05-11T18:18:18Z,False,https://i.ytimg.com/vi/eXPMaen29VI/hqdefault.jpg,https://www.youtube.com/watch?v=eXPMaen29VI
GpKUSHZBREM,Top 10 Salty Ice Climber Moments in Smash,4284814,50244,7621,PT9M18S,2016-04-11T23:57:40Z,False,https://i.ytimg.com/vi/GpKUSHZBREM/hqdefault.jpg,https://www.youtube.com/watch?v=GpKUSHZBREM
JdKv2lQmxMg,I am Hungrybox - Combo Video,49654,1056,148,PT3M49S,2016-04-07T17:44:52Z,False,https://i.ytimg.com/vi/JdKv2lQmxMg/hqdefault.jpg,https://www.youtube.com/watch?v=JdKv2lQmxMg
4-6CXCE5aeg,A Classy Reading of Tweets from Pound 2016,8766,300,35,PT2M37S,2016-04-05T18:20:20Z,False,https://i.ytimg.com/vi/4-6CXCE5aeg/hqdefault.jpg,https://www.youtube.com/watch?v=4-6CXCE5aeg
NVs6kqJ01YM,A Classy Reading of Tweets from Five Gods,12580,352,33,PT2M3S,2016-03-22T16:20:42Z,False,https://i.ytimg.com/vi/NVs6kqJ01YM/hqdefault.jpg,https://www.youtube.com/watch?v=NVs6kqJ01YM
vUT-hoJbZAw,A Classy Reading of Tweets from B.E.A.S.T. 6,9402,279,34,PT1M58S,2016-02-23T00:44:06Z,False,https://i.ytimg.com/vi/vUT-hoJbZAw/hqdefault.jpg,https://www.youtube.com/watch?v=vUT-hoJbZAw
cUq0FogaPK0,The Adventures of East Coast Scar,95999,1603,92,PT4M21S,2016-02-18T19:53:21Z,False,https://i.ytimg.com/vi/cUq0FogaPK0/hqdefault.jpg,https://www.youtube.com/watch?v=cUq0FogaPK0
fOGaAEYDzZU,The Champ - Armada Combo Video,88084,1362,124,PT4M59S,2016-01-23T05:19:57Z,False,https://i.ytimg.com/vi/fOGaAEYDzZU/hqdefault.jpg,https://www.youtube.com/watch?v=fOGaAEYDzZU
Wwo2KBvN29M,Top 5 Most Embarrassing Moments in Smash,1120398,11565,1174,PT6M25S,2015-12-30T00:04:22Z,False,https://i.ytimg.com/vi/Wwo2KBvN29M/hqdefault.jpg,https://www.youtube.com/watch?v=Wwo2KBvN29M
Q7H0G0bbM8Q,Mew2King Popoff with Crowd Reaction,15096,236,26,PT48S,2015-12-24T23:28:59Z,False,https://i.ytimg.com/vi/Q7H0G0bbM8Q/hqdefault.jpg,https://www.youtube.com/watch?v=Q7H0G0bbM8Q
4WhIxb2h-vU,Determination - The Story of M2K in 2015,193017,3358,426,PT5M16S,2015-12-23T19:18:04Z,False,https://i.ytimg.com/vi/4WhIxb2h-vU/hqdefault.jpg,https://www.youtube.com/watch?v=4WhIxb2h-vU
9wr1Nr50zWg,Hungrybox - Yeezus 2.0 ft. Scar (The People's Champ),65130,1249,47,PT1M,2015-12-20T15:02:53Z,False,https://i.ytimg.com/vi/9wr1Nr50zWg/hqdefault.jpg,https://www.youtube.com/watch?v=9wr1Nr50zWg
jEsqml1FkgI,Swing Swing Swing - PPMD Combo Video,79991,1079,117,PT3M38S,2015-12-14T15:55:18Z,False,https://i.ytimg.com/vi/jEsqml1FkgI/hqdefault.jpg,https://www.youtube.com/watch?v=jEsqml1FkgI
iT2WH6nM0Ow,Crowd Reacts to m2k beating Leffen at Paragon LA,5837,116,18,PT51S,2015-09-12T01:33:14Z,False,https://i.ytimg.com/vi/iT2WH6nM0Ow/hqdefault.jpg,https://www.youtube.com/watch?v=iT2WH6nM0Ow
rEblnS0frwI,Paragon LA Crowd Reaction to MaNg0 Winning,4771,138,91,PT1M11S,2015-09-12T01:31:13Z,False,https://i.ytimg.com/vi/rEblnS0frwI/hqdefault.jpg,https://www.youtube.com/watch?v=rEblnS0frwI
nD9WvECQW2Y,Paragon LA Crowd Clapping Dreamland Theme,47748,1234,71,PT28S,2015-09-12T01:27:44Z,False,https://i.ytimg.com/vi/nD9WvECQW2Y/hqdefault.jpg,https://www.youtube.com/watch?v=nD9WvECQW2Y
V9gIedISpug,Chudat having way too much fun wobbling,218623,6977,60,PT19S,2015-09-09T17:35:15Z,False,https://i.ytimg.com/vi/V9gIedISpug/hqdefault.jpg,https://www.youtube.com/watch?v=V9gIedISpug
lpdtvKS3ME4,Ledgend - A Hungrybox Combo Video,84623,1309,152,PT2M10S,2015-07-17T01:36:59Z,False,https://i.ytimg.com/vi/lpdtvKS3ME4/hqdefault.jpg,https://www.youtube.com/watch?v=lpdtvKS3ME4
os5JLQTtpA4,"Actually, I don't feel like the ledge matters too much",49006,662,62,PT31S,2015-07-08T03:18:43Z,False,https://i.ytimg.com/vi/os5JLQTtpA4/hqdefault.jpg,https://www.youtube.com/watch?v=os5JLQTtpA4
lRx_dHBZkgU,Hand speed of a top Super Smash Bros Melee Player,17630,223,52,PT28S,2015-04-23T07:45:24Z,False,https://i.ytimg.com/vi/lRx_dHBZkgU/hqdefault.jpg,https://www.youtube.com/watch?v=lRx_dHBZkgU
2jrj0TXf8vI,Axe Popoff vs Mang0 at Sandstorm,9115,176,26,PT47S,2015-04-20T20:07:12Z,False,https://i.ytimg.com/vi/2jrj0TXf8vI/hqdefault.jpg,https://www.youtube.com/watch?v=2jrj0TXf8vI
0iJUqhbZIig,Leffen punishes grab with forward smash,234149,5308,65,PT10S,2015-04-20T20:04:38Z,False,https://i.ytimg.com/vi/0iJUqhbZIig/hqdefault.jpg,https://www.youtube.com/watch?v=0iJUqhbZIig
FshP7VeGD2Q,Leffen doesn't hug randies,251602,7389,119,PT10S,2015-04-20T20:02:45Z,False,https://i.ytimg.com/vi/FshP7VeGD2Q/hqdefault.jpg,https://www.youtube.com/watch?v=FshP7VeGD2Q
YQCDseHzCw4,Hungrybox Popoff at Sandstorm,24802,465,53,PT59S,2015-04-20T19:50:15Z,False,https://i.ytimg.com/vi/YQCDseHzCw4/hqdefault.jpg,https://www.youtube.com/watch?v=YQCDseHzCw4
1gCjG2cdQic,MVG Sandstorm Grand Final Power Outage,110844,2043,394,PT41S,2015-04-20T18:51:51Z,False,https://i.ytimg.com/vi/1gCjG2cdQic/hqdefault.jpg,https://www.youtube.com/watch?v=1gCjG2cdQic
